job_index,algorithm,seed,device,total_timesteps,num_agents,model_path,meta_path,status,elapsed_sec
1,ppo_continuous,2026001,cuda:0,500000,4,outputs/tits_dynamic_graph_expanded/rl_baselines_strict_20260926/ppo_continuous/seed2026001/ppo_continuous.sb3.zip,outputs/tits_dynamic_graph_expanded/rl_baselines_strict_20260926/ppo_continuous/seed2026001/ppo_continuous.meta.json,trained,4133.34073138237
2,ppo_continuous,2026002,cuda:1,500000,4,outputs/tits_dynamic_graph_expanded/rl_baselines_strict_20260926/ppo_continuous/seed2026002/ppo_continuous.sb3.zip,outputs/tits_dynamic_graph_expanded/rl_baselines_strict_20260926/ppo_continuous/seed2026002/ppo_continuous.meta.json,trained,4166.924357175827
3,ppo_continuous,2026003,cuda:2,500000,4,outputs/tits_dynamic_graph_expanded/rl_baselines_strict_20260926/ppo_continuous/seed2026003/ppo_continuous.sb3.zip,outputs/tits_dynamic_graph_expanded/rl_baselines_strict_20260926/ppo_continuous/seed2026003/ppo_continuous.meta.json,trained,4089.5495126247406
4,ppo_continuous,2026004,cuda:3,500000,4,outputs/tits_dynamic_graph_expanded/rl_baselines_strict_20260926/ppo_continuous/seed2026004/ppo_continuous.sb3.zip,outputs/tits_dynamic_graph_expanded/rl_baselines_strict_20260926/ppo_continuous/seed2026004/ppo_continuous.meta.json,trained,3974.2850732803345
5,ppo_continuous,2026005,cuda:0,500000,4,outputs/tits_dynamic_graph_expanded/rl_baselines_strict_20260926/ppo_continuous/seed2026005/ppo_continuous.sb3.zip,outputs/tits_dynamic_graph_expanded/rl_baselines_strict_20260926/ppo_continuous/seed2026005/ppo_continuous.meta.json,trained,4148.4708087444305
6,sac_continuous,2026001,cuda:1,500000,4,outputs/tits_dynamic_graph_expanded/rl_baselines_strict_20260926/sac_continuous/seed2026001/sac_continuous.sb3.zip,outputs/tits_dynamic_graph_expanded/rl_baselines_strict_20260926/sac_continuous/seed2026001/sac_continuous.meta.json,trained,7618.056050539017
7,sac_continuous,2026002,cuda:2,500000,4,outputs/tits_dynamic_graph_expanded/rl_baselines_strict_20260926/sac_continuous/seed2026002/sac_continuous.sb3.zip,outputs/tits_dynamic_graph_expanded/rl_baselines_strict_20260926/sac_continuous/seed2026002/sac_continuous.meta.json,trained,7632.747948408127
8,sac_continuous,2026003,cuda:3,500000,4,outputs/tits_dynamic_graph_expanded/rl_baselines_strict_20260926/sac_continuous/seed2026003/sac_continuous.sb3.zip,outputs/tits_dynamic_graph_expanded/rl_baselines_strict_20260926/sac_continuous/seed2026003/sac_continuous.meta.json,trained,7477.817965269089
9,sac_continuous,2026004,cuda:0,500000,4,outputs/tits_dynamic_graph_expanded/rl_baselines_strict_20260926/sac_continuous/seed2026004/sac_continuous.sb3.zip,outputs/tits_dynamic_graph_expanded/rl_baselines_strict_20260926/sac_continuous/seed2026004/sac_continuous.meta.json,trained,7568.495609521866
10,sac_continuous,2026005,cuda:1,500000,4,outputs/tits_dynamic_graph_expanded/rl_baselines_strict_20260926/sac_continuous/seed2026005/sac_continuous.sb3.zip,outputs/tits_dynamic_graph_expanded/rl_baselines_strict_20260926/sac_continuous/seed2026005/sac_continuous.meta.json,trained,7622.448814153671
11,td3_continuous,2026001,cuda:2,500000,4,outputs/tits_dynamic_graph_expanded/rl_baselines_strict_20260926/td3_continuous/seed2026001/td3_continuous.sb3.zip,outputs/tits_dynamic_graph_expanded/rl_baselines_strict_20260926/td3_continuous/seed2026001/td3_continuous.meta.json,trained,5657.389594554901
12,td3_continuous,2026002,cuda:3,500000,4,outputs/tits_dynamic_graph_expanded/rl_baselines_strict_20260926/td3_continuous/seed2026002/td3_continuous.sb3.zip,outputs/tits_dynamic_graph_expanded/rl_baselines_strict_20260926/td3_continuous/seed2026002/td3_continuous.meta.json,trained,5525.130886554718
13,td3_continuous,2026003,cuda:0,500000,4,outputs/tits_dynamic_graph_expanded/rl_baselines_strict_20260926/td3_continuous/seed2026003/td3_continuous.sb3.zip,outputs/tits_dynamic_graph_expanded/rl_baselines_strict_20260926/td3_continuous/seed2026003/td3_continuous.meta.json,trained,5652.792386054993
14,td3_continuous,2026004,cuda:1,500000,4,outputs/tits_dynamic_graph_expanded/rl_baselines_strict_20260926/td3_continuous/seed2026004/td3_continuous.sb3.zip,outputs/tits_dynamic_graph_expanded/rl_baselines_strict_20260926/td3_continuous/seed2026004/td3_continuous.meta.json,trained,5727.476503372192
15,td3_continuous,2026005,cuda:2,500000,4,outputs/tits_dynamic_graph_expanded/rl_baselines_strict_20260926/td3_continuous/seed2026005/td3_continuous.sb3.zip,outputs/tits_dynamic_graph_expanded/rl_baselines_strict_20260926/td3_continuous/seed2026005/td3_continuous.meta.json,trained,5654.999658823013
