experiment_id,algorithm,n_cases,race_speed_mean_mean,race_speed_mean_n,race_speed_p10_mean,race_speed_p10_n,race_lat_mean_mean,race_lat_mean_n,race_lat_p90_mean,race_lat_p90_n,target_lat_mean_mean,target_lat_mean_n,target_lat_p90_mean,target_lat_p90_n,target_lat_max_mean,target_lat_max_n,target_grass_fraction_mean,target_grass_fraction_n,target_contact_steps_mean,target_contact_steps_n,episode_min_pair_gap_mean,episode_min_pair_gap_n,guard_fraction_episode_mean,guard_fraction_episode_n,best_lead_any_mean,best_lead_any_n,lead_margin_to_pass_gate_mean,lead_margin_to_pass_gate_n,neighbor_admitted_mean_mean,neighbor_admitted_mean_n,neighbor_churn_rate_mean,neighbor_churn_rate_n,neighbor_distinct_total_mean,neighbor_distinct_total_n,neighbor_residence_mean_mean,neighbor_residence_mean_n
M4_sparse,dlc_individual_transition,12,7.666660001501964,12,4.394787473851926,12,1.5960404946337026,12,2.45700175575912,12,1.5513215189567713,12,2.458725275595983,12,2.655649815996488,12,0.6328030303030303,12,80.91666666666667,12,4.520793278249795,12,0.0,12,7.875000856060751,12,3.875000856060751,12,nan,0,nan,0,nan,0,nan,0
M4_sparse,dlc_joint_transition,12,11.633953442701918,12,6.957207044860788,12,1.9979696557775428,12,3.1943009714285533,12,1.8654379331172006,12,3.182589950164159,12,3.3009318908055625,12,0.8013636363636364,12,128.0,12,4.60495698247556,12,0.0,12,23.041666011458915,12,19.041666011458915,12,nan,0,nan,0,nan,0,nan,0
M4_sparse,dlc_joint_transition_observer,12,13.974492931055172,12,7.906733255340044,12,2.272578583804305,12,3.779989324510098,12,2.0604304496666885,12,3.680992406109969,12,4.981926808754603,12,0.7275757575757575,12,200.33333333333334,12,4.287656766895181,12,0.0,12,49.2916682744941,12,45.2916682744941,12,nan,0,nan,0,nan,0,nan,0
M4_sparse,ours_dnq_dlc,12,17.422798789958406,12,12.022445318370144,12,0.8064741024641084,12,1.3782080888748174,12,0.7760371894312397,12,1.3123570789893473,12,2.3373218129078546,12,0.14696969696969697,12,41.25,12,4.049335316194894,12,0.0834848484848485,12,294.8750002205085,12,290.8750002205085,12,1.821666666666667,12,0.0017432166136122475,12,3.0,12,514.8611111111112,12
M4_sparse,ppo_continuous,12,15.456927963710053,12,10.836867133616563,12,8.048820454779841,12,13.853222826619943,12,7.144638962861001,12,13.776265906294187,12,16.18462832768758,12,0.7725757575757576,12,542.6666666666666,12,4.95515730710105,12,0.0,12,25.666668555198168,12,21.666668555198168,12,nan,0,nan,0,nan,0,nan,0
M4_sparse,rule_expert_gate,12,14.648925576485214,12,9.840087507371551,12,1.9656108215958916,12,3.893393355359635,12,1.7435161018472831,12,3.808418185388049,12,4.871062574287255,12,0.3082196969696969,12,1117.25,12,3.5035828069331036,12,0.0,12,192.20833184207876,12,188.20833184207876,12,nan,0,nan,0,nan,0,nan,0
M4_sparse,sac_continuous,12,0.8324408332590565,12,2.622493198229539e-16,12,7.619898683346416,12,8.163058320681253,12,6.930725441668254,12,8.163058320681253,12,8.331557631492615,12,0.9140530303030304,12,0.0,12,7.221526399417755,12,0.0,12,-4.958331877894476,12,-8.958331877894475,12,nan,0,nan,0,nan,0,nan,0
M4_sparse,td3_continuous,12,1.4038468594157862,12,1.9041203284350035e-15,12,2.3067799132716593,12,2.7703284998734787,12,2.0400514436413175,12,2.765912379821142,12,2.8094077507654824,12,0.7405681818181818,12,0.0,12,7.234286084099302,12,0.0,12,-6.12499904687859,12,-10.12499904687859,12,nan,0,nan,0,nan,0,nan,0
M6_dense,dlc_individual_transition,12,11.274640795772235,12,6.794524932379847,12,0.9641995103388258,12,1.9046644374728203,12,0.8748999343958156,12,1.8498990262548132,12,2.3087561378876367,12,0.24170454545454545,12,752.1666666666666,12,3.414966049823286,12,0.0,12,107.04166936459454,12,103.04166936459454,12,nan,0,nan,0,nan,0,nan,0
M6_dense,dlc_joint_transition,12,11.388504328853378,12,8.348997214800104,12,1.237985974545726,12,1.9996293902397155,12,1.1742417810699717,12,1.9872457499305407,12,2.276434967915217,12,0.3155681818181818,12,292.9166666666667,12,3.4198959220894323,12,0.0,12,177.62500374813268,12,173.62500374813268,12,nan,0,nan,0,nan,0,nan,0
M6_dense,dlc_joint_transition_observer,12,11.729626331606466,12,8.07357414519607,12,1.0013170236805071,12,1.9360282997290297,12,0.9441851029542119,12,1.8215039759874347,12,2.4263430535793304,12,0.30200757575757575,12,419.25,12,3.6543278990726136,12,0.0,12,102.37500178282811,12,98.37500178282811,12,nan,0,nan,0,nan,0,nan,0
M6_dense,ours_dnq_dlc,12,13.25111842466965,12,9.364624552377114,12,1.7004524290533183,12,2.9904848908384642,12,1.542252361042353,12,2.922585025429726,12,3.7415125221014023,12,0.31825757575757574,12,115.66666666666667,12,3.452654736210393,12,0.09897727272727273,12,247.9166684178001,12,243.9166684178001,12,2.3644696969696968,12,0.02618614521752312,12,5.0,12,58.01299031210579,12
M6_dense,ppo_continuous,12,28.02398667101997,12,18.12096097713903,12,14.957465854407706,12,30.646764671802526,12,13.168572544400982,12,30.016859726111104,12,36.737179597218834,12,0.8508333333333334,12,8.583333333333334,12,6.422300021799835,12,0.0,12,4.958337596896977,12,0.9583375968969771,12,nan,0,nan,0,nan,0,nan,0
M6_dense,rule_expert_gate,12,13.502899946161165,12,9.956792170247757,12,0.9589636475098225,12,2.6868705247839304,12,0.8714984687720965,12,2.5561241487662003,12,4.3872589866320295,12,0.24670454545454545,12,1424.4166666666667,12,3.3064722394049446,12,0.0,12,169.1666687196625,12,165.1666687196625,12,nan,0,nan,0,nan,0,nan,0
M6_dense,sac_continuous,12,7.6453754406766175,12,2.887123813648073,12,6.042119383443669,12,8.11720604499181,12,5.263574269687418,12,8.09415758450826,12,8.477527141571045,12,0.7167045454545455,12,0.0,12,5.306552128266328,12,0.0,12,14.000000563178427,12,10.000000563178427,12,nan,0,nan,0,nan,0,nan,0
M6_dense,td3_continuous,12,6.337581429323239,12,4.795412994172587,12,5.979288955341306,12,6.4701441089312235,12,5.475920732912434,12,6.530597003300984,12,6.882275621096293,12,0.9736742424242424,12,2.0833333333333335,12,6.953691360984167,12,0.0,12,4.9583375365535005,12,0.9583375365535005,12,nan,0,nan,0,nan,0,nan,0
M8_scale,dlc_individual_transition,12,14.2617142797734,12,8.835544311302767,12,0.551852426028188,12,0.8507636765638987,12,0.5031457190806529,12,0.8407769006987413,12,1.021759236852328,12,0.06257575757575758,12,341.8333333333333,12,3.078964956281966,12,0.0,12,227.7916679427627,12,223.7916679427627,12,nan,0,nan,0,nan,0,nan,0
M8_scale,dlc_joint_transition,12,13.127780769292452,12,9.273485354703011,12,2.523603267182471,12,4.474528594315053,12,2.2662913186037987,12,4.411087628205618,12,5.07738670706749,12,0.2576136363636364,12,738.3333333333334,12,2.8172166821526208,12,0.0,12,189.58333647277763,12,185.58333647277763,12,nan,0,nan,0,nan,0,nan,0
M8_scale,dlc_joint_transition_observer,12,13.101743313317558,12,9.15570897011854,12,0.722709761407257,12,1.5973378181457523,12,0.6520563138804051,12,1.550376214583715,12,2.156666030486425,12,0.13571969696969696,12,823.8333333333334,12,3.0675191905511734,12,0.0,12,169.45833832164064,12,165.45833832164064,12,nan,0,nan,0,nan,0,nan,0
M8_scale,ours_dnq_dlc,12,13.599738764268855,12,8.123479496263924,12,1.153857619082477,12,2.1223324234286953,12,1.0781522135009622,12,2.0283112650116286,12,3.226275463898977,12,0.22212121212121214,12,538.4166666666666,12,3.243680921757179,12,0.09189393939393942,12,183.45833685380092,12,179.45833685380092,12,2.8145454545454545,12,0.05331969076853115,12,6.916666666666667,12,21.783970350200082,12
M8_scale,ppo_continuous,12,1.034554149290781,12,0.32141182843341265,12,3.4509202163144455,12,4.04713679154714,12,3.346175253574214,12,3.936515084902446,12,5.136517941951752,12,0.974659090909091,12,0.0,12,6.931628538355841,12,0.0,12,7.5833347399091435,12,3.583334739909143,12,nan,0,nan,0,nan,0,nan,0
M8_scale,rule_expert_gate,12,16.69121063093336,12,9.739191452786233,12,1.126273787270929,12,3.113562980542581,12,1.0462836860634288,12,2.8963205054402366,12,4.620116551717122,12,0.2636363636363636,12,977.1666666666666,12,3.140819201994192,12,0.0,12,245.58333693159716,12,241.58333693159716,12,nan,0,nan,0,nan,0,nan,0
M8_scale,sac_continuous,12,5.9249756726679434,12,3.0514040679916032,12,4.508325400338756,12,7.132276054223378,12,4.02358532621832,12,7.1184980273246765,12,7.2639866669972735,12,0.6584469696969697,12,0.8333333333333334,12,5.0079466874515255,12,0.0,12,4.958332529196791,12,0.9583325291967905,12,nan,0,nan,0,nan,0,nan,0
M8_scale,td3_continuous,12,3.8231267863110947,12,2.6834129825632833,12,3.7463858868550077,12,4.041251893838247,12,3.5993741641738595,12,4.043908977508545,12,4.374506612618764,12,0.9624621212121212,12,40.833333333333336,12,5.190327475141558,12,0.0,12,5.833335713556504,12,1.8333357135565034,12,nan,0,nan,0,nan,0,nan,0
M10_scale,dlc_individual_transition,12,12.674221960417869,12,6.485514053230208,12,1.104116887531416,12,2.1790391946832344,12,0.9942118871477387,12,2.09112405727307,12,2.811869124571482,12,0.2744318181818182,12,584.5,12,3.241696792391535,12,0.0,12,182.58333516636176,12,178.58333516636176,12,nan,0,nan,0,nan,0,nan,0
M10_scale,dlc_joint_transition,12,16.295614100798836,12,11.41437210436154,12,0.8153372855966173,12,1.5247353002429012,12,0.7638537495411667,12,1.4903254672884938,12,1.7959283938010533,12,0.08288582575408301,12,258.4166666666667,12,3.310876130920704,12,0.0,12,285.2500014703957,12,281.2500014703957,12,nan,0,nan,0,nan,0,nan,0
M10_scale,dlc_joint_transition_observer,12,16.72397496890064,12,11.81045743756137,12,2.314173874369437,12,5.383191910386086,12,2.09505460723766,12,5.283939934273562,12,6.381185094515483,12,0.505719696969697,12,377.5833333333333,12,4.019225730328716,12,0.0,12,291.66666924135393,12,287.66666924135393,12,nan,0,nan,0,nan,0,nan,0
M10_scale,ours_dnq_dlc,12,14.445763870307951,12,9.112339103919519,12,1.114166795971961,12,2.209043780465921,12,1.0487176080938296,12,2.0982826486229897,12,3.35964028040568,12,0.27946969696969703,12,230.5,12,2.8531042297321854,12,0.093219696969697,12,208.25000023972825,12,204.25000023972825,12,2.8629545454545453,12,0.04634682431408216,12,8.666666666666666,12,27.3294173069509,12
M10_scale,ppo_continuous,12,23.46700473135982,12,14.710849348128603,12,10.016648983532233,12,12.871304746468864,12,9.20720370001492,12,12.780376410484314,12,14.103272398312887,12,0.9645833333333335,12,0.0,12,7.0086472516966865,12,0.0,12,32.958334889177564,12,28.958334889177564,12,nan,0,nan,0,nan,0,nan,0
M10_scale,rule_expert_gate,12,14.684797549912965,12,8.963724641927518,12,1.4280084542417602,12,3.0125886624058094,12,1.2785271820801365,12,2.953841884434224,12,4.140999595324199,12,0.3778112992441836,12,1083.4166666666667,12,3.1592985869400336,12,0.0,12,180.54167134165573,12,176.54167134165573,12,nan,0,nan,0,nan,0,nan,0
M10_scale,sac_continuous,12,1.5171404654342202,12,0.11464838549557103,12,1.2909045727224078,12,2.6645801171660426,12,1.1774935739184755,12,2.664950965344906,12,2.777997374534607,12,0.3105681818181818,12,184.66666666666666,12,5.404766988001337,12,0.0,12,8.166666743477512,12,4.166666743477511,12,nan,0,nan,0,nan,0,nan,0
M10_scale,td3_continuous,12,5.196858307550914,12,3.438716513226687,12,4.460713854805605,12,5.393448243538539,12,4.159787209703751,12,5.581374069054921,12,6.225769440333049,12,0.9308333333333335,12,350.8333333333333,12,5.9603564699578575,12,0.0,12,12.250001644015526,12,8.250001644015526,12,nan,0,nan,0,nan,0,nan,0
