experiment_id,algorithm,endpoint,n,count,rate,wilson_low,wilson_high,censored_cases,mean_recovery_rate,mean_latency_ms,mean_in_corridor_man,mean_in_corridor_full,mean_longest_off_run,mean_abs_lat,max_abs_lat,mean_heading_error,mean_guard_fraction,mean_time_to_pass_steps
M10_scale,ours_dnq_dlc_noshield,P,12,12,1.0,0.7575059933447592,1.0,0,0.0,272.56511306762695,0.8229962928153718,0.8102883579011829,11.968948412698412,0.6985275190393371,0.8425649952014638,0.17367400143835066,0.0,185.14623015873016
M10_scale,ours_dnq_dlc_noshield,L,12,6,0.5,0.2537815976337061,0.7462184023662939,0,0.0,272.56511306762695,0.8229962928153718,0.8102883579011829,11.968948412698412,0.6985275190393371,0.8425649952014638,0.17367400143835066,0.0,185.14623015873016
M10_scale,ours_dnq_dlc_noshield,C,12,11,0.9166666666666666,0.646120088858883,0.9851349055950829,0,0.0,272.56511306762695,0.8229962928153718,0.8102883579011829,11.968948412698412,0.6985275190393371,0.8425649952014638,0.17367400143835066,0.0,185.14623015873016
M10_scale,ours_dnq_dlc_noshield,T_v3,12,11,0.9166666666666666,0.646120088858883,0.9851349055950829,0,0.0,272.56511306762695,0.8229962928153718,0.8102883579011829,11.968948412698412,0.6985275190393371,0.8425649952014638,0.17367400143835066,0.0,185.14623015873016
M10_scale,ours_dnq_dlc_noshield,S_v3,12,12,1.0,0.7575059933447592,1.0,0,0.0,272.56511306762695,0.8229962928153718,0.8102883579011829,11.968948412698412,0.6985275190393371,0.8425649952014638,0.17367400143835066,0.0,185.14623015873016
M10_scale,ours_dnq_dlc_noshield,E_pass,12,2,0.16666666666666666,0.04696514218385378,0.4480308622529734,0,0.0,272.56511306762695,0.8229962928153718,0.8102883579011829,11.968948412698412,0.6985275190393371,0.8425649952014638,0.17367400143835066,0.0,185.14623015873016
M10_scale,ours_dnq_dlc_noshield,E_valid,12,1,0.08333333333333333,0.014865094404917095,0.35387991114111694,0,0.0,272.56511306762695,0.8229962928153718,0.8102883579011829,11.968948412698412,0.6985275190393371,0.8425649952014638,0.17367400143835066,0.0,185.14623015873016
M10_scale,ours_dnq_dlc_noshield,E_full,12,1,0.08333333333333333,0.014865094404917095,0.35387991114111694,0,0.0,272.56511306762695,0.8229962928153718,0.8102883579011829,11.968948412698412,0.6985275190393371,0.8425649952014638,0.17367400143835066,0.0,185.14623015873016
M10_scale,ours_dnq_dlc_noshield,Q,12,12,1.0,0.7575059933447592,1.0,0,0.0,272.56511306762695,0.8229962928153718,0.8102883579011829,11.968948412698412,0.6985275190393371,0.8425649952014638,0.17367400143835066,0.0,185.14623015873016
M10_scale,ours_dnq_dlc_noshield,E_race,12,0,0.0,2.7755575615628914e-17,0.24249400665524085,0,0.0,272.56511306762695,0.8229962928153718,0.8102883579011829,11.968948412698412,0.6985275190393371,0.8425649952014638,0.17367400143835066,0.0,185.14623015873016
M10_scale,ours_dnq_dlc_noshield,T_v2,12,10,0.8333333333333334,0.5519691377470266,0.9530348578161463,0,0.0,272.56511306762695,0.8229962928153718,0.8102883579011829,11.968948412698412,0.6985275190393371,0.8425649952014638,0.17367400143835066,0.0,185.14623015873016
M10_scale,ours_dnq_dlc_noshield,T_old,12,1,0.08333333333333333,0.014865094404917095,0.35387991114111694,0,0.0,272.56511306762695,0.8229962928153718,0.8102883579011829,11.968948412698412,0.6985275190393371,0.8425649952014638,0.17367400143835066,0.0,185.14623015873016
M10_scale,ours_dnq_dlc_noshield,S_old,12,12,1.0,0.7575059933447592,1.0,0,0.0,272.56511306762695,0.8229962928153718,0.8102883579011829,11.968948412698412,0.6985275190393371,0.8425649952014638,0.17367400143835066,0.0,185.14623015873016
M10_scale,ours_dnq_dlc_noshield,strict_old,12,0,0.0,2.7755575615628914e-17,0.24249400665524085,0,0.0,272.56511306762695,0.8229962928153718,0.8102883579011829,11.968948412698412,0.6985275190393371,0.8425649952014638,0.17367400143835066,0.0,185.14623015873016
M4_sparse,ours_dnq_dlc_noshield,P,12,12,1.0,0.7575059933447592,1.0,0,0.0,289.81847381591797,0.9290935672514621,0.9527884704828361,5.388888888888889,0.49922244784362224,0.6929914923968886,0.2121244373715315,0.0,253.34722222222229
M4_sparse,ours_dnq_dlc_noshield,L,12,7,0.5833333333333334,0.31951131254954973,0.8067396863412435,0,0.0,289.81847381591797,0.9290935672514621,0.9527884704828361,5.388888888888889,0.49922244784362224,0.6929914923968886,0.2121244373715315,0.0,253.34722222222229
M4_sparse,ours_dnq_dlc_noshield,C,12,8,0.6666666666666666,0.39062208887279953,0.8618799089087867,0,0.0,289.81847381591797,0.9290935672514621,0.9527884704828361,5.388888888888889,0.49922244784362224,0.6929914923968886,0.2121244373715315,0.0,253.34722222222229
M4_sparse,ours_dnq_dlc_noshield,T_v3,12,12,1.0,0.7575059933447592,1.0,0,0.0,289.81847381591797,0.9290935672514621,0.9527884704828361,5.388888888888889,0.49922244784362224,0.6929914923968886,0.2121244373715315,0.0,253.34722222222229
M4_sparse,ours_dnq_dlc_noshield,S_v3,12,11,0.9166666666666666,0.646120088858883,0.9851349055950829,0,0.0,289.81847381591797,0.9290935672514621,0.9527884704828361,5.388888888888889,0.49922244784362224,0.6929914923968886,0.2121244373715315,0.0,253.34722222222229
M4_sparse,ours_dnq_dlc_noshield,E_pass,12,4,0.3333333333333333,0.13812009109121315,0.6093779111272004,0,0.0,289.81847381591797,0.9290935672514621,0.9527884704828361,5.388888888888889,0.49922244784362224,0.6929914923968886,0.2121244373715315,0.0,253.34722222222229
M4_sparse,ours_dnq_dlc_noshield,E_valid,12,3,0.25,0.08894166839405471,0.5323053349335657,0,0.0,289.81847381591797,0.9290935672514621,0.9527884704828361,5.388888888888889,0.49922244784362224,0.6929914923968886,0.2121244373715315,0.0,253.34722222222229
M4_sparse,ours_dnq_dlc_noshield,E_full,12,3,0.25,0.08894166839405471,0.5323053349335657,0,0.0,289.81847381591797,0.9290935672514621,0.9527884704828361,5.388888888888889,0.49922244784362224,0.6929914923968886,0.2121244373715315,0.0,253.34722222222229
M4_sparse,ours_dnq_dlc_noshield,Q,12,10,0.8333333333333334,0.5519691377470266,0.9530348578161463,0,0.0,289.81847381591797,0.9290935672514621,0.9527884704828361,5.388888888888889,0.49922244784362224,0.6929914923968886,0.2121244373715315,0.0,253.34722222222229
M4_sparse,ours_dnq_dlc_noshield,E_race,12,2,0.16666666666666666,0.04696514218385378,0.4480308622529734,0,0.0,289.81847381591797,0.9290935672514621,0.9527884704828361,5.388888888888889,0.49922244784362224,0.6929914923968886,0.2121244373715315,0.0,253.34722222222229
M4_sparse,ours_dnq_dlc_noshield,T_v2,12,11,0.9166666666666666,0.646120088858883,0.9851349055950829,0,0.0,289.81847381591797,0.9290935672514621,0.9527884704828361,5.388888888888889,0.49922244784362224,0.6929914923968886,0.2121244373715315,0.0,253.34722222222229
M4_sparse,ours_dnq_dlc_noshield,T_old,12,0,0.0,2.7755575615628914e-17,0.24249400665524085,0,0.0,289.81847381591797,0.9290935672514621,0.9527884704828361,5.388888888888889,0.49922244784362224,0.6929914923968886,0.2121244373715315,0.0,253.34722222222229
M4_sparse,ours_dnq_dlc_noshield,S_old,12,5,0.4166666666666667,0.19326031365875665,0.6804886874504503,0,0.0,289.81847381591797,0.9290935672514621,0.9527884704828361,5.388888888888889,0.49922244784362224,0.6929914923968886,0.2121244373715315,0.0,253.34722222222229
M4_sparse,ours_dnq_dlc_noshield,strict_old,12,0,0.0,2.7755575615628914e-17,0.24249400665524085,0,0.0,289.81847381591797,0.9290935672514621,0.9527884704828361,5.388888888888889,0.49922244784362224,0.6929914923968886,0.2121244373715315,0.0,253.34722222222229
M6_dense,ours_dnq_dlc_noshield,P,12,10,0.8333333333333334,0.5519691377470266,0.9530348578161463,0,0.0,323.3445014953613,0.86,0.9242859908516383,10.64,0.49507274002519974,0.7075979934856836,0.23210433182351192,0.0,172.97
M6_dense,ours_dnq_dlc_noshield,L,12,8,0.6666666666666666,0.39062208887279953,0.8618799089087867,0,0.0,323.3445014953613,0.86,0.9242859908516383,10.64,0.49507274002519974,0.7075979934856836,0.23210433182351192,0.0,172.97
M6_dense,ours_dnq_dlc_noshield,C,12,10,0.8333333333333334,0.5519691377470266,0.9530348578161463,0,0.0,323.3445014953613,0.86,0.9242859908516383,10.64,0.49507274002519974,0.7075979934856836,0.23210433182351192,0.0,172.97
M6_dense,ours_dnq_dlc_noshield,T_v3,12,9,0.75,0.46769466506643426,0.9110583316059453,0,0.0,323.3445014953613,0.86,0.9242859908516383,10.64,0.49507274002519974,0.7075979934856836,0.23210433182351192,0.0,172.97
M6_dense,ours_dnq_dlc_noshield,S_v3,12,10,0.8333333333333334,0.5519691377470266,0.9530348578161463,0,0.0,323.3445014953613,0.86,0.9242859908516383,10.64,0.49507274002519974,0.7075979934856836,0.23210433182351192,0.0,172.97
M6_dense,ours_dnq_dlc_noshield,E_pass,12,8,0.6666666666666666,0.39062208887279953,0.8618799089087867,0,0.0,323.3445014953613,0.86,0.9242859908516383,10.64,0.49507274002519974,0.7075979934856836,0.23210433182351192,0.0,172.97
M6_dense,ours_dnq_dlc_noshield,E_valid,12,6,0.5,0.2537815976337061,0.7462184023662939,0,0.0,323.3445014953613,0.86,0.9242859908516383,10.64,0.49507274002519974,0.7075979934856836,0.23210433182351192,0.0,172.97
M6_dense,ours_dnq_dlc_noshield,E_full,12,5,0.4166666666666667,0.19326031365875665,0.6804886874504503,0,0.0,323.3445014953613,0.86,0.9242859908516383,10.64,0.49507274002519974,0.7075979934856836,0.23210433182351192,0.0,172.97
M6_dense,ours_dnq_dlc_noshield,Q,12,9,0.75,0.46769466506643426,0.9110583316059453,0,0.0,323.3445014953613,0.86,0.9242859908516383,10.64,0.49507274002519974,0.7075979934856836,0.23210433182351192,0.0,172.97
M6_dense,ours_dnq_dlc_noshield,E_race,12,2,0.16666666666666666,0.04696514218385378,0.4480308622529734,0,0.0,323.3445014953613,0.86,0.9242859908516383,10.64,0.49507274002519974,0.7075979934856836,0.23210433182351192,0.0,172.97
M6_dense,ours_dnq_dlc_noshield,T_v2,12,9,0.75,0.46769466506643426,0.9110583316059453,0,0.0,323.3445014953613,0.86,0.9242859908516383,10.64,0.49507274002519974,0.7075979934856836,0.23210433182351192,0.0,172.97
M6_dense,ours_dnq_dlc_noshield,T_old,12,0,0.0,2.7755575615628914e-17,0.24249400665524085,0,0.0,323.3445014953613,0.86,0.9242859908516383,10.64,0.49507274002519974,0.7075979934856836,0.23210433182351192,0.0,172.97
M6_dense,ours_dnq_dlc_noshield,S_old,12,9,0.75,0.46769466506643426,0.9110583316059453,0,0.0,323.3445014953613,0.86,0.9242859908516383,10.64,0.49507274002519974,0.7075979934856836,0.23210433182351192,0.0,172.97
M6_dense,ours_dnq_dlc_noshield,strict_old,12,0,0.0,2.7755575615628914e-17,0.24249400665524085,0,0.0,323.3445014953613,0.86,0.9242859908516383,10.64,0.49507274002519974,0.7075979934856836,0.23210433182351192,0.0,172.97
M8_scale,ours_dnq_dlc_noshield,P,12,12,1.0,0.7575059933447592,1.0,0,0.0,312.5490976969401,0.6543311403508771,0.8118657561814705,24.993055555555554,0.8999425266898066,1.1139438164372082,0.1832383195312243,0.0,219.6875
M8_scale,ours_dnq_dlc_noshield,L,12,8,0.6666666666666666,0.39062208887279953,0.8618799089087867,0,0.0,312.5490976969401,0.6543311403508771,0.8118657561814705,24.993055555555554,0.8999425266898066,1.1139438164372082,0.1832383195312243,0.0,219.6875
M8_scale,ours_dnq_dlc_noshield,C,12,10,0.8333333333333334,0.5519691377470266,0.9530348578161463,0,0.0,312.5490976969401,0.6543311403508771,0.8118657561814705,24.993055555555554,0.8999425266898066,1.1139438164372082,0.1832383195312243,0.0,219.6875
M8_scale,ours_dnq_dlc_noshield,T_v3,12,9,0.75,0.46769466506643426,0.9110583316059453,0,0.0,312.5490976969401,0.6543311403508771,0.8118657561814705,24.993055555555554,0.8999425266898066,1.1139438164372082,0.1832383195312243,0.0,219.6875
M8_scale,ours_dnq_dlc_noshield,S_v3,12,10,0.8333333333333334,0.5519691377470266,0.9530348578161463,0,0.0,312.5490976969401,0.6543311403508771,0.8118657561814705,24.993055555555554,0.8999425266898066,1.1139438164372082,0.1832383195312243,0.0,219.6875
M8_scale,ours_dnq_dlc_noshield,E_pass,12,7,0.5833333333333334,0.31951131254954973,0.8067396863412435,0,0.0,312.5490976969401,0.6543311403508771,0.8118657561814705,24.993055555555554,0.8999425266898066,1.1139438164372082,0.1832383195312243,0.0,219.6875
M8_scale,ours_dnq_dlc_noshield,E_valid,12,5,0.4166666666666667,0.19326031365875665,0.6804886874504503,0,0.0,312.5490976969401,0.6543311403508771,0.8118657561814705,24.993055555555554,0.8999425266898066,1.1139438164372082,0.1832383195312243,0.0,219.6875
M8_scale,ours_dnq_dlc_noshield,E_full,12,5,0.4166666666666667,0.19326031365875665,0.6804886874504503,0,0.0,312.5490976969401,0.6543311403508771,0.8118657561814705,24.993055555555554,0.8999425266898066,1.1139438164372082,0.1832383195312243,0.0,219.6875
M8_scale,ours_dnq_dlc_noshield,Q,12,8,0.6666666666666666,0.39062208887279953,0.8618799089087867,0,0.0,312.5490976969401,0.6543311403508771,0.8118657561814705,24.993055555555554,0.8999425266898066,1.1139438164372082,0.1832383195312243,0.0,219.6875
M8_scale,ours_dnq_dlc_noshield,E_race,12,3,0.25,0.08894166839405471,0.5323053349335657,0,0.0,312.5490976969401,0.6543311403508771,0.8118657561814705,24.993055555555554,0.8999425266898066,1.1139438164372082,0.1832383195312243,0.0,219.6875
M8_scale,ours_dnq_dlc_noshield,T_v2,12,7,0.5833333333333334,0.31951131254954973,0.8067396863412435,0,0.0,312.5490976969401,0.6543311403508771,0.8118657561814705,24.993055555555554,0.8999425266898066,1.1139438164372082,0.1832383195312243,0.0,219.6875
M8_scale,ours_dnq_dlc_noshield,T_old,12,0,0.0,2.7755575615628914e-17,0.24249400665524085,0,0.0,312.5490976969401,0.6543311403508771,0.8118657561814705,24.993055555555554,0.8999425266898066,1.1139438164372082,0.1832383195312243,0.0,219.6875
M8_scale,ours_dnq_dlc_noshield,S_old,12,10,0.8333333333333334,0.5519691377470266,0.9530348578161463,0,0.0,312.5490976969401,0.6543311403508771,0.8118657561814705,24.993055555555554,0.8999425266898066,1.1139438164372082,0.1832383195312243,0.0,219.6875
M8_scale,ours_dnq_dlc_noshield,strict_old,12,0,0.0,2.7755575615628914e-17,0.24249400665524085,0,0.0,312.5490976969401,0.6543311403508771,0.8118657561814705,24.993055555555554,0.8999425266898066,1.1139438164372082,0.1832383195312243,0.0,219.6875
