experiment_id,track_id,algorithm,seed,num_agents,case_dir,status,target_agent,event_count,available_event_count,post_pass_censored,episode_steps,telemetry_version,median_centreline_spacing_m,latency_ms,latency_p95_ms,recovery_rate,rank_gain,target_progress,overtake_success_legacy,P,L,C,physical_pass,sustained_lead,contact_free,T_v3,S_v3,E_pass,E_valid,E_full,Q,E_race,T_v2,T_old,S_old,strict_old,in_corridor,in_corridor_man,in_corridor_full,frac_offroad,frac_offroad_full,longest_off_run,longest_off_run_full,mean_abs_lat,max_abs_lat,lateral_rmse,max_step_lat,max_step_lat_hold,grass_fraction,backward_fraction,mean_heading_error,min_heading_cos_true,min_heading_cos_legacy,mean_speed,min_speed_hold,guard_fraction,time_to_pass_steps,profile_050_man,profile_050_full,profile_060_man,profile_060_full,profile_070_man,profile_070_full,profile_080_man,profile_080_full,profile_090_man,profile_090_full,profile_095_man,profile_095_full,profile_100_man,profile_100_full,run_le_10,run_le_25,run_le_50,run_le_100
M10_scale,procedural,ours_dnq_dlc_noshield,21,10,shieldoff_final_20260926/M10_scale_n10_seed21,ok,9,2,2,False,2200,corrected_v2,3.4999995854969854,395.50323486328125,853.8604614257795,0.0,7,0.528052805280528,True,True,False,True,True,False,True,True,True,False,False,False,True,False,True,False,True,False,1.0,1.0,1.0,0.0,0.0,0.0,0.0,0.6290874395630099,0.7499112152508851,0.6349314375405642,0.05387790616824076,0.014065816478332993,0.0,0.0,0.10647508864195707,0.9688725106375049,0.9152828454971313,15.439019743877338,13.87044485301399,0.0,228.5,False,False,False,False,False,False,False,False,False,False,False,False,False,False,False,False,False,False
M10_scale,procedural,ours_dnq_dlc_noshield,22,10,shieldoff_final_20260926/M10_scale_n10_seed22,ok,9,4,4,False,2200,corrected_v2,3.4999997746412377,281.7657470703125,323.29572448730465,0.0,8,0.6902985074626866,False,True,True,True,True,True,True,True,True,False,False,False,True,False,True,False,True,False,1.0,1.0,1.0,0.0,0.0,0.0,0.0,0.5876192853573479,0.6908500673392793,0.5918469059654486,0.022455407289141388,0.007680579571394966,0.0,0.0,0.068924089905602,0.9755518402851049,0.9559304267168045,15.7378725602269,7.02410129349758,0.0,143.25,False,False,False,False,False,False,False,False,False,False,False,False,False,False,False,False,False,False
M10_scale,procedural,ours_dnq_dlc_noshield,23,10,shieldoff_final_20260926/M10_scale_n10_seed23,ok,9,2,2,False,2200,corrected_v2,3.499999965150242,250.78846740722656,267.0985168457031,0.0,9,0.6089965397923875,True,True,False,True,True,False,True,True,True,False,False,False,True,False,True,False,True,False,1.0,1.0,1.0,0.0,0.0,0.0,0.0,0.42699345674889483,0.6571681414172007,0.45264036008607816,0.044383732855100444,0.0378887279956186,0.0,0.0,0.14880609947817494,0.9133256052176508,0.8631456792354584,20.299948735797653,18.478176911471554,0.0,146.0,False,False,False,False,False,False,False,False,False,False,False,False,False,False,False,False,False,False
M10_scale,procedural,ours_dnq_dlc_noshield,24,10,shieldoff_final_20260926/M10_scale_n10_seed24,ok,9,1,1,False,2200,corrected_v2,3.4999999058470284,244.6088409423828,254.32328872680662,0.0,1,0.42905405405405406,True,True,False,True,True,False,True,False,True,False,False,False,True,False,False,False,True,False,0.5263157894736843,0.5263157894736843,0.2441860465116279,0.47368421052631576,0.7558139534883721,30.0,180.0,0.9971909054466458,1.0920547525065074,0.9991636127648962,0.031859026896254417,0.023524721267718762,0.686046511627907,0.0,0.21063523984501392,0.8293507268091271,0.8293507695198059,11.619623003126726,10.008957315181842,0.0,379.0,False,False,False,False,False,False,False,False,False,False,False,False,False,False,False,False,False,False
M10_scale,procedural,ours_dnq_dlc_noshield,25,10,shieldoff_final_20260926/M10_scale_n10_seed25,ok,9,5,5,False,2200,corrected_v2,3.4999996588959443,392.3523254394531,838.8031372070295,0.0,8,0.6410256410256411,False,True,True,True,True,True,True,True,True,True,False,False,True,False,True,False,True,False,0.5578947368421052,0.5578947368421052,0.5560194206160832,0.4421052631578948,0.4439805793839168,21.8,42.8,0.9638069260971879,1.0560983102190173,0.9670888170840476,0.02983340988151273,0.01700781426817155,0.44827015445148033,0.0,0.1018954993614924,0.9355328314401452,0.9355330467224121,13.485409611038893,11.89466243082162,0.0,121.6,True,True,True,False,False,False,False,False,False,False,False,False,False,False,False,False,False,False
M10_scale,procedural,ours_dnq_dlc_noshield,26,10,shieldoff_final_20260926/M10_scale_n10_seed26,ok,9,4,4,False,2200,corrected_v2,3.5000000613862143,234.20745849609375,252.0702194213867,0.0,1,0.3285198555956679,True,True,False,True,True,False,True,True,True,False,False,False,True,False,True,True,True,False,0.5,0.5,0.6403497283458246,0.5,0.35965027165417535,38.0,129.25,0.9294980379889032,1.2159189460403717,0.9445914970411301,0.03612485603729203,0.024149702937441342,0.38058623224530835,0.1215430633127445,0.6083675202834317,0.46655775021621637,-0.03756450116634369,13.423799064803301,9.058650117157976,0.0,225.25,False,False,False,False,False,False,False,False,False,False,False,False,False,False,False,False,False,False
M10_scale,procedural,ours_dnq_dlc_noshield,27,10,shieldoff_final_20260926/M10_scale_n10_seed27,ok,9,1,1,False,2200,corrected_v2,3.499999941194687,238.26077270507812,267.41859436035156,0.0,8,0.54421768707483,True,True,False,True,True,False,True,True,True,False,False,False,True,False,True,False,True,False,1.0,1.0,1.0,0.0,0.0,0.0,0.0,0.6810383092834584,0.7369862435276199,0.6824970150574424,0.013660934077431408,0.0061052712955368404,0.0,0.0,0.03462664351567014,0.9976585330364707,0.9730074405670166,16.052326741580003,15.466059931128264,0.0,134.0,False,False,False,False,False,False,False,False,False,False,False,False,False,False,False,False,False,False
M10_scale,procedural,ours_dnq_dlc_noshield,28,10,shieldoff_final_20260926/M10_scale_n10_seed28,ok,9,3,3,False,2200,corrected_v2,3.5000000545572085,238.2642822265625,252.89659271240234,0.0,9,0.5912162162162162,True,True,True,True,True,True,True,True,True,True,True,True,True,False,True,False,True,False,0.8728070175438596,0.8728070175438596,0.9173574135834975,0.12719298245614033,0.08264258641650252,9.666666666666666,10.666666666666666,0.8452739318444186,0.9122965954350922,0.8460318094941436,0.047122193498552255,0.018558525263510577,0.08264258641650252,0.0,0.06123157305960869,0.9722041373533513,0.9537553389867147,14.727743066018073,12.038826268959804,0.0,155.33333333333334,True,True,True,True,True,True,True,True,False,False,False,False,False,False,False,True,True,True
M10_scale,procedural,ours_dnq_dlc_noshield,29,10,shieldoff_final_20260926/M10_scale_n10_seed29,ok,9,9,8,False,2200,corrected_v2,3.4999999153036945,288.2341003417969,417.28983306884766,0.0,9,0.6040955631399317,True,True,True,True,True,True,True,True,True,False,False,False,True,False,True,False,True,False,0.9095394736842105,0.9095394736842105,0.931081081081081,0.09046052631578948,0.06891891891891892,6.875,12.75,0.5635818446576988,0.7099954302268141,0.577668829968947,0.033768553401450095,0.014425830498434357,0.07162162162162163,0.0,0.1636510219436486,0.8825564420437767,0.8141430467367172,18.999326420535592,15.006360222651988,0.0,121.25,False,False,False,False,False,False,False,False,False,False,False,False,False,False,False,False,False,False
M10_scale,procedural,ours_dnq_dlc_noshield,30,10,shieldoff_final_20260926/M10_scale_n10_seed30,ok,9,2,2,False,2200,corrected_v2,3.500000064460826,221.67201232910156,237.63930740356446,0.0,7,0.5703422053231939,True,True,True,False,True,True,False,True,True,False,False,False,True,False,False,False,True,False,0.7105263157894737,0.7105263157894737,0.6496251404998898,0.2894736842105263,0.35037485950011005,22.0,87.0,0.7613211579088677,0.8901758082223095,0.7672341230632918,0.04834292173900989,0.010811865830707645,0.39776822442902005,0.0,0.1025475088031974,0.9677692096483723,0.9119310677051544,12.052379837358691,8.96491792030935,0.0,259.0,False,False,False,False,False,False,False,False,False,False,False,False,False,False,False,False,False,False
M10_scale,procedural,ours_dnq_dlc_noshield,31,10,shieldoff_final_20260926/M10_scale_n10_seed31,ok,9,1,1,False,2200,corrected_v2,3.499999932445851,257.21038818359375,270.57052154541014,0.0,5,0.5418181818181819,True,True,False,True,True,False,True,True,True,False,False,False,True,False,True,False,True,False,1.0,1.0,1.0,0.0,0.0,0.0,0.0,0.20222357405794833,0.3578656704368518,0.22262846929626048,0.025150214663227255,0.017957940889059137,0.0,0.0,0.11198880285863635,0.9702428864249399,0.9537699222564697,14.280672301173144,20.580643718035322,0.0,132.0,False,False,False,False,False,False,False,False,False,False,False,False,False,False,False,False,False,False
M10_scale,procedural,ours_dnq_dlc_noshield,32,10,shieldoff_final_20260926/M10_scale_n10_seed32,ok,9,7,7,False,2200,corrected_v2,3.499999951454031,227.91372680664062,253.36208953857422,0.0,4,0.41304347826086957,True,True,True,True,True,True,True,True,True,False,False,False,True,False,True,False,True,False,0.7988721804511278,0.7988721804511278,0.7848414641761902,0.20112781954887218,0.21515853582380978,15.285714285714286,33.142857142857146,0.7946953595176619,1.0414587617956166,0.8173212595583418,0.03667602805140807,0.018568931912480817,0.21515853582380978,0.029629629629629627,0.3649389295637747,0.666783374315875,0.4135242359978812,14.436045308394924,11.406490348139698,0.0,176.57142857142858,False,False,False,False,False,False,False,False,False,False,False,False,False,False,False,False,False,False
M4_sparse,procedural,ours_dnq_dlc_noshield,21,4,shieldoff_final_20260926/M4_sparse_n4_seed21,ok,3,3,3,False,2200,corrected_v2,3.4999995854969854,418.60443115234375,873.3822814941402,0.0,3,0.7128712871287128,True,True,True,False,True,True,False,True,True,False,False,False,True,False,True,False,False,False,0.9385964912280702,0.9385964912280702,0.9079193770944215,0.06140350877192983,0.09208062290557856,4.666666666666667,24.333333333333332,0.6426384896582699,0.9950814202616044,0.6819492246500318,0.04262219107187804,0.020642779071616064,0.09208062290557856,0.0,0.400631479123639,0.6873374447900682,0.5914957125981649,14.665408666761223,10.475408860310615,0.0,147.66666666666666,False,False,False,False,False,False,False,False,False,False,False,False,False,False,False,False,False,False
M4_sparse,procedural,ours_dnq_dlc_noshield,22,4,shieldoff_final_20260926/M4_sparse_n4_seed22,ok,3,1,1,False,2200,corrected_v2,3.4999997746412377,249.2497100830078,262.512646484375,0.0,2,0.5746268656716418,True,True,False,False,True,False,False,True,True,False,False,False,False,False,True,False,False,False,1.0,1.0,1.0,0.0,0.0,0.0,0.0,0.619660756539174,0.6825595863984818,0.6209405125294496,0.03454246664461807,0.006083531929286012,0.0,0.0,0.0339369712902928,0.99758865264287,0.8016135096549988,14.084575140695037,15.34595449574582,0.0,325.0,False,False,False,False,False,False,False,False,False,False,False,False,False,False,False,False,False,False
M4_sparse,procedural,ours_dnq_dlc_noshield,23,4,shieldoff_final_20260926/M4_sparse_n4_seed23,ok,3,3,3,False,2200,corrected_v2,3.499999965150242,243.9254608154297,258.65061340332034,0.0,3,0.6539792387543253,True,True,True,True,True,True,True,True,True,False,False,False,True,False,True,False,True,False,1.0,1.0,1.0,0.0,0.0,0.0,0.0,0.37486910922567174,0.6622057220847534,0.4277206319240056,0.034377312801793604,0.02846943702194044,0.0,0.0,0.30719442101446387,0.7730183785559871,0.7249879439671835,15.3423271892245,15.342733985554851,0.0,272.6666666666667,False,False,False,False,False,False,False,False,False,False,False,False,False,False,False,False,False,False
M4_sparse,procedural,ours_dnq_dlc_noshield,24,4,shieldoff_final_20260926/M4_sparse_n4_seed24,ok,3,2,2,False,2200,corrected_v2,3.4999999058470284,245.29164123535156,259.15232543945314,0.0,3,0.625,True,True,True,False,True,True,False,True,True,False,False,False,True,False,True,False,False,False,1.0,1.0,1.0,0.0,0.0,0.0,0.0,0.17218862776575655,0.3997457828008709,0.20923235221863704,0.04103337258549627,0.03347080542353312,0.0,0.0,0.22444739157286323,0.8879065471889191,0.6484924554824829,13.362456794499478,18.831137447446814,0.0,817.0,False,False,False,False,False,False,False,False,False,False,False,False,False,False,False,False,False,False
M4_sparse,procedural,ours_dnq_dlc_noshield,25,4,shieldoff_final_20260926/M4_sparse_n4_seed25,ok,3,2,2,False,2200,corrected_v2,3.4999996588959443,420.0525207519531,870.2645355224598,0.0,3,0.5934065934065934,True,True,False,True,True,False,True,True,False,False,False,False,True,False,False,False,False,False,0.8947368421052632,0.8947368421052632,0.8937477306534547,0.10526315789473684,0.10625226934654533,8.0,17.0,0.5715074890885046,0.9349881126881406,0.6078151320828085,0.04295303536312106,0.025636955347412508,0.07041123487590335,0.0,0.3465131426157825,0.7046358525068845,0.7046356797218323,13.087272732834005,14.312781732227315,0.0,384.5,False,False,False,False,False,False,False,False,False,False,False,False,False,False,False,False,False,False
M4_sparse,procedural,ours_dnq_dlc_noshield,26,4,shieldoff_final_20260926/M4_sparse_n4_seed26,ok,3,3,3,False,2200,corrected_v2,3.5000000613862143,245.3847198486328,258.62952423095703,0.0,3,0.8303249097472925,True,True,True,True,True,True,True,True,True,True,True,True,True,True,True,False,False,False,1.0,1.0,1.0,0.0,0.0,0.0,0.0,0.18634368135972892,0.3493626656434457,0.20509012740617813,0.044657905344366366,0.027689565390649856,0.0,0.0,0.3196012903590999,0.741865132295502,0.7277603546778361,18.623306197390942,13.235010955890218,0.0,79.33333333333333,True,True,True,True,True,True,True,True,True,True,True,True,True,True,True,True,True,True
M4_sparse,procedural,ours_dnq_dlc_noshield,27,4,shieldoff_final_20260926/M4_sparse_n4_seed27,ok,3,3,3,False,2200,corrected_v2,3.499999941194687,247.451904296875,262.9432861328125,0.0,3,0.5986394557823129,False,True,False,True,True,False,True,True,True,False,False,False,True,False,True,False,True,False,1.0,1.0,1.0,0.0,0.0,0.0,0.0,0.6578669842012786,0.7819688998198228,0.6674137075507236,0.026221388235833587,0.013163815084738628,0.0,0.0,0.101790179084421,0.9771544564523257,0.8457928697268168,18.366330361347917,14.636959105912842,0.0,132.66666666666666,False,False,False,False,False,False,False,False,False,False,False,False,False,False,False,False,False,False
M4_sparse,procedural,ours_dnq_dlc_noshield,28,4,shieldoff_final_20260926/M4_sparse_n4_seed28,ok,3,3,3,False,2200,corrected_v2,3.5000000545572085,245.27403259277344,261.87200622558595,0.0,3,0.6655405405405406,False,True,False,True,True,False,True,True,True,False,False,False,True,False,True,False,True,False,1.0,1.0,1.0,0.0,0.0,0.0,0.0,0.38689345688450566,0.5537361151367728,0.40655613415804437,0.043723546011629554,0.022904020497890254,0.0,0.0,0.14696206858870753,0.9218396937475491,0.8236848910649618,17.732089119859133,15.239475033826437,0.0,236.33333333333334,False,False,False,False,False,False,False,False,False,False,False,False,False,False,False,False,False,False
M4_sparse,procedural,ours_dnq_dlc_noshield,29,4,shieldoff_final_20260926/M4_sparse_n4_seed29,ok,3,3,3,False,2200,corrected_v2,3.4999999153036945,417.45941162109375,874.1189086914062,0.0,3,0.6791808873720137,True,True,True,True,True,True,True,True,True,True,True,True,False,False,True,False,False,False,1.0,1.0,1.0,0.0,0.0,0.0,0.0,0.25822834027384783,0.42435698243738873,0.28793246676680617,0.051856048704515545,0.027730363323158452,0.0,0.0,0.20727031957507683,0.8961196435467776,0.7512573798497518,19.233793085361203,17.806885360684717,0.0,166.33333333333334,True,True,True,True,True,True,True,True,True,True,True,True,True,True,True,True,True,True
M4_sparse,procedural,ours_dnq_dlc_noshield,30,4,shieldoff_final_20260926/M4_sparse_n4_seed30,ok,3,3,3,False,2200,corrected_v2,3.500000064460826,248.32057189941406,263.07613067626954,0.0,3,0.5057034220532319,True,True,True,True,True,True,True,True,True,True,False,False,True,False,True,False,False,False,0.6140350877192983,0.6140350877192983,0.8199324621197857,0.3859649122807018,0.18006753788021443,29.333333333333332,29.333333333333332,0.8091496615102232,0.9404403751037788,0.8274356837525869,0.0454497836235662,0.01664890132710678,0.18006753788021443,0.0,0.1066001327299597,0.9541604909820336,0.7004187305768331,15.033405264006646,12.97391262235491,0.0,140.33333333333334,False,True,False,True,False,True,False,False,False,False,False,False,False,False,False,False,False,False
M4_sparse,procedural,ours_dnq_dlc_noshield,31,4,shieldoff_final_20260926/M4_sparse_n4_seed31,ok,3,3,3,False,2200,corrected_v2,3.499999932445851,248.71432495117188,263.3499008178711,0.0,3,0.5563636363636364,True,True,False,False,True,False,False,True,True,False,False,False,True,False,True,False,True,False,0.7017543859649122,0.7017543859649122,0.8118620759263698,0.2982456140350877,0.18813792407363017,22.666666666666668,26.666666666666668,0.7401765341189323,0.8822883380495431,0.7541361706601886,0.0307085120648168,0.023778681623255138,0.18813792407363017,0.0,0.22595010206045782,0.793058279146648,0.7361131111780802,13.534643162412037,11.009681542464897,0.0,232.33333333333334,False,False,False,False,False,False,False,False,False,False,False,False,False,False,False,False,False,False
M4_sparse,procedural,ours_dnq_dlc_noshield,32,4,shieldoff_final_20260926/M4_sparse_n4_seed32,ok,3,3,3,False,2200,corrected_v2,3.499999951454031,248.09295654296875,264.44614562988284,0.0,3,0.5279503105590062,True,True,True,True,True,True,True,True,True,True,True,True,True,True,True,False,True,False,1.0,1.0,1.0,0.0,0.0,0.0,0.0,0.5711462434975749,0.7091639083380596,0.5977987092142131,0.03187474048808153,0.020317443456189892,0.0,0.0,0.12459575044361364,0.9176428625613119,0.8742435773213705,17.557167853942648,15.931747813831329,0.0,106.0,True,True,True,True,True,True,True,True,True,True,True,True,True,True,True,True,True,True
M6_dense,procedural,ours_dnq_dlc_noshield,21,6,shieldoff_final_20260926/M6_dense_n6_seed21,ok,5,0,0,False,2200,corrected_v2,3.4999995854969854,564.5877075195312,1131.6635314941407,0.0,3,0.49504950495049505,True,False,False,False,False,False,False,False,False,False,False,False,False,False,False,False,False,False,nan,nan,nan,nan,nan,nan,nan,nan,nan,nan,nan,nan,nan,nan,nan,nan,nan,nan,nan,nan,nan,False,False,False,False,False,False,False,False,False,False,False,False,False,False,False,False,False,False
M6_dense,procedural,ours_dnq_dlc_noshield,22,6,shieldoff_final_20260926/M6_dense_n6_seed22,ok,5,4,4,False,2200,corrected_v2,3.4999997746412377,261.0892639160156,282.55089263916017,0.0,5,0.7164179104477612,True,True,False,True,True,False,True,True,True,False,False,False,True,False,True,False,True,False,1.0,1.0,1.0,0.0,0.0,0.0,0.0,0.3836118132309996,0.6396939504998957,0.42424278015435973,0.03909988702624209,0.026332465747167137,0.0,0.0,0.22711181793121282,0.8911801209335988,0.880022332072258,17.71527789272731,14.517033132090262,0.0,281.5,False,False,False,False,False,False,False,False,False,False,False,False,False,False,False,False,False,False
M6_dense,procedural,ours_dnq_dlc_noshield,23,6,shieldoff_final_20260926/M6_dense_n6_seed23,ok,5,4,4,False,2200,corrected_v2,3.499999965150242,257.4901123046875,280.8251235961914,0.0,5,0.629757785467128,True,True,True,True,True,True,True,True,True,True,True,True,False,False,True,False,True,False,1.0,1.0,1.0,0.0,0.0,0.0,0.0,0.18821894251793914,0.4618555097234229,0.21979460155147887,0.032026915428078825,0.022879691207425324,0.0,0.0,0.27436236487269383,0.7519525197593565,0.7490792274475098,18.2516840952576,18.00804669081219,0.0,71.25,True,True,True,True,True,True,True,True,True,True,True,True,True,True,True,True,True,True
M6_dense,procedural,ours_dnq_dlc_noshield,24,6,shieldoff_final_20260926/M6_dense_n6_seed24,ok,5,2,2,False,2200,corrected_v2,3.4999999058470284,263.1262512207031,286.69395446777344,0.0,5,0.5709459459459459,True,True,False,True,True,False,True,True,True,False,False,False,True,False,True,False,True,False,1.0,1.0,1.0,0.0,0.0,0.0,0.0,0.16624759981262702,0.34307461617487744,0.19796875744038842,0.04145829129625425,0.020522307314982745,0.0,0.0,0.20955103432323008,0.8905318111734701,0.8213304281234741,21.59630051708193,20.671381937681165,0.0,89.0,False,False,False,False,False,False,False,False,False,False,False,False,False,False,False,False,False,False
M6_dense,procedural,ours_dnq_dlc_noshield,25,6,shieldoff_final_20260926/M6_dense_n6_seed25,ok,5,3,3,False,2200,corrected_v2,3.4999996588959443,567.1804809570312,1133.036846923828,0.0,5,0.5934065934065934,True,True,True,True,True,True,True,True,True,True,True,True,True,True,True,False,True,False,1.0,1.0,1.0,0.0,0.0,0.0,0.0,0.3541305052797643,0.6788676792784974,0.40903087580988023,0.02839027117905757,0.027122030596436402,0.0,0.0,0.2059997506627399,0.927795983042854,0.9094022909800211,19.7328327358142,14.118999320683537,0.0,170.0,True,True,True,True,True,True,True,True,True,True,True,True,True,True,True,True,True,True
M6_dense,procedural,ours_dnq_dlc_noshield,26,6,shieldoff_final_20260926/M6_dense_n6_seed26,ok,5,4,4,False,2200,corrected_v2,3.5000000613862143,239.72557067871094,259.0264236450195,0.0,5,0.851985559566787,True,True,True,True,True,True,True,True,True,True,True,True,True,False,True,False,True,False,1.0,1.0,1.0,0.0,0.0,0.0,0.0,0.41379108989691726,0.5262475762125327,0.42382532191510713,0.03561870286786879,0.02148503235108346,0.0,0.0,0.17002865472020723,0.891027749070627,0.8805246204137802,20.58757888789903,17.70759725749692,0.0,100.0,True,True,True,True,True,True,True,True,True,True,True,True,True,True,True,True,True,True
M6_dense,procedural,ours_dnq_dlc_noshield,27,6,shieldoff_final_20260926/M6_dense_n6_seed27,ok,5,4,4,False,2200,corrected_v2,3.499999941194687,232.57473754882812,251.6601593017578,0.0,5,0.7414965986394558,True,True,True,True,True,True,True,True,True,True,True,False,True,False,True,False,True,False,1.0,1.0,1.0,0.0,0.0,0.0,0.0,0.3347362342985767,0.5614795718154706,0.3791240049088907,0.04064467409806426,0.02482620541027529,0.0,0.0,0.27834880987048405,0.8513817345674595,0.8085190504789352,18.671990115669118,12.07751756171688,0.0,198.0,True,True,True,True,True,True,True,True,True,True,True,True,True,True,True,True,True,True
M6_dense,procedural,ours_dnq_dlc_noshield,28,6,shieldoff_final_20260926/M6_dense_n6_seed28,ok,5,4,4,False,2200,corrected_v2,3.5000000545572085,228.66986083984375,245.65155410766602,0.0,5,0.625,True,True,True,True,True,True,True,True,True,True,True,True,True,True,True,False,False,False,1.0,1.0,1.0,0.0,0.0,0.0,0.0,0.40014104564370745,0.6380672356171426,0.4485653862653205,0.03887733046708114,0.035316557605779134,0.0,0.0,0.3090284798103457,0.7761950117957246,0.7761949002742767,18.666967643080877,14.479252280761372,0.0,74.25,True,True,True,True,True,True,True,True,True,True,True,True,True,True,True,True,True,True
M6_dense,procedural,ours_dnq_dlc_noshield,29,6,shieldoff_final_20260926/M6_dense_n6_seed29,ok,5,5,5,False,2200,corrected_v2,3.4999999153036945,564.5874633789062,1131.49345703125,0.0,5,0.4948805460750853,True,True,True,True,True,True,True,True,True,True,False,False,True,False,True,False,True,False,0.6,0.6,0.814456642286291,0.4,0.18554335771370897,30.4,45.8,0.7320143966618289,0.8917628009636308,0.7527079106643519,0.04758205053958116,0.0236919700675093,0.19518445816443747,0.0,0.2280500333663525,0.8933544126437718,0.875504994392395,13.74995379271912,11.504165164458183,0.0,352.2,False,True,False,False,False,False,False,False,False,False,False,False,False,False,False,False,False,False
M6_dense,procedural,ours_dnq_dlc_noshield,30,6,shieldoff_final_20260926/M6_dense_n6_seed30,ok,5,4,4,False,2200,corrected_v2,3.500000064460826,238.32449340820312,256.8189727783203,0.0,5,0.9505703422053232,True,True,True,True,True,True,True,True,True,True,True,True,True,False,True,False,True,False,1.0,1.0,1.0,0.0,0.0,0.0,0.0,0.5718125233873657,0.822065046042046,0.595032562683472,0.03997802691274374,0.025799074562519064,0.0,0.0,0.21243524379739154,0.8509805912629304,0.7761907130479813,17.281388758514915,16.97755771467125,0.0,219.5,True,True,True,True,True,True,True,True,True,True,True,True,True,True,True,True,True,True
M6_dense,procedural,ours_dnq_dlc_noshield,31,6,shieldoff_final_20260926/M6_dense_n6_seed31,ok,5,3,3,False,2200,corrected_v2,3.499999932445851,239.9781036376953,260.2712020874023,0.0,4,0.48,True,True,True,True,True,True,True,False,True,True,False,False,True,False,False,False,True,False,0.0,0.0,0.42840326623009134,1.0,0.5715967337699087,76.0,106.0,1.4060232495222715,1.5128659485293205,1.4123157654017362,0.04201487184240701,0.008020700484683433,0.6484388390330665,0.0,0.2061271288804619,0.7887045910593656,0.7095855673154196,12.333192331194235,10.430665704436791,0.0,174.0,False,False,False,False,False,False,False,False,False,False,False,False,False,False,False,False,False,False
M6_dense,procedural,ours_dnq_dlc_noshield,32,6,shieldoff_final_20260926/M6_dense_n6_seed32,ok,5,0,0,False,2200,corrected_v2,3.499999951454031,222.7999725341797,237.961750793457,0.0,0,0.15217391304347827,True,False,False,False,False,False,False,False,False,False,False,False,False,False,False,False,False,False,nan,nan,nan,nan,nan,nan,nan,nan,nan,nan,nan,nan,nan,nan,nan,nan,nan,nan,nan,nan,nan,False,False,False,False,False,False,False,False,False,False,False,False,False,False,False,False,False,False
M8_scale,procedural,ours_dnq_dlc_noshield,21,8,shieldoff_final_20260926/M8_scale_n8_seed21,ok,7,4,4,False,2200,corrected_v2,3.4999995854969854,555.3992309570312,1132.245635986328,0.0,6,0.5610561056105611,True,True,True,True,True,True,True,True,True,True,True,True,True,True,True,False,True,False,0.5,0.5,0.8426867369438018,0.5,0.15731326305619833,38.0,44.5,0.5913710558563939,0.7552222274153902,0.6093965067645526,0.046522519044834676,0.014369837090108473,0.16084360131060924,0.0,0.08852150010026114,0.9585165155743727,0.9378461837768555,17.104586579337006,14.331350330894338,0.0,668.0,True,True,True,True,True,True,True,True,True,True,True,True,True,True,True,True,True,True
M8_scale,procedural,ours_dnq_dlc_noshield,22,8,shieldoff_final_20260926/M8_scale_n8_seed22,ok,7,1,1,False,2200,corrected_v2,3.4999997746412377,249.136474609375,293.1652526855469,0.0,0,0.31716417910447764,True,True,False,False,True,False,False,False,False,False,False,False,False,False,False,False,False,False,0.0,0.0,0.7192513368983957,1.0,0.2807486631016043,76.0,98.0,2.5100693690311746,3.149298943270857,2.557677347593209,0.03341328330745008,0.026273638383669695,0.2807486631016043,0.15775401069518716,0.4748620457908028,0.1260800079813127,-0.9999915361404419,11.108685303835198,9.14765444459849,0.0,323.0,False,False,False,False,False,False,False,False,False,False,False,False,False,False,False,False,False,False
M8_scale,procedural,ours_dnq_dlc_noshield,23,8,shieldoff_final_20260926/M8_scale_n8_seed23,ok,7,1,1,False,2200,corrected_v2,3.499999965150242,254.5071563720703,284.8955490112302,0.0,5,0.5432525951557093,True,True,False,False,True,False,False,True,False,False,False,False,False,False,True,False,False,False,0.881578947368421,0.881578947368421,0.9579439252336449,0.11842105263157894,0.04205607476635514,9.0,9.0,0.49718468576855557,1.040641823699927,0.6114214667092291,0.03645495364739226,0.03645495364739226,0.04205607476635514,0.0,0.3592490145154897,0.7986947951548692,0.7986947894096375,14.273722589833508,10.639197069436712,0.0,163.0,False,False,False,False,False,False,False,False,False,False,False,False,False,False,False,False,False,False
M8_scale,procedural,ours_dnq_dlc_noshield,24,8,shieldoff_final_20260926/M8_scale_n8_seed24,ok,7,8,8,False,2200,corrected_v2,3.4999999058470284,236.6611785888672,251.27869491577147,0.0,6,0.597972972972973,True,True,False,True,True,False,True,True,True,False,False,False,True,False,True,False,True,False,0.9605263157894737,0.9605263157894737,0.968446568083219,0.039473684210526314,0.03155343191678093,3.0,8.625,0.519899733904571,0.7049443031533602,0.5444838842820581,0.02945590112547962,0.019022591454892754,0.01648250993096533,0.0,0.17337402953484596,0.9376069940369758,0.8643238171935081,17.963285347783376,15.200019173678985,0.0,185.25,False,False,False,False,False,False,False,False,False,False,False,False,False,False,False,False,False,False
M8_scale,procedural,ours_dnq_dlc_noshield,25,8,shieldoff_final_20260926/M8_scale_n8_seed25,ok,7,6,6,False,2200,corrected_v2,3.4999996588959443,536.3468017578125,1134.3942077636716,0.0,7,0.717948717948718,True,True,True,True,True,True,True,True,True,True,True,True,True,True,True,False,True,False,1.0,1.0,0.9586663171171881,0.0,0.041333682882811994,0.0,9.166666666666666,0.15911373397553993,0.3462459801448383,0.1855209003240614,0.03908463323262851,0.028413271981960062,0.0326624039114573,0.0,0.2073994686937294,0.8352421436690287,0.8017748991648356,19.17091824452279,19.17229552140908,0.0,124.33333333333333,True,True,True,True,True,True,True,True,True,True,True,True,True,True,True,True,True,True
M8_scale,procedural,ours_dnq_dlc_noshield,26,8,shieldoff_final_20260926/M8_scale_n8_seed26,ok,7,6,6,False,2200,corrected_v2,3.5000000613862143,238.6810302734375,251.75318374633787,0.0,5,0.51985559566787,True,True,True,True,True,True,True,True,True,False,False,False,True,False,True,False,True,False,0.5241228070175439,0.5241228070175439,0.5266339483305961,0.4758771929824561,0.47336605166940404,36.166666666666664,145.66666666666666,1.3861750010783904,1.587075637370144,1.4025106391891822,0.03626913597150686,0.014906853081544047,0.47336605166940404,0.05209652789164043,0.34172956655275083,0.6194879178581223,-0.12626568476359049,13.401156993327831,9.545250365029775,0.0,326.1666666666667,False,False,False,False,False,False,False,False,False,False,False,False,False,False,False,False,False,False
M8_scale,procedural,ours_dnq_dlc_noshield,27,8,shieldoff_final_20260926/M8_scale_n8_seed27,ok,7,3,3,False,2200,corrected_v2,3.499999941194687,234.54934692382812,242.13670654296874,0.0,5,0.5578231292517006,True,True,True,True,True,True,True,True,True,True,True,True,True,False,False,False,True,False,0.7192982456140351,0.7192982456140351,0.8137873781087598,0.2807017543859649,0.18621262189124022,12.0,33.333333333333336,0.8246194922293973,0.9190026180165952,0.8343743427878886,0.026164348307945156,0.015991509117516473,0.18621262189124022,0.0,0.09193635990932741,0.9580486804756386,0.8692594170570374,13.209569415264335,10.995398696253185,0.0,186.0,True,True,True,True,True,True,True,True,True,False,True,False,True,False,True,True,True,True
M8_scale,procedural,ours_dnq_dlc_noshield,28,8,shieldoff_final_20260926/M8_scale_n8_seed28,ok,7,2,2,False,2200,corrected_v2,3.5000000545572085,232.3231201171875,242.9485885620117,0.0,3,0.5202702702702703,True,True,False,True,True,False,True,True,True,False,False,False,False,False,False,False,True,False,0.8092105263157895,0.8092105263157895,0.8022141860170029,0.1907894736842105,0.19778581398299708,14.5,16.0,0.9599624856224002,1.0208875878227976,0.9605311350822007,0.04945474165998709,0.00436569330986436,0.34627585331810684,0.0,0.05545299637046748,0.993301911277707,0.9608592092990875,11.401303039441935,10.223070232536394,0.0,166.5,False,False,False,False,False,False,False,False,False,False,False,False,False,False,False,False,False,False
M8_scale,procedural,ours_dnq_dlc_noshield,29,8,shieldoff_final_20260926/M8_scale_n8_seed29,ok,7,4,4,False,2200,corrected_v2,3.4999999153036945,526.6153564453125,1133.5397644042969,0.0,6,0.5221843003412969,True,True,True,True,True,True,True,False,True,True,False,False,True,False,False,False,True,False,0.2368421052631579,0.2368421052631579,0.5681641978516978,0.763157894736842,0.43183580214830214,58.0,80.5,1.038511012330572,1.1030955799846498,1.0404559153027546,0.047731171284759094,0.008194031616193254,0.45527330214830214,0.0,0.1053983520208557,0.9560480826315225,0.9366986453533173,13.578971994934097,10.514024724976004,0.0,133.5,False,True,False,True,False,False,False,False,False,False,False,False,False,False,False,False,False,False
M8_scale,procedural,ours_dnq_dlc_noshield,30,8,shieldoff_final_20260926/M8_scale_n8_seed30,ok,7,4,4,False,2200,corrected_v2,3.500000064460826,219.28053283691406,242.4896026611328,0.0,6,0.5893536121673004,True,True,True,True,True,True,True,False,True,True,False,False,True,False,False,False,True,False,0.22039473684210528,0.22039473684210528,0.5893955769870303,0.7796052631578947,0.41060442301296973,53.25,72.75,1.069712772521381,1.1291312082555554,1.070852959290854,0.040645786580654236,0.004037174245302311,0.43895493847688727,0.0,0.09583684636525504,0.9559222063513352,0.9332556128501892,13.192177798029702,10.509116783511832,0.0,140.5,False,True,False,True,False,False,False,False,False,False,False,False,False,False,False,False,False,False
M8_scale,procedural,ours_dnq_dlc_noshield,31,8,shieldoff_final_20260926/M8_scale_n8_seed31,ok,7,2,1,False,2200,corrected_v2,3.499999932445851,227.31712341308594,236.9749969482422,0.0,5,0.5709090909090909,True,True,True,True,True,True,True,True,True,True,True,True,False,False,True,False,True,False,1.0,1.0,1.0,0.0,0.0,0.0,0.0,0.6089924931242832,0.8591488467546402,0.6190340727757266,0.014349925891974813,0.010451981748990757,0.0,0.0,0.11898074925950516,0.9717250751048793,0.9717251658439636,16.762853918286957,19.547570744346956,0.0,73.0,True,True,True,True,True,True,True,True,True,True,True,True,True,True,True,True,True,True
M8_scale,procedural,ours_dnq_dlc_noshield,32,8,shieldoff_final_20260926/M8_scale_n8_seed32,ok,7,6,6,False,2200,corrected_v2,3.499999951454031,239.77182006835938,250.79962768554688,0.0,7,0.5745341614906833,True,True,True,True,True,True,True,True,True,True,True,True,True,True,True,False,True,False,1.0,1.0,0.9951989026063099,0.0,0.004801097393689987,0.0,1.1666666666666667,0.6336984848350191,0.7526310413577432,0.6421580835447654,0.030040945095095056,0.01150164537652588,0.004801097393689987,0.0,0.08611890526140076,0.970355065162236,0.9461963375409445,15.032733865293665,14.381383319130746,0.0,147.0,True,True,True,True,True,True,True,True,True,True,True,True,True,True,True,True,True,True
