experiment_id,track_id,algorithm,seed,num_agents,case_dir,target_agent,available,opponent,start_step,complete_step,event_steps,maneuver_steps,time_to_pass_steps,P,L,C,physical_pass,sustained_lead,contact_free,contact_count,T_v3,S_v3,E_pass,E_valid,E_full,Q,E_race,rival_lat_start,rival_grass_start,rival_backward_start,rival_speed_start,T_v2,T_old,S_old,strict_old,in_corridor,in_corridor_man,in_corridor_full,frac_offroad,frac_offroad_full,longest_off_run,longest_off_run_full,mean_abs_lat,max_abs_lat,lateral_rmse,max_step_lat,max_step_lat_hold,grass_fraction,grass_agreement,backward_fraction,min_heading_cos_true,mean_heading_error,min_heading_cos_legacy,mean_speed,min_speed_hold,max_abs_lat_legacy,guard_fraction
M10_scale,procedural,ours_dnq_dlc_noshield,21,10,shieldoff_final_20260926/M10_scale_n10_seed21,9,True,7,427,630,254,76,203,True,False,False,True,False,False,54,True,True,False,False,False,True,False,0.04565650778070321,False,False,9.860984141607704,True,False,True,False,1.0,1.0,1.0,0.0,0.0,0,0,0.6959837191094458,0.878698844660994,0.7066430049612753,0.04090697350663608,0.01968298541497826,0.0,1.0,0.0,0.9496064436328009,0.14571516726639086,0.9078789353370667,17.84909646232926,10.30410460139162,0.8786988258361816,0.0
M10_scale,procedural,ours_dnq_dlc_noshield,21,10,shieldoff_final_20260926/M10_scale_n10_seed21,9,True,8,1,255,305,76,254,True,False,True,True,False,True,0,True,True,False,False,False,False,False,0.46570622863264904,False,False,2.1912101007798284,True,False,True,False,1.0,1.0,1.0,0.0,0.0,0,0,0.5621911600165742,0.6211235858407763,0.5632198701198532,0.06684883882984544,0.008448647541687726,0.0,1.0,0.0,0.988138577642209,0.06723501001752329,0.922686755657196,13.028943025425416,17.43678510463636,0.6570660471916199,0.0
M10_scale,procedural,ours_dnq_dlc_noshield,22,10,shieldoff_final_20260926/M10_scale_n10_seed22,9,True,2,861,941,131,76,80,True,True,False,True,True,False,32,True,False,False,False,False,True,False,1.0118930706163562,True,False,8.570047672071727,True,False,False,False,1.0,1.0,1.0,0.0,0.0,0,0,0.4562674129652093,0.6104922138970459,0.4625774586094519,0.010224149444247321,0.0043051446792195525,0.0,1.0,0.0,0.9790376933835478,0.07345561180245669,0.9790375828742981,14.328295346596068,0.7874886769636841,0.7011206150054932,0.0
M10_scale,procedural,ours_dnq_dlc_noshield,22,10,shieldoff_final_20260926/M10_scale_n10_seed22,9,True,3,861,1099,289,76,238,True,False,False,True,False,False,32,True,True,False,False,False,True,False,0.5165878021222661,False,False,9.56097426040948,True,False,True,False,1.0,1.0,1.0,0.0,0.0,0,0,0.7811626617486717,0.8085490739560365,0.781277062420379,0.02509096324646387,0.00260534571453519,0.0,1.0,0.0,0.9989623491071876,0.017899658789169496,0.9204772114753723,14.566944723029781,10.51246956929347,0.8206539154052734,0.0
M10_scale,procedural,ours_dnq_dlc_noshield,22,10,shieldoff_final_20260926/M10_scale_n10_seed22,9,True,4,842,929,138,76,87,True,True,False,True,True,False,29,True,False,False,False,False,True,False,0.19803113160023342,False,False,10.865380681218987,True,False,False,False,1.0,1.0,1.0,0.0,0.0,0,0,0.4914991669846181,0.6378150110201443,0.4999237720415471,0.010224149444247321,0.010224149444247321,0.0,1.0,0.0,0.9790376933835478,0.08109861166812327,0.9790375828742981,15.047056685446785,0.7874886769636841,0.7691038250923157,0.0
M10_scale,procedural,ours_dnq_dlc_noshield,22,10,shieldoff_final_20260926/M10_scale_n10_seed22,9,True,7,193,361,219,76,168,True,False,True,True,False,True,0,True,True,False,False,False,True,False,0.138673637925009,False,False,11.499593452617294,True,False,True,False,1.0,1.0,1.0,0.0,0.0,0,0,0.6215478997308924,0.7065439704838908,0.6236093307904166,0.04428236702160704,0.0135876784475778,0.0,1.0,0.0,0.9451696252661359,0.10324247736265858,0.9451693296432495,19.009193485834967,16.00895825076948,0.7065439820289612,0.0
M10_scale,procedural,ours_dnq_dlc_noshield,23,10,shieldoff_final_20260926/M10_scale_n10_seed23,9,True,2,540,706,217,76,166,True,False,False,True,False,False,18,True,True,False,False,False,True,False,0.9757089349486069,False,False,10.428349996907173,True,False,False,False,1.0,1.0,1.0,0.0,0.0,0,0,0.26633663865799884,0.6748696544219214,0.3161639583972874,0.04424006832132299,0.0312500586023593,0.0,1.0,0.0,0.8953033061444189,0.2158553135263253,0.7949435710906982,19.908134973489933,18.68853884704533,0.6748696565628052,0.0
M10_scale,procedural,ours_dnq_dlc_noshield,23,10,shieldoff_final_20260926/M10_scale_n10_seed23,9,True,7,208,334,177,76,126,True,False,True,True,False,True,0,True,True,False,False,False,True,False,0.12044171027803928,False,False,11.113058969226296,True,False,True,False,1.0,1.0,1.0,0.0,0.0,0,0,0.5876502748397908,0.63946662841248,0.5891167617748689,0.0445273973888779,0.0445273973888779,0.0,1.0,0.0,0.9313479042908829,0.08175688543002456,0.9313477873802185,20.691762498105373,18.267814975897778,0.6403262615203857,0.0
M10_scale,procedural,ours_dnq_dlc_noshield,24,10,shieldoff_final_20260926/M10_scale_n10_seed24,9,True,8,387,766,430,76,379,True,False,True,True,False,True,0,False,True,False,False,False,True,False,0.2374420458382436,False,False,11.369722621711595,False,False,True,False,0.5263157894736843,0.5263157894736843,0.2441860465116279,0.47368421052631576,0.7558139534883721,30,180,0.9971909054466458,1.0920547525065074,0.9991636127648962,0.031859026896254417,0.023524721267718762,0.686046511627907,0.6052631578947368,0.0,0.8293507268091271,0.21063523984501392,0.8293507695198059,11.619623003126726,10.008957315181842,1.564001202583313,0.0
M10_scale,procedural,ours_dnq_dlc_noshield,25,10,shieldoff_final_20260926/M10_scale_n10_seed25,9,True,2,545,635,141,76,90,True,True,True,True,True,True,0,False,True,True,False,False,False,False,4.68938430044792,True,False,5.174330369239859,False,False,True,False,0.5789473684210527,0.5789473684210527,0.36170212765957444,0.42105263157894735,0.6382978723404256,11,56,0.9989604138911762,1.0103329237386238,0.9989779476432217,0.0028410533739591237,0.0028313256430396727,0.6382978723404256,1.0,0.0,0.9992667775331036,0.01549353929169932,0.9992668032646179,11.661772579738514,10.203503493422705,1.0546939373016357,0.0
M10_scale,procedural,ours_dnq_dlc_noshield,25,10,shieldoff_final_20260926/M10_scale_n10_seed25,9,True,3,530,650,171,76,120,True,True,True,True,True,True,0,False,True,True,False,False,False,False,5.323463516574564,True,False,5.736076919901861,False,False,True,False,0.6578947368421053,0.6578947368421053,0.35672514619883045,0.34210526315789475,0.6432748538011696,11,71,0.9969964241197357,1.0090493013337525,0.9970158994071006,0.002873713600114458,0.002873713600114458,0.6432748538011696,1.0,0.0,0.9992099873120107,0.017587542214424663,0.999210000038147,11.662497141720905,10.203503493422705,1.0615670680999756,0.0
M10_scale,procedural,ours_dnq_dlc_noshield,25,10,shieldoff_final_20260926/M10_scale_n10_seed25,9,True,4,726,862,187,76,136,True,True,True,True,True,True,0,False,True,True,False,False,False,False,2.337363845980792,True,True,7.452006640446,False,False,True,False,0.2763157894736842,0.2763157894736842,0.5294117647058824,0.7236842105263158,0.47058823529411764,44,44,1.1121336210920105,1.31205632206932,1.12019005285862,0.04778425440773271,0.015725129239839486,0.48128342245989303,0.9736842105263158,0.0,0.8688901291063054,0.2130011889618884,0.8688905835151672,11.644145426996866,10.125710228587195,1.312056303024292,0.0
M10_scale,procedural,ours_dnq_dlc_noshield,25,10,shieldoff_final_20260926/M10_scale_n10_seed25,9,True,5,726,861,186,76,135,True,True,True,True,True,True,0,False,True,True,False,False,False,False,1.9360129105377324,True,False,6.422306261050421,False,False,True,False,0.2763157894736842,0.2763157894736842,0.532258064516129,0.7236842105263158,0.46774193548387094,43,43,1.1083203629393006,1.31205632206932,1.1162182790703028,0.04778425440773271,0.015725129239839486,0.478494623655914,0.9736842105263158,0.0,0.8688901291063054,0.21416095886754438,0.8688905835151672,11.646075675718885,10.125710228587195,1.312056303024292,0.0
M10_scale,procedural,ours_dnq_dlc_noshield,25,10,shieldoff_final_20260926/M10_scale_n10_seed25,9,True,7,174,301,178,76,127,True,False,True,True,False,True,0,True,True,False,False,False,True,False,0.1844690388289631,False,False,11.107180143090618,True,False,True,False,1.0,1.0,1.0,0.0,0.0,0,0,0.6026238084437158,0.636996681884071,0.6030419064409926,0.04788377361802465,0.04788377361802465,0.0,1.0,0.0,0.9414071341430011,0.04923426747190527,0.9414072632789612,20.812557231019294,18.8148847100883,0.6497852206230164,0.0
M10_scale,procedural,ours_dnq_dlc_noshield,26,10,shieldoff_final_20260926/M10_scale_n10_seed26,9,True,2,946,1098,203,76,152,True,False,False,True,False,False,118,False,False,False,False,False,False,False,2.8459861088513105,True,True,5.24499229603228,False,False,False,False,0.0,0.0,0.5270935960591133,1.0,0.4729064039408867,76,81,1.52265899412084,2.107985027215372,1.5532107013091834,0.03273453946112648,0.021144058262488663,0.5566502463054187,1.0,0.09852216748768473,0.009629814411988624,0.9279586116582589,-0.9996798634529114,9.339060923117193,3.4016529330482745,2.107985019683838,0.0
M10_scale,procedural,ours_dnq_dlc_noshield,26,10,shieldoff_final_20260926/M10_scale_n10_seed26,9,True,2,1175,1707,583,76,532,True,False,False,True,False,False,581,False,False,False,False,False,False,False,1.9955109684114365,True,True,4.624057884474049,False,False,False,False,0.0,0.0,0.03430531732418529,1.0,0.9656946826758147,76,436,1.3876888133747682,1.6743360026448884,1.3945331328917263,0.0275158618035789,0.01110069021728366,0.9656946826758147,1.0,0.3876500857632933,0.007324623022238894,1.2086160909347414,-0.9998545050621033,6.54751678403788,2.7972304921658084,2.393594264984131,0.0
M10_scale,procedural,ours_dnq_dlc_noshield,26,10,shieldoff_final_20260926/M10_scale_n10_seed26,9,True,7,234,393,210,76,159,True,False,True,True,False,True,0,True,True,False,False,False,True,False,0.10176704098060153,False,False,11.579043169012786,True,False,True,False,1.0,1.0,1.0,0.0,0.0,0,0,0.7151892777829181,0.8228881402862803,0.7196856482180687,0.047807849036705985,0.03109732228266271,0.0,1.0,0.0,0.9469910400771514,0.14040246281625987,0.9469910264015198,18.698737948007206,10.486282246358307,0.8228881359100342,0.0
M10_scale,procedural,ours_dnq_dlc_noshield,26,10,shieldoff_final_20260926/M10_scale_n10_seed26,9,True,8,1,59,109,76,58,True,False,True,True,False,True,0,True,True,False,False,False,False,False,0.25933707082274043,False,False,2.19120911516604,True,True,True,False,1.0,1.0,1.0,0.0,0.0,0,0,0.0924550666770866,0.25846661401494603,0.11093650574554222,0.03644117384775675,0.033256740987330335,0.0,1.0,0.0,0.9022855233534866,0.1564929157244666,0.9022853374481201,19.10988060405093,19.54943479705951,0.25846660137176514,0.0
M10_scale,procedural,ours_dnq_dlc_noshield,27,10,shieldoff_final_20260926/M10_scale_n10_seed27,9,True,8,1741,1875,185,76,134,True,False,True,True,False,True,0,True,True,False,False,False,True,False,0.0009375171559595995,False,False,10.917857753587322,True,False,True,False,1.0,1.0,1.0,0.0,0.0,0,0,0.6810383092834584,0.7369862435276199,0.6824970150574424,0.013660934077431408,0.0061052712955368404,0.0,1.0,0.0,0.9976585330364707,0.03462664351567014,0.9730074405670166,16.052326741580003,15.466059931128264,0.7369862794876099,0.0
M10_scale,procedural,ours_dnq_dlc_noshield,28,10,shieldoff_final_20260926/M10_scale_n10_seed28,9,True,2,803,995,243,76,192,True,True,True,True,True,True,0,True,True,True,True,True,False,False,6.227439183237198,True,False,6.267545464162499,False,False,True,False,0.7894736842105263,0.7894736842105263,0.8847736625514403,0.21052631578947367,0.11522633744855967,16,16,0.9691039434209343,1.0213034165001795,0.969513127194707,0.04676461497293083,0.004642524020380456,0.11522633744855967,1.0,0.0,0.9924352437374506,0.0540026959965058,0.9506358504295349,11.446787974458267,10.084753182809928,1.021303415298462,0.0
M10_scale,procedural,ours_dnq_dlc_noshield,28,10,shieldoff_final_20260926/M10_scale_n10_seed28,9,True,3,850,1010,211,76,160,True,True,True,True,True,True,0,True,True,True,True,True,False,False,6.8931142220773385,True,False,6.37182556169145,False,False,True,False,0.8289473684210527,0.8289473684210527,0.8672985781990521,0.17105263157894737,0.13270142180094788,13,16,0.9643735712549045,1.0213034165001795,0.9647512479844023,0.04676461497293083,0.003195701220356173,0.13270142180094788,1.0,0.0,0.9926366178490992,0.04231006424813754,0.9790893197059631,11.449225499168351,10.084753182809928,1.021303415298462,0.0
M10_scale,procedural,ours_dnq_dlc_noshield,28,10,shieldoff_final_20260926/M10_scale_n10_seed28,9,True,7,192,306,165,76,114,True,False,True,True,False,True,0,True,True,False,False,False,True,False,0.22723650802736062,False,False,11.00428981169529,True,False,True,False,1.0,1.0,1.0,0.0,0.0,0,0,0.6023442808574166,0.6942829533049176,0.6038310533033214,0.0478373505497951,0.0478373505497951,0.0,1.0,0.0,0.9315405504735043,0.08738195893418274,0.931540846824646,21.2872157244276,15.946972441259561,0.6942829489707947,0.0
M10_scale,procedural,ours_dnq_dlc_noshield,29,10,shieldoff_final_20260926/M10_scale_n10_seed29,9,True,0,1939,2073,185,76,134,True,False,False,True,False,False,114,False,True,False,False,False,True,False,0.6129709860773079,False,False,6.795197949155969,False,False,False,False,0.2763157894736842,0.2763157894736842,0.4486486486486486,0.7236842105263158,0.5513513513513514,55,102,1.1994493038049658,1.5861669893920642,1.2242665472201197,0.041202895162546826,0.015864469968117856,0.572972972972973,1.0,0.0,0.8997669131732642,0.30537036665915074,0.5945416688919067,10.328630718609885,10.488249708876479,1.5861669778823853,0.0
M10_scale,procedural,ours_dnq_dlc_noshield,29,10,shieldoff_final_20260926/M10_scale_n10_seed29,9,True,2,630,695,116,76,65,True,True,False,True,True,False,16,True,True,False,False,False,False,False,2.156087824171772,True,False,7.116418017720366,True,False,False,False,1.0,1.0,1.0,0.0,0.0,0,0,0.4827305615141347,0.5718006489867372,0.4892630866979773,0.03944820011194433,0.011602473591494078,0.0,1.0,0.0,0.7918179387861214,0.15832870701771587,0.7918183207511902,21.435247800285776,18.25112653024674,0.5718006491661072,0.0
M10_scale,procedural,ours_dnq_dlc_noshield,29,10,shieldoff_final_20260926/M10_scale_n10_seed29,9,True,3,630,695,116,76,65,True,True,False,True,True,False,16,True,True,False,False,False,True,False,1.4339999711264813,True,False,7.453911744799741,True,False,False,False,1.0,1.0,1.0,0.0,0.0,0,0,0.4827305615141347,0.5718006489867372,0.4892630866979773,0.03944820011194433,0.011602473591494078,0.0,1.0,0.0,0.7918179387861214,0.15832870701771587,0.7918183207511902,21.435247800285776,18.25112653024674,0.5718006491661072,0.0
M10_scale,procedural,ours_dnq_dlc_noshield,29,10,shieldoff_final_20260926/M10_scale_n10_seed29,9,True,4,630,704,125,76,74,True,True,False,True,True,False,16,True,True,False,False,False,True,False,0.23146843891269572,False,False,11.352473319764133,True,False,False,False,1.0,1.0,1.0,0.0,0.0,0,0,0.47659970778995814,0.5718006489867372,0.48452635120762905,0.03944820011194433,0.011602473591494078,0.0,1.0,0.0,0.9101258138099635,0.10501731064406722,0.7918183207511902,21.57424428151604,18.25112653024674,0.5718006491661072,0.0
M10_scale,procedural,ours_dnq_dlc_noshield,29,10,shieldoff_final_20260926/M10_scale_n10_seed29,9,True,5,622,704,133,76,82,True,True,False,True,True,False,16,True,True,False,False,False,True,False,0.40432770413161334,False,False,11.214545114220654,True,False,False,False,1.0,1.0,1.0,0.0,0.0,0,0,0.47659970778995814,0.5718006489867372,0.48452635120762905,0.03944820011194433,0.011602473591494078,0.0,1.0,0.0,0.9101258138099635,0.10501731064406722,0.7918183207511902,21.69093222218342,18.25112653024674,0.5718006491661072,0.0
M10_scale,procedural,ours_dnq_dlc_noshield,29,10,shieldoff_final_20260926/M10_scale_n10_seed29,9,True,6,346,647,352,76,301,True,False,False,True,False,False,16,True,False,False,False,False,True,False,0.1568646134749535,False,False,15.872538576146834,True,False,False,False,1.0,1.0,1.0,0.0,0.0,0,0,0.28086838050289203,0.5638638394599975,0.33734533230281016,0.04697097225432706,0.03944820011194433,0.0,1.0,0.0,0.7918179387861214,0.31752801405215714,0.7918183207511902,21.13044811747001,19.00923197963419,0.7092540264129639,0.0
M10_scale,procedural,ours_dnq_dlc_noshield,29,10,shieldoff_final_20260926/M10_scale_n10_seed29,9,True,6,968,1101,184,76,133,True,False,False,True,False,False,54,True,False,False,False,False,True,False,0.00377257546521636,False,False,17.12680433522911,True,False,False,False,1.0,1.0,1.0,0.0,0.0,0,0,0.5470223586352442,0.6114133505269567,0.5482767865299722,0.015484366313774367,0.005293499921139921,0.0,1.0,0.0,0.9681606967214857,0.12257293769221708,0.9681608080863953,13.216481755191781,1.0512534070640575e-05,0.7221279740333557,0.0
M10_scale,procedural,ours_dnq_dlc_noshield,29,10,shieldoff_final_20260926/M10_scale_n10_seed29,9,True,7,173,289,167,76,116,True,False,True,True,False,True,0,True,True,False,False,False,True,False,0.15907155173905185,False,False,11.901887040615659,True,False,True,False,1.0,1.0,1.0,0.0,0.0,0,0,0.5626541757103025,0.6313166664885451,0.5638830978874612,0.008697393033175183,0.008390579620296434,0.0,1.0,0.0,0.9968184824771724,0.037044821822097625,0.9913502931594849,21.18337866874205,17.548883459184193,0.6313167214393616,0.0
M10_scale,procedural,ours_dnq_dlc_noshield,30,10,shieldoff_final_20260926/M10_scale_n10_seed30,9,True,2,1126,1286,211,76,160,True,True,False,True,True,False,14,False,True,False,False,False,False,False,7.352428670589619,True,False,7.119845476894805,False,False,True,False,0.42105263157894735,0.42105263157894735,0.4312796208530806,0.5789473684210527,0.5687203791469194,44,120,0.9749813046028515,1.1272233440166117,0.9852972219272146,0.05007526843429133,0.01414464826316042,0.6635071090047393,1.0,0.0,0.9486765957297768,0.14262159422406553,0.9486765265464783,11.705686889961315,10.653558526678399,1.1291027069091797,0.0
M10_scale,procedural,ours_dnq_dlc_noshield,30,10,shieldoff_final_20260926/M10_scale_n10_seed30,9,True,8,1251,1609,409,76,358,True,False,False,True,False,False,123,True,True,False,False,False,True,False,0.17109331615274884,False,False,10.830391758324593,False,False,True,False,1.0,1.0,0.8679706601466992,0.0,0.13202933985330073,0,54,0.5476610112148839,0.6531282724280073,0.5491710241993689,0.04661057504372845,0.007479083398254871,0.13202933985330073,1.0,0.0,0.9868618235669678,0.062473423382329286,0.8751856088638306,12.399072784756067,7.2762773139403025,1.1291027069091797,0.0
M10_scale,procedural,ours_dnq_dlc_noshield,31,10,shieldoff_final_20260926/M10_scale_n10_seed31,9,True,8,7,139,183,76,132,True,False,True,True,False,True,0,True,True,False,False,False,True,False,0.4842507474185387,False,False,7.734021169808959,True,False,True,False,1.0,1.0,1.0,0.0,0.0,0,0,0.20222357405794833,0.3578656704368518,0.22262846929626048,0.025150214663227255,0.017957940889059137,0.0,1.0,0.0,0.9702428864249399,0.11198880285863635,0.9537699222564697,14.280672301173144,20.580643718035322,0.5083903670310974,0.0
M10_scale,procedural,ours_dnq_dlc_noshield,32,10,shieldoff_final_20260926/M10_scale_n10_seed32,9,True,0,1135,1260,176,76,125,True,False,False,True,False,False,81,True,True,False,False,False,False,False,1.7177634097846692,True,False,8.87578443951757,True,False,False,False,1.0,1.0,1.0,0.0,0.0,0,0,0.7737894448248881,0.9557412187410174,0.7881083608482785,0.046170473440142856,0.01043158527820498,0.0,1.0,0.0,0.9694241691452063,0.11391470737809099,0.8198326826095581,14.718347737977483,9.92374489156189,0.9557412266731262,0.0
M10_scale,procedural,ours_dnq_dlc_noshield,32,10,shieldoff_final_20260926/M10_scale_n10_seed32,9,True,2,732,975,294,76,243,True,False,False,True,False,False,13,True,True,False,False,False,True,False,0.042950953166918965,False,False,6.703694578912586,False,False,True,False,1.0,1.0,0.7755102040816326,0.0,0.22448979591836735,0,33,0.7683658083866224,0.9701600440161875,0.7718428122092927,0.02558315832728497,0.004200544081778168,0.22448979591836735,1.0,0.0,0.9625534642788544,0.0962648244764997,0.9607710838317871,12.699592214964603,15.820912569347803,1.0613285303115845,0.0
M10_scale,procedural,ours_dnq_dlc_noshield,32,10,shieldoff_final_20260926/M10_scale_n10_seed32,9,True,3,1128,1363,286,76,235,True,False,False,True,False,False,183,False,False,False,False,False,True,False,0.8566836337823536,False,False,9.223772435471828,False,False,False,False,0.5921052631578947,0.5921052631578947,0.8916083916083917,0.40789473684210525,0.10839160839160839,31,31,0.9118631222637915,1.4365071760797425,0.9795625496270952,0.046170473440142856,0.02696644417261651,0.10839160839160839,1.0,0.0,0.0008272365114956881,0.8506464429750317,-0.767071008682251,13.400481930110908,2.6991175559237552,1.436507225036621,0.0
M10_scale,procedural,ours_dnq_dlc_noshield,32,10,shieldoff_final_20260926/M10_scale_n10_seed32,9,True,3,1484,1568,135,76,84,True,False,False,True,False,False,135,False,False,False,False,False,False,False,2.01172168255594,True,True,7.11513493562711,False,False,False,False,0.0,0.0,0.0,1.0,1.0,76,135,1.5689616500918178,1.9859790546145781,1.5843287901843124,0.02650128967980825,0.016480447181894675,1.0,1.0,0.2074074074074074,0.005802496408484903,1.079171667908577,-0.8311998248100281,7.302936204701716,3.3458811666545767,2.190890073776245,0.0
M10_scale,procedural,ours_dnq_dlc_noshield,32,10,shieldoff_final_20260926/M10_scale_n10_seed32,9,True,4,1120,1198,129,76,78,True,True,False,True,True,False,20,True,True,False,False,False,True,False,0.0893256197909493,False,False,10.825482425357434,True,False,False,False,1.0,1.0,1.0,0.0,0.0,0,0,0.871919378111039,0.9549196201322336,0.8768618129953543,0.046170473440142856,0.005767174640536665,0.0,1.0,0.0,0.8198324547344277,0.2111364351179709,0.8198326826095581,16.41604366911481,10.02744682949282,0.9549196362495422,0.0
M10_scale,procedural,ours_dnq_dlc_noshield,32,10,shieldoff_final_20260926/M10_scale_n10_seed32,9,True,5,775,1105,381,76,330,True,False,False,True,False,False,13,True,True,False,False,False,False,False,0.04887808658314983,False,True,8.863122494129215,False,False,True,False,1.0,1.0,0.8267716535433071,0.0,0.1732283464566929,0,33,0.1781239029500535,0.4133989726641256,0.22847420739443772,0.02103097513921183,0.02103097513921183,0.1732283464566929,1.0,0.0,0.9790933461479925,0.10717873498789801,0.9625535607337952,16.053461494155435,19.86016395577915,1.0613285303115845,0.0
M10_scale,procedural,ours_dnq_dlc_noshield,32,10,shieldoff_final_20260926/M10_scale_n10_seed32,9,True,7,212,353,192,76,141,True,False,True,True,False,True,0,True,True,False,False,False,True,False,0.10628048126482548,False,False,12.040067785663553,True,False,True,False,1.0,1.0,1.0,0.0,0.0,0,0,0.4898442099954218,0.5735052463214295,0.49207028364962097,0.045105352893122896,0.045105352893122896,0.0,1.0,0.0,0.929950452984664,0.09625969410235513,0.929950475692749,20.46145390773951,18.168165468217882,0.6890456080436707,0.0
M4_sparse,procedural,ours_dnq_dlc_noshield,21,4,shieldoff_final_20260926/M4_sparse_n4_seed21,3,True,0,577,678,152,76,101,True,False,False,True,False,False,34,True,False,False,False,False,False,False,2.199703511840234,True,False,7.4393101652844615,True,False,False,False,0.9868421052631579,0.9868421052631579,0.993421052631579,0.013157894736842105,0.006578947368421052,1,1,0.5563737956637308,1.003320495653529,0.5816272690658723,0.0448231397497629,0.02707345778757908,0.006578947368421052,1.0,0.0,0.696456894898259,0.3862672731526711,0.696457028388977,19.006160535772672,10.693169403830213,1.0033204555511475,0.0
M4_sparse,procedural,ours_dnq_dlc_noshield,21,4,shieldoff_final_20260926/M4_sparse_n4_seed21,3,True,1,596,812,267,76,216,True,False,False,True,False,False,125,True,True,False,False,False,True,False,1.4979058329495907,True,False,9.865716824759415,False,False,False,False,0.8289473684210527,0.8289473684210527,0.7303370786516854,0.17105263157894737,0.2696629213483146,13,72,0.9065642595153489,1.1240808797897126,0.9110492685565377,0.0448231397497629,0.005428755078597303,0.2696629213483146,1.0,0.0,0.9839821590367561,0.1230245404558254,0.696457028388977,14.836535437955705,10.532636757333405,1.2986325025558472,0.0
M4_sparse,procedural,ours_dnq_dlc_noshield,21,4,shieldoff_final_20260926/M4_sparse_n4_seed21,3,True,2,1,127,177,76,126,True,True,False,True,True,False,94,True,False,False,False,False,False,False,0.36159919424595405,False,False,2.191205778746537,True,False,False,False,1.0,1.0,1.0,0.0,0.0,0,0,0.4649774137957297,0.8578428853415714,0.5531711363276856,0.03822029371610833,0.02942612434867181,0.0,1.0,0.0,0.38157328043518934,0.6926026237624207,0.3815730810165405,10.153530026555298,10.200420419768228,0.8578428626060486,0.0
M4_sparse,procedural,ours_dnq_dlc_noshield,22,4,shieldoff_final_20260926/M4_sparse_n4_seed22,3,True,2,1,326,376,76,325,True,False,False,True,False,False,134,True,True,False,False,False,False,False,0.28807050274495866,False,False,2.191206312496226,True,False,False,False,1.0,1.0,1.0,0.0,0.0,0,0,0.619660756539174,0.6825595863984818,0.6209405125294496,0.03454246664461807,0.006083531929286012,0.0,1.0,0.0,0.99758865264287,0.0339369712902928,0.8016135096549988,14.084575140695037,15.34595449574582,0.8153491020202637,0.0
M4_sparse,procedural,ours_dnq_dlc_noshield,23,4,shieldoff_final_20260926/M4_sparse_n4_seed23,3,True,0,411,932,572,76,521,True,False,False,True,False,False,155,True,True,False,False,False,True,False,0.2130653523229928,False,False,11.923947413128536,True,False,False,False,1.0,1.0,1.0,0.0,0.0,0,0,0.5099497765108957,0.7942186551729585,0.5399293159888998,0.02918350072276619,0.02503487749879718,0.0,1.0,0.0,0.9223510025041882,0.16820585863485196,0.7782583236694336,14.55167106121681,16.392790939204293,0.7942186594009399,0.0
M4_sparse,procedural,ours_dnq_dlc_noshield,23,4,shieldoff_final_20260926/M4_sparse_n4_seed23,3,True,1,894,1066,223,76,172,True,False,True,True,False,True,0,True,True,False,False,False,True,False,0.00021203153159280174,False,False,12.389857204230069,True,False,True,False,1.0,1.0,1.0,0.0,0.0,0,0,0.28718936572979836,0.6189881876422189,0.37327664111363196,0.03324700950542127,0.03324700950542127,0.0,1.0,0.0,0.9184810851409198,0.1678884267947486,0.918481171131134,20.174793018179376,17.262840495381376,0.7942186594009399,0.0
M4_sparse,procedural,ours_dnq_dlc_noshield,23,4,shieldoff_final_20260926/M4_sparse_n4_seed23,3,True,2,1,126,176,76,125,True,True,False,True,True,False,94,True,False,False,False,False,False,False,0.32772183819567885,False,False,2.1912058914253567,True,False,False,False,1.0,1.0,1.0,0.0,0.0,0,0,0.32746818543632117,0.5734103234390826,0.3699559386694851,0.04070142817719337,0.027126424061602872,0.0,1.0,0.0,0.47822304802285365,0.5854889776137909,0.47822433710098267,11.300517488277313,12.372570522078881,0.5734103322029114,0.0
M4_sparse,procedural,ours_dnq_dlc_noshield,24,4,shieldoff_final_20260926/M4_sparse_n4_seed24,3,True,0,780,1578,849,76,798,True,True,False,True,True,False,628,True,True,False,False,False,True,False,0.15728983079058664,False,False,12.383417982229089,True,False,False,False,1.0,1.0,1.0,0.0,0.0,0,0,0.17016262035672525,0.3997457828008709,0.2082942949625378,0.04103337258549627,0.03347080542353312,0.0,1.0,0.0,0.8879065471889191,0.22049061430057607,0.6664454936981201,13.30892457530492,18.831137447446814,0.41443249583244324,0.0
M4_sparse,procedural,ours_dnq_dlc_noshield,24,4,shieldoff_final_20260926/M4_sparse_n4_seed24,3,True,1,750,1586,887,76,836,True,True,False,True,True,False,628,True,True,False,False,False,True,False,0.4428716085557077,False,False,10.468604170770735,True,False,False,False,1.0,1.0,1.0,0.0,0.0,0,0,0.17421463517478789,0.3997457828008709,0.21017040947473628,0.04103337258549627,0.03347080542353312,0.0,1.0,0.0,0.8879065471889191,0.22840416884515038,0.6305394172668457,13.415989013694036,18.831137447446814,0.8552833795547485,0.0
M4_sparse,procedural,ours_dnq_dlc_noshield,25,4,shieldoff_final_20260926/M4_sparse_n4_seed25,3,True,2,1,523,573,76,522,True,False,False,True,False,False,53,True,False,False,False,False,False,False,0.2612185153022514,False,False,2.1912064397547604,False,False,False,False,0.7894736842105263,0.7894736842105263,0.8411867364746946,0.21052631578947367,0.15881326352530542,16,21,0.7955919990955829,1.0552096362313177,0.8103400266085142,0.04095809069338413,0.02146604046432321,0.1273996509598604,0.7894736842105263,0.0,0.7827993273763215,0.23788680970390558,0.7827993035316467,12.447015312985462,10.924821740839874,1.0552096366882324,0.0
M4_sparse,procedural,ours_dnq_dlc_noshield,25,4,shieldoff_final_20260926/M4_sparse_n4_seed25,3,True,2,1767,2014,298,76,247,True,False,True,True,False,True,0,True,False,False,False,False,True,False,0.07568860339324397,False,False,11.293269124677117,False,False,False,False,1.0,1.0,0.9463087248322147,0.0,0.053691275167785234,0,13,0.34742297908142633,0.8147665891449636,0.4052902375571028,0.04494798003285799,0.029807870230501805,0.013422818791946308,1.0,0.0,0.6264723776374475,0.4551394755276594,0.6264720559120178,13.727530152682549,17.700741723614755,1.029551386833191,0.0
M4_sparse,procedural,ours_dnq_dlc_noshield,26,4,shieldoff_final_20260926/M4_sparse_n4_seed26,3,True,0,340,402,113,76,62,True,True,True,True,True,True,0,True,True,True,True,True,True,True,1.053185571819183,True,False,7.839403307298575,True,False,False,False,1.0,1.0,1.0,0.0,0.0,0,0,0.17243292013625114,0.3340171906725857,0.192169220336185,0.049333400324307164,0.030649491586325947,0.0,1.0,0.0,0.8117037317090361,0.2549882546454472,0.7905462384223938,21.853860371865014,13.886143695805242,0.4337695240974426,0.0
M4_sparse,procedural,ours_dnq_dlc_noshield,26,4,shieldoff_final_20260926/M4_sparse_n4_seed26,3,True,1,340,402,113,76,62,True,True,True,True,True,True,0,True,True,True,True,True,True,True,0.8220039298507638,False,False,7.279247713293027,True,False,False,False,1.0,1.0,1.0,0.0,0.0,0,0,0.17243292013625114,0.3340171906725857,0.192169220336185,0.049333400324307164,0.030649491586325947,0.0,1.0,0.0,0.8117037317090361,0.2549882546454472,0.7905462384223938,21.853860371865014,13.886143695805242,0.4337695240974426,0.0
M4_sparse,procedural,ours_dnq_dlc_noshield,26,4,shieldoff_final_20260926/M4_sparse_n4_seed26,3,True,2,1,115,165,76,114,True,True,False,True,True,False,81,True,False,False,False,False,False,False,0.29562563391427893,False,False,2.1912059717388854,True,False,False,False,1.0,1.0,1.0,0.0,0.0,0,0,0.21416520380668452,0.3800536155851657,0.23093194154616434,0.03530691538448477,0.021769712999297676,0.0,1.0,0.0,0.6021879334684338,0.4488273617864052,0.6021885871887207,12.162197848442798,11.932745476060166,0.5199974775314331,0.0
M4_sparse,procedural,ours_dnq_dlc_noshield,27,4,shieldoff_final_20260926/M4_sparse_n4_seed27,3,True,0,417,574,208,76,157,True,False,True,True,False,True,0,True,True,False,False,False,True,False,0.20754125414706387,False,False,12.396377137274584,True,False,False,False,1.0,1.0,1.0,0.0,0.0,0,0,0.7884059508628356,0.8566611395323058,0.7895214559379797,0.030256477137342586,0.006661132312621332,0.0,1.0,0.0,0.9951673122923428,0.03882726613495225,0.7133537530899048,17.729750146838533,10.291671486237187,0.8566611409187317,0.0
M4_sparse,procedural,ours_dnq_dlc_noshield,27,4,shieldoff_final_20260926/M4_sparse_n4_seed27,3,True,1,1642,1777,186,76,135,True,False,True,True,False,True,0,True,True,False,False,False,True,False,0.18279275038906032,False,False,13.475994178158295,True,False,True,False,1.0,1.0,1.0,0.0,0.0,0,0,0.6551078002207205,0.7639425358966261,0.663037531757373,0.021430984232787498,0.01683697866264089,0.0,1.0,0.0,0.9687490146426706,0.11481856092381347,0.8700203895568848,20.41426493517799,15.97340772630513,0.763942539691925,0.0
M4_sparse,procedural,ours_dnq_dlc_noshield,27,4,shieldoff_final_20260926/M4_sparse_n4_seed27,3,True,2,1,107,157,76,106,True,False,False,True,False,False,7,True,True,False,False,False,False,False,0.4187780716548442,False,False,2.1912054019607847,True,False,True,False,1.0,1.0,1.0,0.0,0.0,0,0,0.5300872015202798,0.7253030240305363,0.5496821349568181,0.026976703337370678,0.015993334278953664,0.0,1.0,0.0,0.9675470424219637,0.15172471019449726,0.9540044665336609,16.95497600202723,17.64579810519621,0.725303053855896,0.0
M4_sparse,procedural,ours_dnq_dlc_noshield,28,4,shieldoff_final_20260926/M4_sparse_n4_seed28,3,True,0,391,524,184,76,133,True,False,False,True,False,False,49,True,True,False,False,False,True,False,0.28275933556452926,False,False,11.757202612235833,True,False,False,False,1.0,1.0,1.0,0.0,0.0,0,0,0.08379500542531793,0.1917788862968011,0.0939646050078995,0.06379226350389627,0.018039929020529973,0.0,1.0,0.0,0.9485408863646347,0.16434428318019692,0.67319256067276,18.09575408964869,9.998154884981538,0.907326877117157,0.0
M4_sparse,procedural,ours_dnq_dlc_noshield,28,4,shieldoff_final_20260926/M4_sparse_n4_seed28,3,True,1,431,948,568,76,517,True,False,False,True,False,False,151,True,True,False,False,False,True,False,0.09577728977931477,False,False,12.161659279354053,True,False,True,False,1.0,1.0,1.0,0.0,0.0,0,0,0.5251601298826735,0.7351190915660016,0.5584365361819336,0.03841486738478628,0.035702259154217486,0.0,1.0,0.0,0.861053156647101,0.15072306189133647,0.8441281914710999,15.922142789234366,18.94657074927371,0.8000909686088562,0.0
M4_sparse,procedural,ours_dnq_dlc_noshield,28,4,shieldoff_final_20260926/M4_sparse_n4_seed28,3,True,2,1,60,110,76,59,True,False,True,True,False,True,0,True,True,False,False,False,False,False,0.4250785263120218,False,False,2.1912048518419214,True,False,True,False,1.0,1.0,1.0,0.0,0.0,0,0,0.5517252353455256,0.7343103675475157,0.5672672612843002,0.028963507146206102,0.014969873318923299,0.0,1.0,0.0,0.9559250382309117,0.12581886069458922,0.9537339210510254,19.17837048069434,16.773699467224066,0.7343103885650635,0.0
M4_sparse,procedural,ours_dnq_dlc_noshield,29,4,shieldoff_final_20260926/M4_sparse_n4_seed29,3,True,0,409,473,115,76,64,True,True,True,True,True,True,0,True,True,True,True,True,False,False,2.1105731937933325,True,False,6.459292961398641,True,False,False,False,1.0,1.0,1.0,0.0,0.0,0,0,0.2208515026818497,0.34822391367921485,0.23820283223583827,0.05940463110313513,0.02839565776614282,0.0,1.0,0.0,0.8522641466103077,0.22608086029763472,0.7359458208084106,21.56946887549787,19.005050595788315,0.6366035342216492,0.0
M4_sparse,procedural,ours_dnq_dlc_noshield,29,4,shieldoff_final_20260926/M4_sparse_n4_seed29,3,True,1,409,482,124,76,73,True,True,True,True,True,True,0,True,True,True,True,True,False,False,1.9561419948129348,True,False,5.601557894431274,True,False,False,False,1.0,1.0,1.0,0.0,0.0,0,0,0.23284644029731058,0.34822391367921485,0.2469064783983616,0.05940463110313513,0.025736761040593848,0.0,1.0,0.0,0.9157130065968601,0.18718677374315618,0.7359458208084106,21.699384493444217,19.005050595788315,0.6366035342216492,0.0
M4_sparse,procedural,ours_dnq_dlc_noshield,29,4,shieldoff_final_20260926/M4_sparse_n4_seed29,3,True,2,1,363,413,76,362,True,False,False,True,False,False,58,True,True,False,False,False,False,False,0.18045653447164312,False,False,2.19120671317727,True,False,False,False,1.0,1.0,1.0,0.0,0.0,0,0,0.3209870778423831,0.5766231199537365,0.3786880896662187,0.036758883907276385,0.029058671162738692,0.0,1.0,0.0,0.920381777433165,0.20854332468443956,0.7818804979324341,14.432525887141525,15.410554890477522,0.7976348400115967,0.0
M4_sparse,procedural,ours_dnq_dlc_noshield,30,4,shieldoff_final_20260926/M4_sparse_n4_seed30,3,True,0,320,436,167,76,116,True,True,True,True,True,True,0,False,True,True,False,False,True,False,0.7995020988835453,False,False,7.536761176631052,False,False,False,False,0.42105263157894735,0.42105263157894735,0.7365269461077844,0.5789473684210527,0.2634730538922156,44,44,1.0020809798632615,1.061787372005821,1.003049393742945,0.04307114786773092,0.00895535438439543,0.2634730538922156,1.0,0.0,0.982633995242803,0.06649817424695492,0.6680194735527039,14.616364715937113,10.249650243098003,1.0617873668670654,0.0
M4_sparse,procedural,ours_dnq_dlc_noshield,30,4,shieldoff_final_20260926/M4_sparse_n4_seed30,3,True,1,328,436,159,76,108,True,False,True,True,False,True,0,False,True,False,False,False,True,False,0.6860831254246669,False,False,7.5781999693603455,False,False,False,False,0.42105263157894735,0.42105263157894735,0.7232704402515724,0.5789473684210527,0.27672955974842767,44,44,1.0020809798632615,1.061787372005821,1.003049393742945,0.04307114786773092,0.00895535438439543,0.27672955974842767,1.0,0.0,0.982633995242803,0.06649817424695492,0.6680194735527039,14.1700213670306,10.249650243098003,1.0617873668670654,0.0
M4_sparse,procedural,ours_dnq_dlc_noshield,30,4,shieldoff_final_20260926/M4_sparse_n4_seed30,3,True,2,1,198,248,76,197,True,False,False,True,False,False,45,True,True,False,False,False,False,False,0.16924087953396846,False,False,2.191206650940116,True,False,False,False,1.0,1.0,1.0,0.0,0.0,0,0,0.4232870248041465,0.697746381299694,0.4762082637718708,0.05020705513523677,0.03203599521252948,0.0,1.0,0.0,0.8972134824604947,0.18680404969596925,0.7652172446250916,16.313829709052225,18.422437380868722,0.6977463960647583,0.0
M4_sparse,procedural,ours_dnq_dlc_noshield,31,4,shieldoff_final_20260926/M4_sparse_n4_seed31,3,True,0,644,1062,469,76,418,True,False,False,True,False,False,69,True,True,False,False,False,False,False,2.1579760147153544,True,False,4.84574728763685,False,False,True,False,1.0,1.0,0.837953091684435,0.0,0.16204690831556504,0,12,0.48375691137991056,0.6415071991943109,0.5011134309723034,0.030156116492646212,0.030156116492646212,0.16204690831556504,1.0,0.0,0.9700080822247221,0.10883414135950473,0.9594636559486389,13.417973478686173,12.825486766390153,1.0109257698059082,0.0
M4_sparse,procedural,ours_dnq_dlc_noshield,31,4,shieldoff_final_20260926/M4_sparse_n4_seed31,3,True,2,1,119,169,76,118,True,False,False,True,False,False,49,False,True,False,False,False,False,False,0.41387870513165154,False,False,2.1912059227816383,False,False,False,False,0.10526315789473684,0.10526315789473684,0.5976331360946745,0.8947368421052632,0.40236686390532544,68,68,1.2219844084195557,1.3556075576688853,1.229264068424986,0.031813303209157984,0.01102381188447299,0.40236686390532544,1.0,0.0,0.4391586729904996,0.4689637310309459,0.2788674831390381,11.453512307539372,7.378071094614384,1.355607509613037,0.0
M4_sparse,procedural,ours_dnq_dlc_noshield,31,4,shieldoff_final_20260926/M4_sparse_n4_seed31,3,True,2,892,1053,212,76,161,True,False,False,True,False,False,37,True,True,False,False,False,True,False,0.008627488854530735,False,False,12.334312457254864,True,False,True,False,1.0,1.0,1.0,0.0,0.0,0,0,0.5147882825573307,0.6497502572854332,0.5320310125832762,0.030156116492646212,0.030156116492646212,0.0,1.0,0.0,0.9700080822247221,0.10005243379092271,0.9700081944465637,15.732443701010562,12.825486766390153,0.6497502326965332,0.0
M4_sparse,procedural,ours_dnq_dlc_noshield,32,4,shieldoff_final_20260926/M4_sparse_n4_seed32,3,True,0,319,391,123,76,72,True,True,True,True,True,True,0,True,True,True,True,True,True,True,0.7854936153737612,False,False,7.724829451503745,True,False,True,False,1.0,1.0,1.0,0.0,0.0,0,0,0.6811017493132745,0.7940848600226575,0.6946995471996958,0.029859025814667373,0.016654236051563576,0.0,1.0,0.0,0.9085653805748324,0.12430114747528569,0.889562726020813,18.379823479730785,14.988395499543934,0.7940848469734192,0.0
M4_sparse,procedural,ours_dnq_dlc_noshield,32,4,shieldoff_final_20260926/M4_sparse_n4_seed32,3,True,1,328,391,114,76,63,True,False,True,True,False,True,0,True,True,False,False,False,True,False,0.6828133222118072,False,False,7.7543554024616235,True,False,True,False,1.0,1.0,1.0,0.0,0.0,0,0,0.6811017493132745,0.7940848600226575,0.6946995471996958,0.029859025814667373,0.016654236051563576,0.0,1.0,0.0,0.9085653805748324,0.12430114747528569,0.889562726020813,18.3188051960581,14.988395499543934,0.7940848469734192,0.0
M4_sparse,procedural,ours_dnq_dlc_noshield,32,4,shieldoff_final_20260926/M4_sparse_n4_seed32,3,True,2,1,184,234,76,183,True,False,False,True,False,False,57,True,True,False,False,False,False,False,0.29885990891379155,False,False,2.1912061891074983,True,False,True,False,1.0,1.0,1.0,0.0,0.0,0,0,0.35123523186617583,0.539322004968864,0.40399703324324765,0.03590616983490985,0.027643858265442522,0.0,1.0,0.0,0.9357978265342708,0.1251849563802695,0.8436052799224854,15.972874886039067,17.81845244240612,0.539322018623352,0.0
M6_dense,procedural,ours_dnq_dlc_noshield,22,6,shieldoff_final_20260926/M6_dense_n6_seed22,5,True,0,533,1136,654,76,603,True,False,False,True,False,False,101,True,True,False,False,False,True,False,0.25814999957165236,False,False,11.947961215374583,True,False,True,False,1.0,1.0,1.0,0.0,0.0,0,0,0.34877769324214924,0.6425638037006359,0.40344300638041525,0.034927232791152396,0.02225881924606643,0.0,1.0,0.0,0.9560364487918902,0.125655380706468,0.9114043116569519,14.702274612247733,19.67962684500535,0.7561176419258118,0.0
M6_dense,procedural,ours_dnq_dlc_noshield,22,6,shieldoff_final_20260926/M6_dense_n6_seed22,5,True,1,1119,1361,293,76,242,True,False,False,True,False,False,117,True,True,False,False,False,True,False,0.01618305615649305,False,False,12.439745092029144,True,False,True,False,1.0,1.0,1.0,0.0,0.0,0,0,0.1307873084258542,0.3563904390782289,0.15219455057789147,0.05055035772998717,0.012149086158773324,0.0,1.0,0.0,0.8788124065956157,0.3290075788419656,0.8788124918937683,16.83642681439959,10.305822735905362,0.644080638885498,0.0
M6_dense,procedural,ours_dnq_dlc_noshield,22,6,shieldoff_final_20260926/M6_dense_n6_seed22,5,True,2,174,321,198,76,147,True,False,True,True,False,True,0,True,True,False,False,False,True,False,0.32150915744662184,False,False,11.42918219244977,True,False,True,False,1.0,1.0,1.0,0.0,0.0,0,0,0.4987452603321133,0.8645054571188175,0.5575534082609347,0.03995965490936193,0.03995965490936193,0.0,1.0,0.0,0.8238528611939314,0.33310649537202086,0.8238539099693298,19.371207039218238,10.343064664338968,0.8645054697990417,0.0
M6_dense,procedural,ours_dnq_dlc_noshield,22,6,shieldoff_final_20260926/M6_dense_n6_seed22,5,True,3,151,285,185,76,134,True,False,True,True,False,True,0,True,True,False,False,False,True,False,0.013062229831418429,False,False,11.64967232537494,True,False,True,False,1.0,1.0,1.0,0.0,0.0,0,0,0.5561369909238816,0.6953161021019004,0.5837801553981976,0.030962302674466854,0.030962302674466854,0.0,1.0,0.0,0.9060187671529579,0.12067781680439678,0.9060186147689819,19.95120310504369,17.739618283111373,0.6953160762786865,0.0
M6_dense,procedural,ours_dnq_dlc_noshield,23,6,shieldoff_final_20260926/M6_dense_n6_seed23,5,True,0,1863,1939,127,76,76,True,True,True,True,True,True,0,True,True,True,True,True,False,False,2.969250825648095,True,False,6.778878778141622,True,False,False,False,1.0,1.0,1.0,0.0,0.0,0,0,0.17309279435013,0.46006129027386916,0.1999136235499562,0.033995099059338285,0.021798800098466947,0.0,1.0,0.0,0.6916086274289976,0.3224111600025697,0.687777578830719,17.423514539888583,17.197200065207753,0.9156520962715149,0.0
M6_dense,procedural,ours_dnq_dlc_noshield,23,6,shieldoff_final_20260926/M6_dense_n6_seed23,5,True,2,179,236,108,76,57,True,True,True,True,True,True,0,True,True,True,True,True,False,False,0.5410526401029354,False,True,7.3690220517575185,True,False,True,False,1.0,1.0,1.0,0.0,0.0,0,0,0.23359738702136648,0.4672381680720839,0.2794375355560468,0.026122364534300446,0.026122364534300446,0.0,1.0,0.0,0.932984196750433,0.13021597948306626,0.9329841732978821,20.736192761364645,20.440586567625502,0.6614975333213806,0.0
M6_dense,procedural,ours_dnq_dlc_noshield,23,6,shieldoff_final_20260926/M6_dense_n6_seed23,5,True,3,1863,1939,127,76,76,True,True,True,True,True,True,0,True,True,True,True,True,False,False,2.2345590881021336,True,False,6.907984761492259,True,False,False,False,1.0,1.0,1.0,0.0,0.0,0,0,0.17309279435013,0.46006129027386916,0.1999136235499562,0.033995099059338285,0.021798800098466947,0.0,1.0,0.0,0.6916086274289976,0.3224111600025697,0.687777578830719,17.423514539888583,17.197200065207753,0.9156520962715149,0.0
M6_dense,procedural,ours_dnq_dlc_noshield,23,6,shieldoff_final_20260926/M6_dense_n6_seed23,5,True,4,1863,1939,127,76,76,True,True,True,True,True,True,0,True,True,True,True,True,False,False,1.5030407948772537,True,False,7.087848783648348,True,False,False,False,1.0,1.0,1.0,0.0,0.0,0,0,0.17309279435013,0.46006129027386916,0.1999136235499562,0.033995099059338285,0.021798800098466947,0.0,1.0,0.0,0.6916086274289976,0.3224111600025697,0.687777578830719,17.423514539888583,17.197200065207753,0.9156520962715149,0.0
M6_dense,procedural,ours_dnq_dlc_noshield,24,6,shieldoff_final_20260926/M6_dense_n6_seed24,5,True,2,322,403,132,76,81,True,False,True,True,False,True,0,True,True,False,False,False,True,False,0.49360449655408944,False,False,8.014842493150713,True,False,True,False,1.0,1.0,1.0,0.0,0.0,0,0,0.1596953354737303,0.3767178445856257,0.1930315270898474,0.04145829129625425,0.020606135077350124,0.0,1.0,0.0,0.8213304766618152,0.2642748002612905,0.8213304281234741,21.488852197024773,20.671381937681165,0.6848865747451782,0.0
M6_dense,procedural,ours_dnq_dlc_noshield,24,6,shieldoff_final_20260926/M6_dense_n6_seed24,5,True,3,329,426,148,76,97,True,False,True,True,False,True,0,True,True,False,False,False,True,False,0.2849347848573377,False,False,9.680785742121833,True,False,True,False,1.0,1.0,1.0,0.0,0.0,0,0,0.17279986415152374,0.3094313877641292,0.20290598779092944,0.04145829129625425,0.020438479552615366,0.0,1.0,0.0,0.959733145685125,0.15482726838516964,0.8213304281234741,21.703748837139084,20.671381937681165,0.6848865747451782,0.0
M6_dense,procedural,ours_dnq_dlc_noshield,25,6,shieldoff_final_20260926/M6_dense_n6_seed25,5,True,0,487,821,385,76,334,True,False,False,True,False,False,18,True,True,False,False,False,True,False,0.09259467856842525,False,False,12.23977550001469,True,False,True,False,1.0,1.0,1.0,0.0,0.0,0,0,0.4531523584833281,0.6810093200229906,0.47717117137974374,0.024743675939711884,0.02093895419184838,0.0,1.0,0.0,0.9629884712226205,0.12496825811539784,0.9078073501586914,15.813817947786058,4.3846995301927105,0.7404032349586487,0.0
M6_dense,procedural,ours_dnq_dlc_noshield,25,6,shieldoff_final_20260926/M6_dense_n6_seed25,5,True,2,150,226,127,76,76,True,True,True,True,True,True,0,True,True,True,True,True,True,True,0.4801321130554556,False,False,9.37753928776498,True,False,True,False,1.0,1.0,1.0,0.0,0.0,0,0,0.3046195786779825,0.6777968589062511,0.37496072802494856,0.03021356879873041,0.03021356879873041,0.0,1.0,0.0,0.9101997389529708,0.24651549693641092,0.910199761390686,21.601740808089165,18.98614921592895,0.6979198455810547,0.0
M6_dense,procedural,ours_dnq_dlc_noshield,25,6,shieldoff_final_20260926/M6_dense_n6_seed25,5,True,3,126,226,151,76,100,True,True,True,True,True,True,0,True,True,True,True,True,True,True,0.02647255965952477,False,False,10.512077882488986,True,False,True,False,1.0,1.0,1.0,0.0,0.0,0,0,0.3046195786779825,0.6777968589062511,0.37496072802494856,0.03021356879873041,0.03021356879873041,0.0,1.0,0.0,0.9101997389529708,0.24651549693641092,0.910199761390686,21.78293945156737,18.98614921592895,0.6979198455810547,0.0
M6_dense,procedural,ours_dnq_dlc_noshield,26,6,shieldoff_final_20260926/M6_dense_n6_seed26,5,True,0,401,451,101,76,50,True,True,True,True,True,True,0,True,True,True,True,True,False,False,1.8964419904895398,True,False,6.605141979749233,True,False,False,False,1.0,1.0,1.0,0.0,0.0,0,0,0.1905770883709769,0.3496127051679673,0.20854346696400652,0.05486564787755275,0.030730909312516548,0.0,1.0,0.0,0.7980443754434038,0.28647329983480196,0.7980445027351379,22.038306251629898,18.39030529696319,0.615943968296051,0.0
M6_dense,procedural,ours_dnq_dlc_noshield,26,6,shieldoff_final_20260926/M6_dense_n6_seed26,5,True,1,401,451,101,76,50,True,True,True,True,True,True,0,True,True,True,True,True,False,False,1.7642570867205205,True,False,6.02983230759681,True,False,False,False,1.0,1.0,1.0,0.0,0.0,0,0,0.1905770883709769,0.3496127051679673,0.20854346696400652,0.05486564787755275,0.030730909312516548,0.0,1.0,0.0,0.7980443754434038,0.28647329983480196,0.7980445027351379,22.038306251629898,18.39030529696319,0.615943968296051,0.0
M6_dense,procedural,ours_dnq_dlc_noshield,26,6,shieldoff_final_20260926/M6_dense_n6_seed26,5,True,2,174,325,202,76,151,True,False,True,True,False,True,0,True,True,False,False,False,True,False,0.31706991300957804,False,False,11.198617557171566,True,False,True,False,1.0,1.0,1.0,0.0,0.0,0,0,0.6265762074612472,0.702882447257098,0.6284985009753832,0.01314489461929802,0.011333416160002718,0.0,1.0,0.0,0.9840111226978503,0.056319390982447926,0.9840112924575806,19.080618252443113,16.529508561211458,0.7028824687004089,0.0
M6_dense,procedural,ours_dnq_dlc_noshield,26,6,shieldoff_final_20260926/M6_dense_n6_seed26,5,True,3,148,297,200,76,149,True,False,True,True,False,True,0,True,True,False,False,False,True,False,0.026442679758144436,False,False,12.178441230887401,True,False,True,False,1.0,1.0,1.0,0.0,0.0,0,0,0.6474339753844679,0.702882447257098,0.6497158527570324,0.019598621097071667,0.01314489461929802,0.0,1.0,0.0,0.9840111226978503,0.05084862822877698,0.9419981837272644,19.193084795893213,17.520269874849838,0.7028824687004089,0.0
M6_dense,procedural,ours_dnq_dlc_noshield,27,6,shieldoff_final_20260926/M6_dense_n6_seed27,5,True,0,428,660,283,76,232,True,False,False,True,False,False,9,True,True,False,False,False,True,False,0.18909265611159853,False,False,11.574024044120446,True,False,True,False,1.0,1.0,1.0,0.0,0.0,0,0,0.5333367022362079,0.6266064445896276,0.5413669455566533,0.03756064519941643,0.015611167208020804,0.0,1.0,0.0,0.9730337782023895,0.08904098725762379,0.8568040132522583,16.776320075188508,4.746114257696039,0.7394776344299316,0.0
M6_dense,procedural,ours_dnq_dlc_noshield,27,6,shieldoff_final_20260926/M6_dense_n6_seed27,5,True,1,589,963,425,76,374,True,False,False,True,False,False,99,True,False,False,False,False,True,False,0.019529492157030513,False,False,13.703599532442432,True,False,False,False,1.0,1.0,1.0,0.0,0.0,0,0,0.30011102049627325,0.5704303882734487,0.3400285310862673,0.03939707142537324,0.01588275149950985,0.0,1.0,0.0,0.7728618766117361,0.5074987542458381,0.772861659526825,14.944305697231176,6.999615188733182,0.6842595338821411,0.0
M6_dense,procedural,ours_dnq_dlc_noshield,27,6,shieldoff_final_20260926/M6_dense_n6_seed27,5,True,2,164,246,133,76,82,True,True,True,True,True,True,0,True,False,True,True,False,True,False,0.4776913720668995,False,False,8.473599349742914,True,False,False,False,1.0,1.0,1.0,0.0,0.0,0,0,0.30067402147484484,0.5244407271994032,0.34852619309579086,0.04281048988373367,0.03933482699894025,0.0,1.0,0.0,0.8022051531102856,0.3250584493057529,0.8022052645683289,21.283779174079342,15.86619366978816,0.6629295349121094,0.0
M6_dense,procedural,ours_dnq_dlc_noshield,27,6,shieldoff_final_20260926/M6_dense_n6_seed27,5,True,3,173,277,155,76,104,True,False,True,True,False,True,0,True,True,False,False,False,True,False,0.26286521025566584,False,False,9.826319185500843,True,False,False,False,1.0,1.0,1.0,0.0,0.0,0,0,0.2048231929869809,0.5244407271994032,0.28657434989685143,0.04281048988373367,0.02847607593463025,0.0,1.0,0.0,0.8574261303454268,0.19179704867272132,0.8022052645683289,21.683555516177456,20.698147130650135,0.6629295349121094,0.0
M6_dense,procedural,ours_dnq_dlc_noshield,28,6,shieldoff_final_20260926/M6_dense_n6_seed28,5,True,0,1864,1933,120,76,69,True,True,True,True,True,True,0,True,True,True,True,True,True,True,0.9557689397925603,False,False,7.2250545172377185,True,False,False,False,1.0,1.0,1.0,0.0,0.0,0,0,0.34998675485836656,0.6089204136523203,0.407968265185074,0.03363155377314725,0.026510008050543238,0.0,1.0,0.0,0.756866929257723,0.27085179357044625,0.7568668127059937,18.177321544726684,17.541257351255656,0.8425747752189636,0.0
M6_dense,procedural,ours_dnq_dlc_noshield,28,6,shieldoff_final_20260926/M6_dense_n6_seed28,5,True,2,176,250,125,76,74,True,False,True,True,False,True,0,True,False,False,False,False,True,False,0.48473730204693893,False,False,7.715058605905553,True,False,False,False,1.0,1.0,1.0,0.0,0.0,0,0,0.45029533642904834,0.6672140575819648,0.489162507345567,0.04412310716101503,0.04412310716101503,0.0,1.0,0.0,0.7955230943337261,0.34720516605024515,0.7955229878425598,19.429300766474725,11.417247210267092,0.6985484957695007,0.0
M6_dense,procedural,ours_dnq_dlc_noshield,28,6,shieldoff_final_20260926/M6_dense_n6_seed28,5,True,3,176,250,125,76,74,True,False,True,True,False,True,0,True,False,False,False,False,True,False,0.1512263008491874,False,False,10.780705942421523,True,False,False,False,1.0,1.0,1.0,0.0,0.0,0,0,0.45029533642904834,0.6672140575819648,0.489162507345567,0.04412310716101503,0.04412310716101503,0.0,1.0,0.0,0.7955230943337261,0.34720516605024515,0.7955229878425598,19.429300766474725,11.417247210267092,0.6985484957695007,0.0
M6_dense,procedural,ours_dnq_dlc_noshield,28,6,shieldoff_final_20260926/M6_dense_n6_seed28,5,True,3,1853,1933,131,76,80,True,True,True,True,True,True,0,True,True,True,True,True,True,True,0.3344311718753445,False,False,8.908836517820326,True,False,False,False,1.0,1.0,1.0,0.0,0.0,0,0,0.34998675485836656,0.6089204136523203,0.407968265185074,0.03363155377314725,0.026510008050543238,0.0,1.0,0.0,0.756866929257723,0.27085179357044625,0.7568668127059937,17.631947494647378,17.541257351255656,0.8461170792579651,0.0
M6_dense,procedural,ours_dnq_dlc_noshield,29,6,shieldoff_final_20260926/M6_dense_n6_seed29,5,True,0,546,776,281,76,230,True,False,False,True,False,False,32,True,True,False,False,False,False,False,2.8597220042239098,True,False,7.665229976753129,False,False,True,False,1.0,1.0,0.8469750889679715,0.0,0.15302491103202848,0,18,0.16707467375360657,0.3133217529366891,0.19080631425296674,0.043722350953937505,0.023969189985939915,0.15302491103202848,1.0,0.0,0.8276186121446056,0.4010940023146152,0.8276188373565674,13.714473722853143,5.175067308356047,1.0142227411270142,0.0
M6_dense,procedural,ours_dnq_dlc_noshield,29,6,shieldoff_final_20260926/M6_dense_n6_seed29,5,True,1,1677,1860,234,76,183,True,True,True,True,True,True,0,False,True,True,False,False,True,False,0.4101749154975924,False,False,9.653555197773033,False,False,True,False,0.0,0.0,0.594017094017094,1.0,0.405982905982906,76,95,1.2150154188038638,1.312131243565059,1.2176294371474832,0.05208905693427346,0.022297285337907757,0.44871794871794873,1.0,0.0,0.935120843850161,0.14568911830232845,0.9325581192970276,11.507342503673119,10.852437906359627,1.3121312856674194,0.0
M6_dense,procedural,ours_dnq_dlc_noshield,29,6,shieldoff_final_20260926/M6_dense_n6_seed29,5,True,2,264,508,295,76,244,True,False,False,True,False,False,52,True,True,False,False,False,True,False,0.17169112896321695,False,False,10.562733107202831,True,False,True,False,1.0,1.0,1.0,0.0,0.0,0,0,0.5778328475719019,0.8033830528771655,0.601180894127714,0.04500489393771068,0.020210178426687042,0.0,1.0,0.0,0.875152579851896,0.2522247592219658,0.8725081086158752,15.603452480855024,14.605976894939829,0.8033830523490906,0.0
M6_dense,procedural,ours_dnq_dlc_noshield,29,6,shieldoff_final_20260926/M6_dense_n6_seed29,5,True,3,249,490,292,76,241,True,False,False,True,False,False,52,True,True,False,False,False,True,False,0.008943825199791209,False,False,10.659754934001585,True,False,True,False,1.0,1.0,1.0,0.0,0.0,0,0,0.42634629109554395,0.7055522756795454,0.4791128727739973,0.04500489393771068,0.04500489393771068,0.0,1.0,0.0,0.875152579851896,0.25172209735857165,0.8725081086158752,15.906629715158571,15.99179882642715,0.7331106066703796,0.0
M6_dense,procedural,ours_dnq_dlc_noshield,29,6,shieldoff_final_20260926/M6_dense_n6_seed29,5,True,4,1018,1881,914,76,863,True,True,False,True,True,False,20,False,True,False,False,False,True,False,0.06813323066459573,False,False,15.673384476505174,False,False,True,False,0.0,0.0,0.6312910284463895,1.0,0.3687089715536105,76,116,1.2738027520842288,1.3244256797596947,1.274810035019598,0.05208905693427346,0.006978302649301105,0.3741794310722101,1.0,0.0,0.9537274475203006,0.08952018963428147,0.8723317980766296,12.017870541055741,10.895544886208258,1.3244256973266602,0.0
M6_dense,procedural,ours_dnq_dlc_noshield,30,6,shieldoff_final_20260926/M6_dense_n6_seed30,5,True,0,553,626,124,76,73,True,False,True,True,False,True,0,True,True,False,False,False,False,False,3.0068284505834857,True,False,8.037593025562021,True,False,False,False,1.0,1.0,1.0,0.0,0.0,0,0,0.5933004281673454,0.7095060522317735,0.6002158915625807,0.04653941088000113,0.013776916786404914,0.0,1.0,0.0,0.9773422944446785,0.10050215332321824,0.7246189117431641,20.329462396428024,15.631901038074552,0.7210512757301331,0.0
M6_dense,procedural,ours_dnq_dlc_noshield,30,6,shieldoff_final_20260926/M6_dense_n6_seed30,5,True,1,569,665,147,76,96,True,True,True,True,True,True,0,True,True,True,True,True,False,False,2.206657760069074,True,False,8.859062245770067,True,False,True,False,1.0,1.0,1.0,0.0,0.0,0,0,0.5528153044762066,0.6950530527169648,0.5573930043536057,0.020293875010971574,0.012919134208154992,0.0,1.0,0.0,0.9773422944446785,0.10070414955661648,0.9309061169624329,20.563167027104303,17.134913445147824,0.7095060348510742,0.0
M6_dense,procedural,ours_dnq_dlc_noshield,30,6,shieldoff_final_20260926/M6_dense_n6_seed30,5,True,2,223,560,388,76,337,True,False,True,True,False,True,0,True,False,False,False,False,True,False,0.13973420674332346,False,False,11.870350629265701,True,False,False,False,1.0,1.0,1.0,0.0,0.0,0,0,0.5549750165286065,0.9301702816609574,0.5916408675529858,0.04653941088000113,0.02996083637551522,0.0,1.0,0.0,0.7246188880811822,0.31993427538918434,0.7246189117431641,13.818562917811176,18.29703182998833,0.9888138175010681,0.0
M6_dense,procedural,ours_dnq_dlc_noshield,30,6,shieldoff_final_20260926/M6_dense_n6_seed30,5,True,3,181,553,423,76,372,True,False,True,True,False,True,0,True,False,False,False,False,True,False,0.032391691254835014,False,False,11.588486596137002,True,False,False,False,1.0,1.0,1.0,0.0,0.0,0,0,0.586159344377304,0.9535307975584886,0.630880487264716,0.04653941088000113,0.04653941088000113,0.0,1.0,0.0,0.7246188880811822,0.3286003969205471,0.7246189117431641,14.414362692716155,16.846384545474287,0.9888138175010681,0.0
M6_dense,procedural,ours_dnq_dlc_noshield,31,6,shieldoff_final_20260926/M6_dense_n6_seed31,5,True,1,1615,1754,190,76,139,True,True,True,True,True,True,0,False,True,True,False,False,False,False,2.773960274357702,True,True,6.362773506360624,False,False,True,False,0.0,0.0,0.3263157894736842,1.0,0.6736842105263158,76,111,1.0503088120678512,1.0744357518755232,1.050417532225879,0.048467458252579476,0.0030922556538108825,0.7842105263157895,1.0,0.0,0.993556638158654,0.025950358165423525,0.9570642113685608,11.61891931234026,10.640718332400496,1.0778719186782837,0.0
M6_dense,procedural,ours_dnq_dlc_noshield,31,6,shieldoff_final_20260926/M6_dense_n6_seed31,5,True,2,138,397,310,76,259,True,False,False,True,False,False,138,False,False,False,False,False,True,False,0.24015092026911294,False,False,11.723364644923764,False,False,False,False,0.0,0.0,0.6903225806451613,1.0,0.3096774193548387,76,96,2.117452124431112,2.3897263418369157,2.136112231753451,0.029109699022062063,0.017877590146428535,0.3096774193548387,1.0,0.0,0.37900049686078907,0.5664806703105385,0.21462827920913696,13.741643158905616,10.010560448509379,2.389726400375366,0.0
M6_dense,procedural,ours_dnq_dlc_noshield,31,6,shieldoff_final_20260926/M6_dense_n6_seed31,5,True,4,1630,1754,175,76,124,True,True,True,True,True,True,0,False,True,True,False,False,False,False,2.4026529455685277,True,True,6.86658460369001,False,False,True,False,0.0,0.0,0.26857142857142857,1.0,0.7314285714285714,76,111,1.0503088120678512,1.0744357518755232,1.050417532225879,0.048467458252579476,0.0030922556538108825,0.8514285714285714,1.0,0.0,0.993556638158654,0.025950358165423525,0.9570642113685608,11.639014522336828,10.640718332400496,1.0778719186782837,0.0
M8_scale,procedural,ours_dnq_dlc_noshield,21,8,shieldoff_final_20260926/M8_scale_n8_seed21,7,True,0,639,2109,1521,76,1470,True,True,True,True,True,True,0,False,True,True,False,False,False,False,1.5793588821414175,True,False,8.926929138017943,False,False,True,False,0.0,0.0,0.6752136752136753,1.0,0.3247863247863248,76,89,1.0812898921596887,1.091576043885987,1.081326595524225,0.050755322957054094,0.002688384582327341,0.3307034845496384,1.0,0.0,0.9835212836828189,0.042094915003031586,0.9421805739402771,11.494797326026632,10.650632662299506,1.091576099395752,0.0
M8_scale,procedural,ours_dnq_dlc_noshield,21,8,shieldoff_final_20260926/M8_scale_n8_seed21,7,True,4,224,302,129,76,78,True,True,True,True,True,True,0,True,True,True,True,True,True,True,0.7992053477451271,False,False,8.556447988035597,True,False,True,False,1.0,1.0,1.0,0.0,0.0,0,0,0.10145221955309904,0.41886841094479355,0.13746641800488008,0.04228971513261526,0.026051289597889604,0.0,1.0,0.0,0.9335117474659266,0.13494808519749069,0.9335117936134338,22.708881211466768,18.01206799948917,0.4876744747161865,0.0
M8_scale,procedural,ours_dnq_dlc_noshield,21,8,shieldoff_final_20260926/M8_scale_n8_seed21,7,True,5,224,302,129,76,78,True,True,True,True,True,True,0,True,True,True,True,True,True,True,1.0423355850586067,True,False,7.810953403157775,True,False,True,False,1.0,1.0,1.0,0.0,0.0,0,0,0.10145221955309904,0.41886841094479355,0.13746641800488008,0.04228971513261526,0.026051289597889604,0.0,1.0,0.0,0.9335117474659266,0.13494808519749069,0.9335117936134338,22.708881211466768,18.01206799948917,0.4876744747161865,0.0
M8_scale,procedural,ours_dnq_dlc_noshield,21,8,shieldoff_final_20260926/M8_scale_n8_seed21,7,True,6,1063,2109,1097,76,1046,True,True,True,True,True,True,0,False,True,True,False,False,True,False,0.0016707972249349334,False,False,16.679145352722053,False,False,True,False,0.0,0.0,0.6955332725615315,1.0,0.30446672743846853,76,89,1.0812898921596887,1.091576043885987,1.081326595524225,0.050755322957054094,0.002688384582327341,0.31267092069279856,1.0,0.0,0.9835212836828189,0.042094915003031586,0.9421805739402771,11.505786568387856,10.650632662299506,1.091576099395752,0.0
M8_scale,procedural,ours_dnq_dlc_noshield,22,8,shieldoff_final_20260926/M8_scale_n8_seed22,7,True,2,1003,1326,374,76,323,True,False,False,True,False,False,198,False,False,False,False,False,False,False,1.9555437336031845,True,False,5.692345433133028,False,False,False,False,0.0,0.0,0.7192513368983957,1.0,0.2807486631016043,76,98,2.5100693690311746,3.149298943270857,2.557677347593209,0.03341328330745008,0.026273638383669695,0.2807486631016043,1.0,0.15775401069518716,0.1260800079813127,0.4748620457908028,-0.9999915361404419,11.108685303835198,9.14765444459849,3.149298906326294,0.0
M8_scale,procedural,ours_dnq_dlc_noshield,23,8,shieldoff_final_20260926/M8_scale_n8_seed23,7,True,2,304,467,214,76,163,True,False,False,True,False,False,40,True,False,False,False,False,False,False,2.803292156591585,True,False,6.738961197129338,True,False,False,False,0.881578947368421,0.881578947368421,0.9579439252336449,0.11842105263157894,0.04205607476635514,9,9,0.49718468576855557,1.040641823699927,0.6114214667092291,0.03645495364739226,0.03645495364739226,0.04205607476635514,1.0,0.0,0.7986947951548692,0.3592490145154897,0.7986947894096375,14.273722589833508,10.639197069436712,1.0406417846679688,0.0
M8_scale,procedural,ours_dnq_dlc_noshield,24,8,shieldoff_final_20260926/M8_scale_n8_seed24,7,True,0,1080,1416,387,76,336,True,False,False,True,False,False,194,True,True,False,False,False,True,False,0.15839821607192214,False,False,11.6692801009108,False,False,False,False,0.9473684210526316,0.9473684210526316,0.9328165374677002,0.05263157894736842,0.06718346253229975,4,26,0.7337899790233252,1.0131188263982547,0.7499452044174196,0.025880368570057377,0.015438065897073638,0.06718346253229975,1.0,0.0,0.9494179131752042,0.16166956738668284,0.7696874737739563,14.101672193518352,11.058155747820882,1.0497300624847412,0.0
M8_scale,procedural,ours_dnq_dlc_noshield,24,8,shieldoff_final_20260926/M8_scale_n8_seed24,7,True,2,788,879,142,76,91,True,False,True,True,False,True,0,True,True,False,False,False,True,False,0.5807639566726948,False,False,7.906189083400011,True,False,True,False,1.0,1.0,1.0,0.0,0.0,0,0,0.666018275450879,0.7403912216084106,0.6693299828559449,0.044583177202019986,0.013846982133721708,0.0,1.0,0.0,0.9293468880120663,0.16668440725084685,0.9293469786643982,18.93019033231723,15.14673389435551,0.740391194820404,0.0
M8_scale,procedural,ours_dnq_dlc_noshield,24,8,shieldoff_final_20260926/M8_scale_n8_seed24,7,True,3,796,910,165,76,114,True,False,True,True,False,True,0,True,True,False,False,False,True,False,0.5407649826592317,False,False,9.793781121728715,True,False,True,False,1.0,1.0,1.0,0.0,0.0,0,0,0.710820757873881,0.748622134293872,0.7111395878581552,0.044583177202019986,0.043339756920386274,0.0,1.0,0.0,0.9614999476777474,0.0996262878226541,0.9293469786643982,18.308945751631395,15.266785611058241,0.7486221194267273,0.0
M8_scale,procedural,ours_dnq_dlc_noshield,24,8,shieldoff_final_20260926/M8_scale_n8_seed24,7,True,4,578,710,183,76,132,True,False,True,True,False,True,0,True,True,False,False,False,True,False,0.05547402511034564,False,False,13.014191598717646,True,False,True,False,1.0,1.0,1.0,0.0,0.0,0,0,0.2296198284043052,0.5725181772643556,0.2997714993909404,0.01924507865305425,0.01924507865305425,0.0,1.0,0.0,0.9689702387822494,0.13022889354600511,0.9689702987670898,21.86653559738835,22.315309167014753,0.5741280913352966,0.0
M8_scale,procedural,ours_dnq_dlc_noshield,24,8,shieldoff_final_20260926/M8_scale_n8_seed24,7,True,4,1012,1256,295,76,244,True,False,False,True,False,False,143,True,False,False,False,False,True,False,0.03469359818674763,False,False,15.868904943374423,True,False,False,False,1.0,1.0,1.0,0.0,0.0,0,0,0.12306393170774191,0.269318376540448,0.14337742181383956,0.025880368570057377,0.010007231813436213,0.0,1.0,0.0,0.7940578933076817,0.47011042263485225,0.7940578460693359,17.006799078612055,10.41522159983135,0.7317169904708862,0.0
M8_scale,procedural,ours_dnq_dlc_noshield,24,8,shieldoff_final_20260926/M8_scale_n8_seed24,7,True,5,578,702,175,76,124,True,False,True,True,False,True,0,True,True,False,False,False,True,False,0.3026143101582944,False,False,12.773200099494982,True,False,True,False,1.0,1.0,1.0,0.0,0.0,0,0,0.2831456816447308,0.5741280541141064,0.34970341569471114,0.01924507865305425,0.01924507865305425,0.0,1.0,0.0,0.9689702387822494,0.13710213999876178,0.9689702987670898,21.797340738583735,19.08264742861761,0.5741280913352966,0.0
M8_scale,procedural,ours_dnq_dlc_noshield,24,8,shieldoff_final_20260926/M8_scale_n8_seed24,7,True,5,1049,1400,402,76,351,True,False,False,True,False,False,194,True,True,False,False,False,True,False,0.029510777438934446,False,False,14.703322008049625,False,False,False,False,0.736842105263158,0.736842105263158,0.9353233830845771,0.2631578947368421,0.06467661691542288,20,26,0.8317725915236487,1.049730114009546,0.8486702128803515,0.025880368570057377,0.015438065897073638,0.06467661691542288,1.0,0.0,0.9494179131752042,0.15880450092036436,0.7696874737739563,14.745220782892092,10.691520378632552,1.0497300624847412,0.0
M8_scale,procedural,ours_dnq_dlc_noshield,24,8,shieldoff_final_20260926/M8_scale_n8_seed24,7,True,6,371,461,141,76,90,True,False,True,True,False,True,0,True,True,False,False,False,True,False,0.013397394492871239,False,False,15.881181511502861,False,False,False,False,1.0,1.0,0.8794326241134752,0.0,0.12056737588652482,0,17,0.5809668256080558,0.6717275209978881,0.5839337493451017,0.030349591583516355,0.015620471671342062,0.0,1.0,0.0,0.9791749193834031,0.06276601671860035,0.7845231890678406,16.94957830732381,17.623779562100978,1.0456839799880981,0.0
M8_scale,procedural,ours_dnq_dlc_noshield,25,8,shieldoff_final_20260926/M8_scale_n8_seed25,7,True,0,1968,2027,110,76,59,True,True,True,True,True,True,0,True,True,True,True,True,True,True,1.231179448202554,True,False,7.0538803919042445,True,False,False,False,1.0,1.0,0.9818181818181818,0.0,0.01818181818181818,0,2,0.200346005224422,0.36735485499276826,0.22332105794452434,0.04050710576627359,0.0292265196443417,0.0,1.0,0.0,0.6882851470568365,0.28269376379218547,0.6253743171691895,19.165881796403152,15.65860355245628,1.0165435075759888,0.0
M8_scale,procedural,ours_dnq_dlc_noshield,25,8,shieldoff_final_20260926/M8_scale_n8_seed25,7,True,2,393,459,117,76,66,True,False,True,True,False,True,0,True,True,False,False,False,False,False,4.609266161715925,True,False,6.790738776159973,True,False,True,False,1.0,1.0,1.0,0.0,0.0,0,0,0.14281322593394474,0.29334436870097064,0.16572778298028462,0.030565100135186762,0.030565100135186762,0.0,1.0,0.0,0.9149691411650803,0.15928984673207447,0.8899751901626587,21.713390821311354,20.661864561144462,0.5399474501609802,0.0
M8_scale,procedural,ours_dnq_dlc_noshield,25,8,shieldoff_final_20260926/M8_scale_n8_seed25,7,True,3,393,459,117,76,66,True,True,True,True,True,True,0,True,True,True,True,True,False,False,3.8314827945410572,True,False,5.729071244627906,True,False,True,False,1.0,1.0,1.0,0.0,0.0,0,0,0.14281322593394474,0.29334436870097064,0.16572778298028462,0.030565100135186762,0.030565100135186762,0.0,1.0,0.0,0.9149691411650803,0.15928984673207447,0.8899751901626587,21.713390821311354,20.661864561144462,0.5399474501609802,0.0
M8_scale,procedural,ours_dnq_dlc_noshield,25,8,shieldoff_final_20260926/M8_scale_n8_seed25,7,True,4,206,459,304,76,253,True,False,False,True,False,False,21,True,True,False,False,False,True,False,0.4422894147288886,False,False,10.043109709762104,False,False,True,False,1.0,1.0,0.9243421052631579,0.0,0.0756578947368421,0,23,0.14281322593394474,0.29334436870097064,0.16572778298028462,0.04618169379642517,0.030565100135186762,0.08223684210526316,1.0,0.0,0.9149691411650803,0.15928984673207447,0.8899751901626587,17.452101859032467,20.661864561144462,1.0281585454940796,0.0
M8_scale,procedural,ours_dnq_dlc_noshield,25,8,shieldoff_final_20260926/M8_scale_n8_seed25,7,True,5,198,425,278,76,227,True,True,False,True,True,False,21,True,True,False,False,False,True,False,0.7454312026811127,False,False,9.93407537135922,False,False,True,False,1.0,1.0,0.9172661870503597,0.0,0.08273381294964029,0,23,0.12555071560256134,0.46273306478058157,0.169299937114466,0.04618169379642517,0.020331292197516688,0.08992805755395683,1.0,0.0,0.8899751444052586,0.2011397443817821,0.8899751901626587,16.839304751672735,21.730972340108522,1.0281585454940796,0.0
M8_scale,procedural,ours_dnq_dlc_noshield,25,8,shieldoff_final_20260926/M8_scale_n8_seed25,7,True,6,1952,2027,126,76,75,True,False,True,True,False,True,0,True,True,False,False,False,True,False,0.3522422630937982,False,False,8.23097841216811,True,False,False,False,1.0,1.0,0.9285714285714286,0.0,0.07142857142857142,0,7,0.200346005224422,0.36735485499276826,0.22332105794452434,0.04050710576627359,0.0292265196443417,0.023809523809523808,1.0,0.0,0.6882851470568365,0.28269376379218547,0.6253743171691895,18.14143941740567,15.65860355245628,1.0165435075759888,0.0
M8_scale,procedural,ours_dnq_dlc_noshield,26,8,shieldoff_final_20260926/M8_scale_n8_seed26,7,True,0,663,959,347,76,296,True,True,False,True,True,False,347,False,False,False,False,False,False,False,2.020016739410776,True,False,7.593657770266559,False,False,False,False,0.4736842105263158,0.4736842105263158,0.27089337175792505,0.5263157894736842,0.729106628242075,40,253,0.9992271709155316,1.411211163413333,1.0429525851803334,0.017478181338607235,0.017478181338607235,0.729106628242075,1.0,0.09510086455331412,0.00011552418906704554,0.833163841902528,-0.9998410940170288,10.205787251824308,5.484265511444566,1.4193145036697388,0.0
M8_scale,procedural,ours_dnq_dlc_noshield,26,8,shieldoff_final_20260926/M8_scale_n8_seed26,7,True,2,537,974,488,76,437,True,False,False,True,False,False,418,False,False,False,False,False,True,False,0.425451649209038,False,False,9.63512360021086,False,False,False,False,0.6710526315789473,0.6710526315789473,0.48155737704918034,0.32894736842105265,0.5184426229508197,25,253,0.8217254712210432,1.3148419646431388,0.872167386086329,0.043980802931810725,0.017478181338607235,0.5184426229508197,1.0,0.09836065573770492,0.00011552418906704554,0.6950968829659334,-0.9998410940170288,11.48949491799891,4.958854970833585,1.4193145036697388,0.0
M8_scale,procedural,ours_dnq_dlc_noshield,26,8,shieldoff_final_20260926/M8_scale_n8_seed26,7,True,2,1071,1135,115,76,64,True,True,False,True,True,False,11,False,True,False,False,False,False,False,1.6419239645664179,True,False,6.546663182518537,False,False,False,False,0.0,0.0,0.0,1.0,1.0,76,115,2.6089446327192154,2.704356347952874,2.6099771364283524,0.02975560132371058,0.005532498703388455,1.0,1.0,0.0,0.830947570513579,0.2381705275591682,0.36970531940460205,9.188352649097698,7.7159117010235825,2.7043564319610596,0.0
M8_scale,procedural,ours_dnq_dlc_noshield,26,8,shieldoff_final_20260926/M8_scale_n8_seed26,7,True,3,521,1150,680,76,629,True,True,False,True,True,False,475,False,True,False,False,False,True,False,0.06141316237031192,False,False,9.24751635998963,False,False,False,False,0.0,0.0,0.4073529411764706,1.0,0.5926470588235294,76,253,2.5853695412042224,2.704356347952874,2.5872132421399487,0.043980802931810725,0.005532498703388455,0.5926470588235294,1.0,0.11911764705882352,0.9378248198875069,0.1954543173242177,-0.9998410940170288,11.155010364836457,7.766263968838624,2.7043564319610596,0.0
M8_scale,procedural,ours_dnq_dlc_noshield,26,8,shieldoff_final_20260926/M8_scale_n8_seed26,7,True,4,222,537,366,76,315,True,False,True,True,False,True,0,True,True,False,False,False,True,False,0.24268803014520143,False,False,15.079534167328267,True,False,True,False,1.0,1.0,1.0,0.0,0.0,0,0,0.6161925316484971,0.6615248886758722,0.6164731157013413,0.0378723168173829,0.0378723168173829,0.0,1.0,0.0,0.9501738261709471,0.05172561856717263,0.9361119270324707,19.427292533661053,15.46028934378684,0.7448707222938538,0.0
M8_scale,procedural,ours_dnq_dlc_noshield,26,8,shieldoff_final_20260926/M8_scale_n8_seed26,7,True,5,196,412,267,76,216,True,False,True,True,False,True,0,True,True,False,False,False,True,False,0.684529170260749,False,False,10.516752168844919,True,False,True,False,1.0,1.0,1.0,0.0,0.0,0,0,0.6855906587618326,0.7261631115827734,0.6862803695987889,0.04454711048571902,0.005547441587890001,0.0,1.0,0.0,0.9977502421985662,0.036766210997484776,0.9361119270324707,18.94100424254856,15.885916694251456,0.7448707222938538,0.0
M8_scale,procedural,ours_dnq_dlc_noshield,27,8,shieldoff_final_20260926/M8_scale_n8_seed27,7,True,2,912,1099,238,76,187,True,False,True,True,False,True,0,True,True,False,False,False,False,False,7.225827059934566,True,False,7.708173856799238,False,False,True,False,1.0,1.0,0.8907563025210083,0.0,0.1092436974789916,0,26,0.7741032098931392,0.8514460319281878,0.7782508456747048,0.017718455418237022,0.017718455418237022,0.1092436974789916,1.0,0.0,0.9580345267956666,0.09181342414091802,0.9580344557762146,12.10095734026636,10.288019637042535,1.0341260433197021,0.0
M8_scale,procedural,ours_dnq_dlc_noshield,27,8,shieldoff_final_20260926/M8_scale_n8_seed27,7,True,3,912,1115,254,76,203,True,True,True,True,True,True,0,True,True,True,True,True,False,False,7.004555735749017,True,False,7.047581003540267,False,False,True,False,1.0,1.0,0.8976377952755905,0.0,0.10236220472440945,0,26,0.6728432717158509,0.8374271528313534,0.6977115396069662,0.024207821195223744,0.024207821195223744,0.10236220472440945,1.0,0.0,0.9274333702860346,0.1339917832058373,0.9274332523345947,12.653026703356902,12.158948608742364,1.0341260433197021,0.0
M8_scale,procedural,ours_dnq_dlc_noshield,27,8,shieldoff_final_20260926/M8_scale_n8_seed27,7,True,5,176,344,219,76,168,True,False,True,True,False,True,0,False,True,False,False,False,True,False,0.5083745368155074,False,False,12.6808429613777,False,False,False,False,0.1578947368421053,0.1578947368421053,0.6529680365296804,0.8421052631578947,0.3470319634703196,36,48,1.0269119950792016,1.0681346692902447,1.0271606430819946,0.0365667683103747,0.006048250739088656,0.3470319634703196,1.0,0.0,0.9886781443452144,0.05000387238122692,0.7223105430603027,14.874724202169745,10.53922784297466,1.0681346654891968,0.0
M8_scale,procedural,ours_dnq_dlc_noshield,28,8,shieldoff_final_20260926/M8_scale_n8_seed28,7,True,2,843,1014,222,76,171,True,False,True,True,False,True,0,True,True,False,False,False,False,False,6.917501008114108,True,False,6.664730439226039,False,False,True,False,0.7894736842105263,0.7894736842105263,0.8063063063063063,0.21052631578947367,0.19369369369369369,16,16,0.9651201451701743,1.0208875878227976,0.9656850153235217,0.04945474165998709,0.005862863450465938,0.38738738738738737,1.0,0.0,0.993301911277707,0.06341540875620366,0.9515159130096436,11.415448639543916,10.223060788363615,1.0265545845031738,0.0
M8_scale,procedural,ours_dnq_dlc_noshield,28,8,shieldoff_final_20260926/M8_scale_n8_seed28,7,True,3,867,1029,213,76,162,True,False,True,True,False,True,0,True,True,False,False,False,False,False,7.185245478759539,True,False,6.571563610567644,False,False,True,False,0.8289473684210527,0.8289473684210527,0.7981220657276995,0.17105263157894737,0.20187793427230047,13,16,0.954804826074626,1.0208875878227976,0.9553772548408797,0.04945474165998709,0.002868523169262782,0.3051643192488263,1.0,0.0,0.993301911277707,0.04749058398473129,0.9702025055885315,11.387157439339951,10.223079676709173,1.0265545845031738,0.0
M8_scale,procedural,ours_dnq_dlc_noshield,29,8,shieldoff_final_20260926/M8_scale_n8_seed29,7,True,2,698,839,192,76,141,True,True,True,True,True,True,0,False,True,True,False,False,False,False,3.4440126864189997,True,True,6.107190766156395,False,False,True,False,0.26315789473684215,0.26315789473684215,0.47395833333333337,0.7368421052631579,0.5260416666666666,56,101,1.026674971976692,1.0698383507702436,1.0271400306474447,0.04966664248595032,0.008647956827582792,0.5729166666666666,1.0,0.0,0.9682512363361138,0.07409553477751811,0.9452680349349976,11.749578992042414,10.653528605242165,1.0698384046554565,0.0
M8_scale,procedural,ours_dnq_dlc_noshield,29,8,shieldoff_final_20260926/M8_scale_n8_seed29,7,True,3,698,839,192,76,141,True,True,True,True,True,True,0,False,True,True,False,False,False,False,2.8313431110235707,True,True,6.516371556819817,False,False,True,False,0.26315789473684215,0.26315789473684215,0.47395833333333337,0.7368421052631579,0.5260416666666666,56,101,1.026674971976692,1.0698383507702436,1.0271400306474447,0.04966664248595032,0.008647956827582792,0.5729166666666666,1.0,0.0,0.9682512363361138,0.07409553477751811,0.9452680349349976,11.749578992042414,10.653528605242165,1.0698384046554565,0.0
M8_scale,procedural,ours_dnq_dlc_noshield,29,8,shieldoff_final_20260926/M8_scale_n8_seed29,7,True,4,230,364,185,76,134,True,True,True,True,True,True,0,False,True,True,False,False,True,False,0.6627011863801205,False,False,9.94083920400329,False,False,True,False,0.10526315789473684,0.10526315789473684,0.6324324324324324,0.8947368421052632,0.3675675675675676,68,68,1.0702019164668102,1.1363528091990562,1.0715818278052143,0.04579570008356787,0.0031949675966056468,0.3675675675675676,1.0,0.0,0.9438449289269313,0.13050193479284788,0.928129255771637,15.246722889998347,10.47884142443973,1.136352777481079,0.0
M8_scale,procedural,ours_dnq_dlc_noshield,29,8,shieldoff_final_20260926/M8_scale_n8_seed29,7,True,5,230,348,169,76,118,True,False,True,True,False,True,0,False,True,False,False,False,True,False,0.9284446499613996,False,False,10.3561112625501,False,False,True,False,0.3157894736842105,0.3157894736842105,0.6923076923076923,0.6842105263157895,0.3076923076923077,52,52,1.030492188902094,1.1363528091990562,1.035961772110915,0.04579570008356787,0.012285245213001783,0.3076923076923077,1.0,0.0,0.9438449289269313,0.14290040373553872,0.928129255771637,15.570007105653207,10.270200264979954,1.136352777481079,0.0
M8_scale,procedural,ours_dnq_dlc_noshield,30,8,shieldoff_final_20260926/M8_scale_n8_seed30,7,True,2,720,863,194,76,143,True,True,True,True,True,True,0,False,True,True,False,False,False,False,3.68824704940434,True,True,5.634246796347766,False,False,True,False,0.368421052631579,0.368421052631579,0.5618556701030928,0.631578947368421,0.4381443298969072,36,73,1.0134721644130007,1.0627628209783613,1.0137579622617192,0.04794815996229429,0.0037448858867072943,0.4948453608247423,1.0,0.0,0.9918109208833699,0.045842020402612677,0.9464773535728455,11.525400331282384,10.145357359270706,1.0627628564834595,0.0
M8_scale,procedural,ours_dnq_dlc_noshield,30,8,shieldoff_final_20260926/M8_scale_n8_seed30,7,True,3,720,863,194,76,143,True,True,True,True,True,True,0,False,True,True,False,False,False,False,3.099838892437327,True,True,6.207219731356151,False,False,True,False,0.368421052631579,0.368421052631579,0.5618556701030928,0.631578947368421,0.4381443298969072,36,73,1.0134721644130007,1.0627628209783613,1.0137579622617192,0.04794815996229429,0.0037448858867072943,0.4948453608247423,1.0,0.0,0.9918109208833699,0.045842020402612677,0.9464773535728455,11.525400331282384,10.145357359270706,1.0627628564834595,0.0
M8_scale,procedural,ours_dnq_dlc_noshield,30,8,shieldoff_final_20260926/M8_scale_n8_seed30,7,True,4,245,386,192,76,141,True,True,True,True,True,True,0,False,True,True,False,False,True,False,0.8807767353673397,False,False,9.170810799630326,False,False,True,False,0.0,0.0,0.5833333333333333,1.0,0.4166666666666667,76,80,1.1382227774851998,1.1954995955327494,1.138937487867687,0.024113542685638145,0.0029898358788809087,0.4166666666666667,1.0,0.0,0.9200334918193004,0.12327669725303342,0.920033872127533,14.631432828153502,10.872876207752956,1.1954995393753052,0.0
M8_scale,procedural,ours_dnq_dlc_noshield,30,8,shieldoff_final_20260926/M8_scale_n8_seed30,7,True,5,236,371,186,76,135,True,True,True,True,True,True,0,False,True,True,False,False,True,False,1.0126452103624244,True,False,9.072279124946888,False,False,True,False,0.14473684210526316,0.14473684210526316,0.6505376344086021,0.8552631578947368,0.34946236559139787,65,65,1.1136839837743229,1.1954995955327494,1.1169584247722906,0.04257328371239022,0.005669089328913746,0.34946236559139787,1.0,0.0,0.9200334918193004,0.16838664740276138,0.920033872127533,15.086477701400542,10.872876207752956,1.1954995393753052,0.0
M8_scale,procedural,ours_dnq_dlc_noshield,31,8,shieldoff_final_20260926/M8_scale_n8_seed31,7,True,1,2018,2091,124,76,73,True,True,True,True,True,True,0,True,True,True,True,True,False,False,2.5809440868511113,True,True,4.908509385832809,True,False,True,False,1.0,1.0,1.0,0.0,0.0,0,0,0.6089924931242832,0.8591488467546402,0.6190340727757266,0.014349925891974813,0.010451981748990757,0.0,1.0,0.0,0.9717250751048793,0.11898074925950516,0.9717251658439636,16.762853918286957,19.547570744346956,0.9918360710144043,0.0
M8_scale,procedural,ours_dnq_dlc_noshield,32,8,shieldoff_final_20260926/M8_scale_n8_seed32,7,True,0,1611,1740,180,76,129,True,False,True,True,False,True,0,True,True,False,False,False,False,False,2.8971538094074902,True,False,7.187861731588193,True,False,True,False,1.0,1.0,1.0,0.0,0.0,0,0,0.6259209955537401,0.7912527152348003,0.6388729774087654,0.01383233397087752,0.01383233397087752,0.0,1.0,0.0,0.9668453316618034,0.10739184714285872,0.9668450951576233,13.690370047427379,14.577983669935056,0.9060844779014587,0.0
M8_scale,procedural,ours_dnq_dlc_noshield,32,8,shieldoff_final_20260926/M8_scale_n8_seed32,7,True,2,536,748,263,76,212,True,True,False,True,True,False,126,True,True,False,False,False,True,False,0.38952388831535534,False,False,9.626421745581334,True,False,True,False,1.0,1.0,1.0,0.0,0.0,0,0,0.6292487092419422,0.7940085411170383,0.6408730299030468,0.040936216530786385,0.022442981398907325,0.0,1.0,0.0,0.9239311168136469,0.16256266119350876,0.8921661972999573,12.589203267587735,9.434177522679292,0.8126068115234375,0.0
M8_scale,procedural,ours_dnq_dlc_noshield,32,8,shieldoff_final_20260926/M8_scale_n8_seed32,7,True,3,1579,1740,212,76,161,True,True,True,True,True,True,0,True,True,True,True,True,False,False,1.7825753835553482,True,False,7.37158450560621,True,False,True,False,1.0,1.0,1.0,0.0,0.0,0,0,0.6259209955537401,0.7912527152348003,0.6388729774087654,0.01383233397087752,0.01383233397087752,0.0,1.0,0.0,0.9668453316618034,0.10739184714285872,0.9668450951576233,13.299798469003793,14.577983669935056,0.9786686301231384,0.0
M8_scale,procedural,ours_dnq_dlc_noshield,32,8,shieldoff_final_20260926/M8_scale_n8_seed32,7,True,4,224,323,150,76,99,True,True,True,True,True,True,0,True,True,True,True,True,True,True,0.7396771230191757,False,False,9.043562230444467,True,False,True,False,1.0,1.0,1.0,0.0,0.0,0,0,0.6461363604547449,0.672128561219983,0.6462526877490947,0.0489062260635757,0.0019810300089225796,0.0,1.0,0.0,0.9992101990828375,0.01485794139745424,0.9422382712364197,18.78053549308782,16.56008569115001,0.6877495646476746,0.0
M8_scale,procedural,ours_dnq_dlc_noshield,32,8,shieldoff_final_20260926/M8_scale_n8_seed32,7,True,5,224,313,140,76,89,True,True,True,True,True,True,0,True,True,True,True,True,True,True,0.9613352185684461,False,False,8.274938383982661,True,False,True,False,1.0,1.0,1.0,0.0,0.0,0,0,0.6490428526522073,0.6758910001050371,0.6492038513901544,0.0489062260635757,0.003088858938692818,0.0,1.0,0.0,0.9984530800915218,0.017117287548865368,0.9422382712364197,18.813922875363346,16.56008569115001,0.6877495646476746,0.0
M8_scale,procedural,ours_dnq_dlc_noshield,32,8,shieldoff_final_20260926/M8_scale_n8_seed32,7,True,6,1548,1740,243,76,192,True,True,True,True,True,True,0,True,True,True,True,True,True,True,0.7769782621323358,False,False,8.123916489424127,True,False,True,False,1.0,1.0,0.9711934156378601,0.0,0.02880658436213992,0,7,0.6259209955537401,0.7912527152348003,0.6388729774087654,0.01383233397087752,0.01383233397087752,0.02880658436213992,1.0,0.0,0.9668453316618034,0.10739184714285872,0.9668450951576233,13.022573039291911,14.577983669935056,1.0054645538330078,0.0
