experiment_id,algorithm,window,in_corridor_min,n,count,rate,wilson_low,wilson_high,max_off_run
M10_scale,ours_dnq_dlc_noshield,man,0.5,12,2,0.16666666666666666,0.04696514218385378,0.4480308622529734,
M10_scale,ours_dnq_dlc_noshield,full,0.5,12,2,0.16666666666666666,0.04696514218385378,0.4480308622529734,
M10_scale,ours_dnq_dlc_noshield,man,0.6,12,2,0.16666666666666666,0.04696514218385378,0.4480308622529734,
M10_scale,ours_dnq_dlc_noshield,full,0.6,12,1,0.08333333333333333,0.014865094404917095,0.35387991114111694,
M10_scale,ours_dnq_dlc_noshield,man,0.7,12,1,0.08333333333333333,0.014865094404917095,0.35387991114111694,
M10_scale,ours_dnq_dlc_noshield,full,0.7,12,1,0.08333333333333333,0.014865094404917095,0.35387991114111694,
M10_scale,ours_dnq_dlc_noshield,man,0.8,12,1,0.08333333333333333,0.014865094404917095,0.35387991114111694,
M10_scale,ours_dnq_dlc_noshield,full,0.8,12,1,0.08333333333333333,0.014865094404917095,0.35387991114111694,
M10_scale,ours_dnq_dlc_noshield,man,0.9,12,0,0.0,2.7755575615628914e-17,0.24249400665524085,
M10_scale,ours_dnq_dlc_noshield,full,0.9,12,0,0.0,2.7755575615628914e-17,0.24249400665524085,
M10_scale,ours_dnq_dlc_noshield,man,0.95,12,0,0.0,2.7755575615628914e-17,0.24249400665524085,
M10_scale,ours_dnq_dlc_noshield,full,0.95,12,0,0.0,2.7755575615628914e-17,0.24249400665524085,
M10_scale,ours_dnq_dlc_noshield,man,1.0,12,0,0.0,2.7755575615628914e-17,0.24249400665524085,
M10_scale,ours_dnq_dlc_noshield,full,1.0,12,0,0.0,2.7755575615628914e-17,0.24249400665524085,
M10_scale,ours_dnq_dlc_noshield,man_run_limit,0.7,12,0,0.0,2.7755575615628914e-17,0.24249400665524085,10
M10_scale,ours_dnq_dlc_noshield,man_run_limit,0.7,12,1,0.08333333333333333,0.014865094404917095,0.35387991114111694,25
M10_scale,ours_dnq_dlc_noshield,man_run_limit,0.7,12,1,0.08333333333333333,0.014865094404917095,0.35387991114111694,50
M10_scale,ours_dnq_dlc_noshield,man_run_limit,0.7,12,1,0.08333333333333333,0.014865094404917095,0.35387991114111694,100
M4_sparse,ours_dnq_dlc_noshield,man,0.5,12,3,0.25,0.08894166839405471,0.5323053349335657,
M4_sparse,ours_dnq_dlc_noshield,full,0.5,12,4,0.3333333333333333,0.13812009109121315,0.6093779111272004,
M4_sparse,ours_dnq_dlc_noshield,man,0.6,12,3,0.25,0.08894166839405471,0.5323053349335657,
M4_sparse,ours_dnq_dlc_noshield,full,0.6,12,4,0.3333333333333333,0.13812009109121315,0.6093779111272004,
M4_sparse,ours_dnq_dlc_noshield,man,0.7,12,3,0.25,0.08894166839405471,0.5323053349335657,
M4_sparse,ours_dnq_dlc_noshield,full,0.7,12,4,0.3333333333333333,0.13812009109121315,0.6093779111272004,
M4_sparse,ours_dnq_dlc_noshield,man,0.8,12,3,0.25,0.08894166839405471,0.5323053349335657,
M4_sparse,ours_dnq_dlc_noshield,full,0.8,12,3,0.25,0.08894166839405471,0.5323053349335657,
M4_sparse,ours_dnq_dlc_noshield,man,0.9,12,3,0.25,0.08894166839405471,0.5323053349335657,
M4_sparse,ours_dnq_dlc_noshield,full,0.9,12,3,0.25,0.08894166839405471,0.5323053349335657,
M4_sparse,ours_dnq_dlc_noshield,man,0.95,12,3,0.25,0.08894166839405471,0.5323053349335657,
M4_sparse,ours_dnq_dlc_noshield,full,0.95,12,3,0.25,0.08894166839405471,0.5323053349335657,
M4_sparse,ours_dnq_dlc_noshield,man,1.0,12,3,0.25,0.08894166839405471,0.5323053349335657,
M4_sparse,ours_dnq_dlc_noshield,full,1.0,12,3,0.25,0.08894166839405471,0.5323053349335657,
M4_sparse,ours_dnq_dlc_noshield,man_run_limit,0.7,12,3,0.25,0.08894166839405471,0.5323053349335657,10
M4_sparse,ours_dnq_dlc_noshield,man_run_limit,0.7,12,3,0.25,0.08894166839405471,0.5323053349335657,25
M4_sparse,ours_dnq_dlc_noshield,man_run_limit,0.7,12,3,0.25,0.08894166839405471,0.5323053349335657,50
M4_sparse,ours_dnq_dlc_noshield,man_run_limit,0.7,12,3,0.25,0.08894166839405471,0.5323053349335657,100
M6_dense,ours_dnq_dlc_noshield,man,0.5,12,6,0.5,0.2537815976337061,0.7462184023662939,
M6_dense,ours_dnq_dlc_noshield,full,0.5,12,7,0.5833333333333334,0.31951131254954973,0.8067396863412435,
M6_dense,ours_dnq_dlc_noshield,man,0.6,12,6,0.5,0.2537815976337061,0.7462184023662939,
M6_dense,ours_dnq_dlc_noshield,full,0.6,12,6,0.5,0.2537815976337061,0.7462184023662939,
M6_dense,ours_dnq_dlc_noshield,man,0.7,12,6,0.5,0.2537815976337061,0.7462184023662939,
M6_dense,ours_dnq_dlc_noshield,full,0.7,12,6,0.5,0.2537815976337061,0.7462184023662939,
M6_dense,ours_dnq_dlc_noshield,man,0.8,12,6,0.5,0.2537815976337061,0.7462184023662939,
M6_dense,ours_dnq_dlc_noshield,full,0.8,12,6,0.5,0.2537815976337061,0.7462184023662939,
M6_dense,ours_dnq_dlc_noshield,man,0.9,12,6,0.5,0.2537815976337061,0.7462184023662939,
M6_dense,ours_dnq_dlc_noshield,full,0.9,12,6,0.5,0.2537815976337061,0.7462184023662939,
M6_dense,ours_dnq_dlc_noshield,man,0.95,12,6,0.5,0.2537815976337061,0.7462184023662939,
M6_dense,ours_dnq_dlc_noshield,full,0.95,12,6,0.5,0.2537815976337061,0.7462184023662939,
M6_dense,ours_dnq_dlc_noshield,man,1.0,12,6,0.5,0.2537815976337061,0.7462184023662939,
M6_dense,ours_dnq_dlc_noshield,full,1.0,12,6,0.5,0.2537815976337061,0.7462184023662939,
M6_dense,ours_dnq_dlc_noshield,man_run_limit,0.7,12,6,0.5,0.2537815976337061,0.7462184023662939,10
M6_dense,ours_dnq_dlc_noshield,man_run_limit,0.7,12,6,0.5,0.2537815976337061,0.7462184023662939,25
M6_dense,ours_dnq_dlc_noshield,man_run_limit,0.7,12,6,0.5,0.2537815976337061,0.7462184023662939,50
M6_dense,ours_dnq_dlc_noshield,man_run_limit,0.7,12,6,0.5,0.2537815976337061,0.7462184023662939,100
M8_scale,ours_dnq_dlc_noshield,man,0.5,12,5,0.4166666666666667,0.19326031365875665,0.6804886874504503,
M8_scale,ours_dnq_dlc_noshield,full,0.5,12,7,0.5833333333333334,0.31951131254954973,0.8067396863412435,
M8_scale,ours_dnq_dlc_noshield,man,0.6,12,5,0.4166666666666667,0.19326031365875665,0.6804886874504503,
M8_scale,ours_dnq_dlc_noshield,full,0.6,12,7,0.5833333333333334,0.31951131254954973,0.8067396863412435,
M8_scale,ours_dnq_dlc_noshield,man,0.7,12,5,0.4166666666666667,0.19326031365875665,0.6804886874504503,
M8_scale,ours_dnq_dlc_noshield,full,0.7,12,5,0.4166666666666667,0.19326031365875665,0.6804886874504503,
M8_scale,ours_dnq_dlc_noshield,man,0.8,12,5,0.4166666666666667,0.19326031365875665,0.6804886874504503,
M8_scale,ours_dnq_dlc_noshield,full,0.8,12,5,0.4166666666666667,0.19326031365875665,0.6804886874504503,
M8_scale,ours_dnq_dlc_noshield,man,0.9,12,5,0.4166666666666667,0.19326031365875665,0.6804886874504503,
M8_scale,ours_dnq_dlc_noshield,full,0.9,12,4,0.3333333333333333,0.13812009109121315,0.6093779111272004,
M8_scale,ours_dnq_dlc_noshield,man,0.95,12,5,0.4166666666666667,0.19326031365875665,0.6804886874504503,
M8_scale,ours_dnq_dlc_noshield,full,0.95,12,4,0.3333333333333333,0.13812009109121315,0.6093779111272004,
M8_scale,ours_dnq_dlc_noshield,man,1.0,12,5,0.4166666666666667,0.19326031365875665,0.6804886874504503,
M8_scale,ours_dnq_dlc_noshield,full,1.0,12,4,0.3333333333333333,0.13812009109121315,0.6093779111272004,
M8_scale,ours_dnq_dlc_noshield,man_run_limit,0.7,12,5,0.4166666666666667,0.19326031365875665,0.6804886874504503,10
M8_scale,ours_dnq_dlc_noshield,man_run_limit,0.7,12,5,0.4166666666666667,0.19326031365875665,0.6804886874504503,25
M8_scale,ours_dnq_dlc_noshield,man_run_limit,0.7,12,5,0.4166666666666667,0.19326031365875665,0.6804886874504503,50
M8_scale,ours_dnq_dlc_noshield,man_run_limit,0.7,12,5,0.4166666666666667,0.19326031365875665,0.6804886874504503,100
