method,metric,algorithm,algorithm_label,algorithm_family,n,mean,ci95_low,ci95_high,median,q25,q75,panel,comparator_label,comparator,n_paired,dnq_successes,dnq_success_rate,comparator_successes,comparator_success_rate,paired_difference,paired_bootstrap_ci95_low,paired_bootstrap_ci95_high,both_success,dnq_only_success,comparator_only_success,neither_success,discordant_pairs,mcnemar_exact_p,mcnemar_holm_p,vehicle_count_stratum,successes,success_rate,wilson_ci95_low,wilson_ci95_high,paired_difference_vs_rule_expert,paired_bootstrap_ci95_low_vs_rule_expert,paired_bootstrap_ci95_high_vs_rule_expert,mcnemar_exact_p_vs_rule_expert
DNQ-DLC,overtake_success_rate,v6_runtime_dynamic_neighborhood_safe,Proposed,Ours,200.0,0.855,0.7995133246921847,0.8971064935799559,1.0,1.0,1.0,a_absolute_success,,,,,,,,,,,,,,,,,,,,,,,,,,
Rule Expert,overtake_success_rate,rule_expert_gate,Rule expert,Rule-based,200.0,0.715,0.6488465397039482,0.7730499699538271,1.0,0.0,1.0,a_absolute_success,,,,,,,,,,,,,,,,,,,,,,,,,,
Safety Rule,overtake_success_rate,rule_safety_gate,Safety rule,Rule-based,200.0,0.7,0.6332093162728074,0.7592525531762859,1.0,0.0,1.0,a_absolute_success,,,,,,,,,,,,,,,,,,,,,,,,,,
DLC-JTO,overtake_success_rate,dlc_joint_transition_observer,DLC-JTO,DLC variants,200.0,0.09,0.0576874488621931,0.1377657187671654,0.0,0.0,0.0,a_absolute_success,,,,,,,,,,,,,,,,,,,,,,,,,,
PPO legacy,overtake_success_rate,ppo_continuous,PPO,RL,200.0,0.275,0.2177970032930735,0.3406833935766964,0.0,0.0,1.0,a_absolute_success,,,,,,,,,,,,,,,,,,,,,,,,,,
SAC legacy,overtake_success_rate,sac_continuous,SAC,RL,200.0,0.005,0.0008831687156009,0.0277737043978929,0.0,0.0,0.0,a_absolute_success,,,,,,,,,,,,,,,,,,,,,,,,,,
TD3 legacy,overtake_success_rate,td3_continuous,TD3,RL,200.0,0.39,0.3250834313746962,0.4590625404283025,0.0,0.0,1.0,a_absolute_success,,,,,,,,,,,,,,,,,,,,,,,,,,
,,,,,,,,,,,,b_paired_success_gain,Rule Expert,rule_expert_gate,200.0,171.0,0.855,143.0,0.715,0.14,0.065,0.215,125.0,46.0,18.0,11.0,64.0,0.0006173782640671,0.0006173782640671,,,,,,,,,
,,,,,,,,,,,,b_paired_success_gain,Safety Rule,rule_safety_gate,200.0,171.0,0.855,140.0,0.7,0.155,0.085,0.225,128.0,43.0,12.0,17.0,55.0,3.3053764732060564e-05,6.610752946412113e-05,,,,,,,,,
,,,,,,,,,,,,b_paired_success_gain,DLC-JTO,dlc_joint_transition_observer,200.0,171.0,0.855,18.0,0.09,0.765,0.7,0.83,14.0,157.0,4.0,25.0,161.0,1.8925714000919331e-41,9.462857000459667e-41,,,,,,,,,
,,,,,,,,,,,,b_paired_success_gain,PPO legacy,ppo_continuous,200.0,171.0,0.855,55.0,0.275,0.58,0.505,0.65,52.0,119.0,3.0,26.0,122.0,1.1387963575850963e-31,4.555185430340385e-31,,,,,,,,,
,,,,,,,,,,,,b_paired_success_gain,SAC legacy,sac_continuous,200.0,171.0,0.855,1.0,0.005,0.85,0.8,0.895,1.0,170.0,0.0,29.0,170.0,1.3363823550460978e-51,8.018294130276587e-51,,,,,,,,,
,,,,,,,,,,,,b_paired_success_gain,TD3 legacy,td3_continuous,200.0,171.0,0.855,78.0,0.39,0.465,0.39,0.54,73.0,98.0,5.0,24.0,103.0,1.8172343385355978e-23,5.451703015606793e-23,,,,,,,,,
,,v6_runtime_dynamic_neighborhood_safe,DNQ-DLC,,120.0,,,,,,,c_vehicle_count_strata,,,,,,,,,,,,,,,,,,N=4-6 training range,104.0,0.8666666666666667,0.7943520342531573,0.9162339103731272,0.05,-0.0333333333333333,0.1333333333333333,0.326939582824707
,,rule_expert_gate,Rule Expert,,120.0,,,,,,,c_vehicle_count_strata,,,,,,,,,,,,,,,,,,N=4-6 training range,98.0,0.8166666666666667,0.7379908648282967,0.8756969964398578,,,,
,,dlc_joint_transition_observer,DLC-JTO,,120.0,,,,,,,c_vehicle_count_strata,,,,,,,,,,,,,,,,,,N=4-6 training range,14.0,0.1166666666666666,0.0707811780783005,0.1863335161760388,,,,
,,v6_runtime_dynamic_neighborhood_safe,DNQ-DLC,,80.0,,,,,,,c_vehicle_count_strata,,,,,,,,,,,,,,,,,,N=7-8 extrapolation,67.0,0.8375,0.7415709565930229,0.9025018059704965,0.275,0.1375,0.4125,0.000471986742923
,,rule_expert_gate,Rule Expert,,80.0,,,,,,,c_vehicle_count_strata,,,,,,,,,,,,,,,,,,N=7-8 extrapolation,45.0,0.5625,0.4534113429694972,0.6658613908385618,,,,
,,dlc_joint_transition_observer,DLC-JTO,,80.0,,,,,,,c_vehicle_count_strata,,,,,,,,,,,,,,,,,,N=7-8 extrapolation,4.0,0.05,0.0196135545355442,0.1216227620464301,,,,
DNQ-DLC,completion_time_capped,v6_runtime_dynamic_neighborhood_safe,Proposed,Ours,171.0,97.78362573099416,81.82997076023392,117.7720760233918,74.0,42.0,124.0,d_completion,,,,,,,,,,,,,,,,,,,,,,,,,,
Rule Expert,completion_time_capped,rule_expert_gate,Rule expert,Rule-based,143.0,125.96503496503496,95.99807692307694,160.00786713286715,33.0,29.0,103.0,d_completion,,,,,,,,,,,,,,,,,,,,,,,,,,
Safety Rule,completion_time_capped,rule_safety_gate,Safety rule,Rule-based,140.0,131.14285714285714,94.71321428571429,174.20785714285714,42.0,29.75,65.5,d_completion,,,,,,,,,,,,,,,,,,,,,,,,,,
DLC-JTO,completion_time_capped,dlc_joint_transition_observer,DLC-JTO,DLC variants,18.0,1346.0555555555557,1220.3833333333334,1465.063888888889,1381.0,1236.75,1518.25,d_completion,,,,,,,,,,,,,,,,,,,,,,,,,,
DLC-JT,completion_time_capped,dlc_joint_transition,DLC-JT,DLC variants,2.0,1583.5,1079.0,2088.0,1583.5,1331.25,1835.75,d_completion,,,,,,,,,,,,,,,,,,,,,,,,,,
DNQ-DLC,target_grass_rate,v6_runtime_dynamic_neighborhood_safe,Proposed,Ours,171.0,0.6292075757699752,0.6002224522664577,0.6559901266249866,0.6454128623008728,0.5020642280578613,0.7931192517280579,d_grass,,,,,,,,,,,,,,,,,,,,,,,,,,
Rule Expert,target_grass_rate,rule_expert_gate,Rule expert,Rule-based,143.0,0.3896514214900928,0.3387744830432836,0.4394402016670657,0.2344036698341369,0.1227064207196235,0.734403669834137,d_grass,,,,,,,,,,,,,,,,,,,,,,,,,,
Safety Rule,target_grass_rate,rule_safety_gate,Safety rule,Rule-based,140.0,0.4507339464666854,0.406693644752543,0.4947912044236935,0.4188073426485061,0.2293578013777732,0.6957568973302841,d_grass,,,,,,,,,,,,,,,,,,,,,,,,,,
DLC-JTO,target_grass_rate,dlc_joint_transition_observer,DLC-JTO,DLC variants,18.0,0.3516819592979219,0.2766265337251954,0.429969419269926,0.3323394358158111,0.1926605552434921,0.461582563817501,d_grass,,,,,,,,,,,,,,,,,,,,,,,,,,
DLC-JT,target_grass_rate,dlc_joint_transition,DLC-JT,DLC variants,2.0,0.6841742992401123,0.5738531947135925,0.7944954037666321,0.6841742992401123,0.6290137469768524,0.7393348515033722,d_grass,,,,,,,,,,,,,,,,,,,,,,,,,,
