track,num_agents,seed,steps,switch_count,switch_rate,unique_top3_configurations
hairpin_scaled,6,6101,600,46,0.07679465776293823,26
hairpin_scaled,6,6102,600,37,0.06176961602671119,15
hairpin_scaled,6,6103,600,45,0.07512520868113523,18
hairpin_scaled,6,6104,600,45,0.07512520868113523,24
hairpin_scaled,6,6105,600,43,0.07178631051752922,24
hairpin_scaled,6,6106,600,62,0.10350584307178631,19
hairpin_scaled,6,6107,600,40,0.0667779632721202,24
hairpin_scaled,6,6108,600,18,0.03005008347245409,15
hairpin_scaled,8,6101,600,27,0.045075125208681135,21
hairpin_scaled,8,6102,600,52,0.08681135225375626,31
hairpin_scaled,8,6103,600,43,0.07178631051752922,23
hairpin_scaled,8,6104,600,53,0.08848080133555926,35
hairpin_scaled,8,6105,600,62,0.10350584307178631,38
hairpin_scaled,8,6106,600,56,0.09348914858096828,36
hairpin_scaled,8,6107,600,36,0.06010016694490818,22
hairpin_scaled,8,6108,600,62,0.10350584307178631,42
s_curve_scaled,6,6101,600,18,0.03005008347245409,4
s_curve_scaled,6,6102,600,15,0.025041736227045076,7
s_curve_scaled,6,6103,600,38,0.06343906510851419,16
s_curve_scaled,6,6104,600,113,0.18864774624373956,36
s_curve_scaled,6,6105,600,40,0.0667779632721202,16
s_curve_scaled,6,6106,600,38,0.06343906510851419,17
s_curve_scaled,6,6107,600,32,0.05342237061769616,13
s_curve_scaled,6,6108,600,29,0.048414023372287146,8
s_curve_scaled,8,6101,600,37,0.06176961602671119,17
s_curve_scaled,8,6102,600,107,0.17863105175292154,42
s_curve_scaled,8,6103,600,95,0.15859766277128548,35
s_curve_scaled,8,6104,600,52,0.08681135225375626,21
s_curve_scaled,8,6105,600,16,0.02671118530884808,15
s_curve_scaled,8,6106,600,32,0.05342237061769616,20
s_curve_scaled,8,6107,600,56,0.09348914858096828,26
s_curve_scaled,8,6108,600,81,0.1352253756260434,28
