experiment_id,track_id,algorithm,seed,num_agents,case_dir,status,steps,steps_analysed,candidate_count_mean,override_rate,anchor_steps,anchor_margin_mean,anchor_margin_median,anchor_margin_p90,override_margin_mean,admitted_mean,admitted_p90,exposed_mean,admitted_of_exposed,pruning_rate,neighbor_churn_rate,neighbor_residence_mean,neighbor_distinct_total,planner_active_rate,shield_active_rate,guard_trigger_rate,escalation_rate,forced_recovery_rate,bypass_rate,infeasible_rate,wm_pos_err_ego_h1,wm_pos_err_fleet_h1,wm_speed_err_ego_h1,wm_pos_err_ego_p90_h1,wm_pos_err_ego_h2,wm_pos_err_fleet_h2,wm_speed_err_ego_h2,wm_pos_err_ego_p90_h2,wm_pos_err_ego_h3,wm_pos_err_fleet_h3,wm_speed_err_ego_h3,wm_pos_err_ego_p90_h3,wm_pos_err_ego_h4,wm_pos_err_fleet_h4,wm_speed_err_ego_h4,wm_pos_err_ego_p90_h4,wm_steps,term_reward_mean,term_progress_mean,term_liveness_mean,term_overtake_mean,term_learned_quality_mean,term_risk_mean,term_uncertainty_mean,term_imitation_mean,term_lane_mean,term_grass_mean,term_close_gap_mean,term_guard_violation_mean,term_elegance_mean,term_total_mean,term_speed_mean_mean,term_quality_share
M10_scale,procedural,ours_dnq_dlc,21,10,M10_scale_n10_seed21,ok,2200,1850,8.12,0.9170653907496013,1254,58.73154734240713,1.0480055032553715,51.775772749362126,62.3874286296106,3.0,3.0,9.0,0.33333333333333326,1.0,0.08166576527852894,12.171052631578947,8.0,0.6778378378378378,0.4664864864864865,0.21291866028708134,0.3237837837837838,0.32216216216216215,0.0,0.4664864864864865,0.4853723749567073,0.3031833642307574,0.8225079228400227,0.7201725951150092,0.6020744088623097,0.3507409624392306,1.1149183129687759,0.9671628704999187,0.72837267145461,0.4069187556407948,1.4302246246600645,1.2417458253123241,0.8641747644253337,0.4699548825978428,1.6891296944155891,1.4993047107211506,1254,0.18466034280132018,0.0019235597481415997,-0.48782395718924537,0.5232475200121921,0.0,-5.877821619187253,-0.030481522877743854,-0.005289574747729926,-4.637320837851594,-0.37161318728371223,-1.1871589325502216,-3.7645506854509123,-0.893042871824345,-16.545271766401104,17.589695063775928,-0.1587100288083506
M10_scale,procedural,ours_dnq_dlc,22,10,M10_scale_n10_seed22,ok,2200,1850,11.403243243243244,0.9419795221843004,1758,210.8055588747706,1.1713000017443758,660.3958792914864,205.89986243864422,3.0,3.0,9.0,0.33333333333333326,1.0,0.062195781503515415,15.948275862068966,8.0,0.9502702702702702,0.10378378378378378,0.05688282138794084,0.04972972972972973,0.04972972972972973,0.0,0.10378378378378378,0.5064507116884834,0.3991167583715168,0.7595845690195336,0.7294150619220776,0.6758174928926105,0.5577678769580364,1.0852827117095005,0.9885580598565779,0.8555601010549421,0.7409649851351335,1.3854083844727698,1.2573714334949415,1.0403020279817716,0.9549107150983092,1.6316692447100387,1.5424644546101827,1758,0.382394824452423,0.0017561438569815913,-0.5820761596255172,0.5653206992564733,0.0,-4.7335868570096284,-0.04375935806720841,-0.004556597590490978,-3.698971422152685,-0.0031979436509171504,-1.1926489007106538,-5.542752087956712,-0.6796240430686965,-15.53170170226663,17.418488335320838,-0.1260275659747089
M10_scale,procedural,ours_dnq_dlc,23,10,M10_scale_n10_seed23,ok,2200,1850,11.404864864864864,0.9448863636363637,1760,278.49690955577904,0.8748727286712813,556.6595913138178,277.4366861786597,2.9286486486486485,3.0,9.0,0.32540540540540536,1.0,0.057328285559762035,17.289719626168225,8.0,0.9513513513513514,0.08648648648648649,0.03977272727272727,0.049189189189189186,0.04864864864864865,0.0,0.08648648648648649,0.48894097148805016,0.321909462014312,0.889216533778336,0.7251163127561253,0.6491245088351089,0.37260339007826787,1.2966634682125853,0.9931216377149559,0.8182658166979309,0.44108214137137886,1.6766369248027726,1.2682898220105734,0.9922144029499469,0.5229035977293364,2.008061683879417,1.561188728964714,1760,0.11547257241451306,0.0018803427258943792,-0.658705166126724,0.6176440387025333,0.0,-3.759264371223228,-0.05412269542458563,-0.00507533218805788,-3.2164346579366296,-0.22729667598797595,-0.9515222278928447,-3.488663354189827,-0.5349935819762082,-12.16108110910314,17.282727059807215,-0.1177660520132956
M10_scale,procedural,ours_dnq_dlc,24,10,M10_scale_n10_seed24,ok,2200,1850,9.488108108108108,0.9077868852459017,1464,322.5126245048407,1.1740180359471797,863.7932599832312,341.7259008820976,2.9486486486486485,3.0,9.0,0.3276276276276276,1.0,0.09789075175770687,10.164835164835164,9.0,0.7913513513513514,0.24756756756756756,0.04918032786885246,0.20864864864864865,0.20864864864864865,0.0,0.24756756756756756,0.39590468856780703,0.32314580993043845,1.0796159353203416,0.6243267543068186,0.5198847330894052,0.41985694534660667,1.4080951962329538,0.8374624438515832,0.6569254415995923,0.5274228651295024,1.7493343740777694,1.0768072562596822,0.801820013059752,0.6429289310281552,2.0617096101217856,1.301411234228141,1464,0.11300489822893146,0.0019325553495711401,-1.493596759267577,0.4598911213227656,0.0,-5.076290920773333,-0.059230627765521404,-0.00532355878745651,-3.597337152772392,-0.23531686646843084,-1.343658889126355,-6.782125596712145,-0.6149919802518916,-18.633043777023836,14.267818718477121,-0.14658091891690975
M10_scale,procedural,ours_dnq_dlc,25,10,M10_scale_n10_seed25,ok,2200,1850,6.535675675675676,0.9117938553022795,1009,25.609230831451807,0.7879268058661888,19.862097182601122,26.970494961743785,2.9854054054054053,3.0,9.0,0.33171171171171165,1.0,0.016224986479177934,59.67741935483871,8.0,0.5454054054054054,0.534054054054054,0.14568880079286423,0.4562162162162162,0.4545945945945946,0.0,0.534054054054054,0.5861775022842097,0.37402104682858295,0.6766292140843304,0.7500573199305771,0.779323944666884,0.5254093580027837,0.9171363699982833,1.0389325411424561,0.9751089339270561,0.6988778615486875,1.1676287707640867,1.3354072164810482,1.1733476505177924,0.8972905208635062,1.3378433164682784,1.624045224300521,1009,0.27026977836213456,0.0014633221887590737,-0.21453321221171065,0.7847465597854834,0.0,-4.055014494837776,-0.03334995401647231,-0.004400673943286306,-3.915541450133271,-0.14764708639977792,-0.5358372686316442,-1.747147778025806,-0.8069906977572106,-10.403982955620577,19.216493645122128,-0.11119712145844236
M10_scale,procedural,ours_dnq_dlc,26,10,M10_scale_n10_seed26,ok,2200,1850,7.834594594594595,0.9148760330578513,1210,147.55255383046503,0.8193662150661609,448.89606185486724,146.17552956296262,3.0,3.0,9.0,0.33333333333333326,1.0,0.08328826392644673,11.935483870967742,9.0,0.654054054054054,0.4,0.08264462809917356,0.34702702702702704,0.34594594594594597,0.0,0.4,0.5008425843371823,0.37217996515217944,0.7465675136191934,0.6945717799175228,0.6593643762522399,0.5273900808806218,1.0596999357532924,0.9566012780030224,0.8231356368288617,0.6855585709570866,1.360412532981131,1.2271973736932387,0.9926105163439944,0.8446682717938659,1.6092139862157389,1.5111735147135994,1210,0.3661942040071378,0.0012670764759246504,-0.3895795506126487,0.5347060067739693,0.0,-4.644241065910513,-0.07756318413398831,-0.005412286580210804,-4.185051988441593,-0.12801301019898578,-0.9437238793079776,-3.9343584589862917,-0.8126671843522869,-14.218443321267463,17.695557503672003,-0.13530904929514356
M10_scale,procedural,ours_dnq_dlc,27,10,M10_scale_n10_seed27,ok,2200,1850,10.055135135135135,0.9084461637653127,1551,387.5449877514409,311.776129435646,971.9630042855998,379.65769499163923,3.0,3.0,9.0,0.33333333333333326,1.0,0.04326663061114116,22.839506172839506,9.0,0.8383783783783784,0.20054054054054055,0.04642166344294004,0.1616216216216216,0.1616216216216216,0.0,0.20054054054054055,0.5555289650839141,0.8662778136356475,0.6210446798585165,0.6899264295694115,0.8372959543779405,1.673842475341208,0.8474049246789367,1.0381648593136457,1.1724492735785215,2.6389863771711366,1.0147058985091728,1.5451123580066517,1.631538869981093,3.7064189507477763,1.2661950870695273,2.69968882631455,1551,0.7305593894775425,0.0019440078317414643,-0.921901552376323,0.26859738904708674,0.0,-5.703190673067609,-0.07380926716874633,-0.004501644607237934,-4.7217286850681,-0.14443671548537565,-0.635929038375805,-10.622407307297534,-0.9138233971573514,-22.740627494247708,15.201970952757522,-0.12810218733122578
M10_scale,procedural,ours_dnq_dlc,28,10,M10_scale_n10_seed28,ok,2200,1850,7.791891891891892,0.9261410788381743,1205,206.08535117146488,10.00422367929741,649.2491682563273,203.3961168721057,2.9956756756756757,3.0,9.0,0.3328528528528528,1.0,0.02541914548404543,38.541666666666664,8.0,0.6513513513513514,0.432972972972973,0.12946058091286308,0.3491891891891892,0.34864864864864864,0.0,0.432972972972973,0.5685692633942594,0.48701302279276554,0.7317848419164784,0.726272563748643,0.842495163587622,1.0349231232362042,1.034970797272164,1.1267708923731055,1.2565500469457058,1.9479240159265288,1.29231993151864,2.124851931434003,1.833117214230862,3.2369545660475816,1.6493143345757468,3.740836043713941,1205,0.6869219494362704,0.002023604984794136,-0.690177240559538,0.34801423193928993,0.0,-5.438486115747836,-0.036843522552140635,-0.0047562292810306665,-4.701594697400046,-0.02149252793144146,-0.6020618523857895,-5.00051388513374,-0.9815554069270489,-16.440521691558256,16.236176039607287,-0.1413934158498032
M10_scale,procedural,ours_dnq_dlc,29,10,M10_scale_n10_seed29,ok,2200,1850,9.041081081081082,0.9318507890961263,1394,362.7652034747409,0.9920176483364807,914.3461908273417,360.7876384167552,3.0,3.0,9.0,0.33333333333333326,1.0,0.07679826933477556,12.937062937062937,9.0,0.7535135135135135,0.2654054054054054,0.025107604017216643,0.2464864864864865,0.2464864864864865,0.0,0.2654054054054054,0.4476336623416206,0.43972665222412705,1.022668552663774,0.7210968869504085,0.6000096926775064,0.6666430696340689,1.4591967147551104,0.9799796233639881,0.7619435639530425,0.9122174015358195,1.8055993293173567,1.245638569942715,0.9262577392828024,1.1775027283678414,2.110984005744794,1.498390028962187,1394,0.23698264861313062,0.001788141772812776,-1.401814029195529,0.5059637456845314,0.0,-3.9960176070877576,-0.06134680140763983,-0.005124747642291603,-3.2085998378804303,-0.056388809182209454,-1.3884831400313902,-7.245542217816184,-0.4294764831262007,-17.04805913729916,14.820338221845008,-0.12944759979229234
M10_scale,procedural,ours_dnq_dlc,30,10,M10_scale_n10_seed30,ok,2200,1850,5.364324324324325,0.9480048367593712,827,230.15636970434744,0.9756171926913453,733.7531302693212,236.3485576448541,2.654594594594595,3.0,9.0,0.29495495495495494,1.0,0.05949161709031909,16.666666666666668,9.0,0.447027027027027,0.5794594594594594,0.0592503022974607,0.5535135135135135,0.552972972972973,0.0,0.5794594594594594,0.569225179718924,0.49276594943501956,0.7467187867630257,0.770853805018565,0.787444367314798,0.7933197300278871,1.0051065948631408,1.0775475057439863,1.0062730392919441,1.1078505485173191,1.2354781107625514,1.3901024002343425,1.226135331030626,1.440436266656802,1.472641018687463,1.6956731730319905,827,0.14097907067847476,0.0019473901887246622,-0.5848744936539054,0.757756031379241,0.0,-5.706433812445661,-0.06959992743842904,-0.004399103267023486,-4.182650859059551,-0.14173068424885032,-0.877752897079534,-6.227689138238142,-0.7737969992159502,-17.66824542240061,18.04405995973619,-0.11947492737486
M10_scale,procedural,ours_dnq_dlc,31,10,M10_scale_n10_seed31,ok,2200,1850,10.956756756756757,0.9023668639053254,1690,330.6345923667104,1.0788482661090382,955.0670318421487,318.55963716294525,3.0,3.0,9.0,0.33333333333333326,1.0,0.04542996214169821,21.764705882352942,9.0,0.9135135135135135,0.17351351351351352,0.09526627218934912,0.08810810810810811,0.08648648648648649,0.0,0.17351351351351352,0.4910477383703717,0.30964589331906245,0.7800386080497796,0.700982774178689,0.6327262921991663,0.3896366626553327,1.0907582275633423,0.9519166525041362,0.7826886446647798,0.4793903598171088,1.365705709301766,1.2217176532596534,0.9378895733290605,0.5748946987624665,1.5833486660519625,1.4964462587870317,1690,0.23074930432924717,0.0018148349637858348,-0.5951438370185543,0.6907999402503505,0.0,-3.90728539006101,-0.013179256156744807,-0.005139362875269048,-3.370646385310524,-0.09769275891270306,-1.3825250983593045,-8.569967836978737,-0.5870366595705463,-17.60525250570001,17.61760460822019,-0.11276632156769784
M10_scale,procedural,ours_dnq_dlc,32,10,M10_scale_n10_seed32,ok,2200,1850,9.335135135135134,0.9256944444444445,1440,157.45265950830083,0.967467266875988,343.3541554651604,155.20462761416226,3.0,3.0,9.0,0.33333333333333326,1.0,0.0319091400757166,30.833333333333332,9.0,0.7783783783783784,0.29945945945945945,0.1,0.22162162162162163,0.22162162162162163,0.0,0.29945945945945945,0.5222605534764865,0.4381824923104975,0.7575017749165871,0.7042818504516203,0.716112727729387,0.7704518788686867,0.9824092523221319,0.9929546089271969,0.9672647672079693,1.2768772852647072,1.2654604838606474,1.375261425269811,1.3378838257421761,2.0152312921266753,1.6427858223329292,1.7374224041644095,1440,0.6258531968249433,0.001209869812847548,-0.7472222085503344,0.6394347285734818,0.0,-4.130290354505784,-0.03324814058697955,-0.00583425993430986,-3.6192198590081923,-0.025902128746772387,-0.7187624062000659,-5.827622690371537,-0.5903846583066492,-14.431988910999351,17.132511790643452,-0.10814728642089982
M4_sparse,procedural,ours_dnq_dlc,21,4,M4_sparse_n4_seed21,ok,2200,1850,9.621081081081082,0.8606060606060606,1485,1.2371429703949435,0.7532343777434436,2.288929581075342,1.2987034616494866,0.5302702702702703,2.0,3.0,0.17675675675675676,0.9562162162162162,0.0016224986479177934,462.5,3.0,0.8027027027027027,0.21081081081081082,0.016835016835016835,0.19783783783783784,0.1972972972972973,0.0,0.21081081081081082,0.5506241415486357,0.34118853253817244,0.5923203694931061,0.706446227300408,0.6904604433727259,0.4164329311450845,0.9991412707418603,0.940661707090449,0.838570488748621,0.49842218679564604,1.3829815960399654,1.1861568477876179,0.9906891194596968,0.5869558746641883,1.661552362435649,1.4372433402805633,1485,0.6337327174500119,0.0019028207626454019,-0.10229736751309289,1.083720129129221,0.0,-4.7031712467314675,-0.03710711991013405,-0.0045745084385990075,-3.421411561547187,-0.00286907846333798,-0.012289043328322424,-0.01655197707135381,-0.5193255778820008,-7.100241813543617,20.64817560401688,-0.07396618811263006
M4_sparse,procedural,ours_dnq_dlc,22,4,M4_sparse_n4_seed22,ok,2200,1850,8.732432432432432,0.9013353115727003,1348,3.0452391049453182,0.782684137582716,10.363696234349629,3.120182703646411,1.927027027027027,3.0,3.0,0.6423423423423423,0.4205405405405405,0.0027041644131963224,308.3333333333333,3.0,0.7286486486486486,0.3497297297297297,0.10756676557863501,0.2718918918918919,0.27135135135135136,0.0,0.3497297297297297,0.504330832197452,0.29079290997098445,0.6191883629266185,0.6986359222590567,0.6053428614092577,0.3081858627925819,0.9457756500338782,0.9316544537070529,0.7146251589208397,0.3343246270396774,1.2533927411730836,1.1588318869932235,0.8309916784133832,0.36712264002415845,1.4953935679287673,1.40207478586361,1348,0.8460256760438379,0.002405124010500371,-0.22096375050586015,0.8965440873019523,0.0,-4.899926479545198,-0.023118079716351273,-0.004526331649738761,-3.8550846254356874,-0.025704732078031832,-0.14271662148277522,-0.12834412490193786,-0.6825222066300847,-8.237932064589375,19.65760181531773,-0.09722882292428778
M4_sparse,procedural,ours_dnq_dlc,23,4,M4_sparse_n4_seed23,ok,2200,1850,5.286486486486487,0.9042944785276074,815,387.731797131245,1.6047721057502287,863.9806750709764,428.76718407322204,1.6054054054054054,2.0,3.0,0.535135135135135,0.9594594594594594,0.002163331530557058,370.0,3.0,0.44054054054054054,0.5837837837837838,0.05521472392638037,0.5594594594594594,0.5594594594594594,0.0,0.5837837837837838,0.3944252229014773,0.2692430600131397,1.0580142505602785,0.6251622512600548,0.49702102872505305,0.29229921649001195,1.488556731489562,0.8330085162229107,0.6126881259603881,0.3288621315174111,1.9180064264866936,1.070702369418824,0.7337953381346236,0.37760596515148076,2.3046729686376937,1.3463270271773367,815,0.031039062040024854,0.0014763755250153567,-1.060490188525252,0.37340915191630625,0.0,-2.0018379421136543,-0.046235006925200585,-0.005959956335774964,-2.5191900473868283,-9.069912475555038e-05,-1.214499862961925,-10.788471893166026,-0.36149825003974956,-17.59234925709782,15.383227394235536,-0.10938305986771443
M4_sparse,procedural,ours_dnq_dlc,24,4,M4_sparse_n4_seed24,ok,2200,1850,2.5297297297297296,0.9333333333333333,390,101.03111713364282,10.08818562935761,98.06715777040104,104.7152054962184,1.645945945945946,3.0,3.0,0.5486486486486486,0.534054054054054,0.0016224986479177934,462.5,3.0,0.21081081081081082,0.88,0.4307692307692308,0.7891891891891892,0.7891891891891892,0.0,0.88,0.3364885005944879,0.2720347671701274,0.7869535200138094,0.4969248528619052,0.4353014929706303,0.3494952256253605,0.9477912237996841,0.6680856115691939,0.5439718817395177,0.4556468807089227,1.1359784331267078,0.9159495814930237,0.6618079964128488,0.5832603990373604,1.4152764338385508,1.203580860582935,390,-0.08528516836006023,0.0012035700108862324,-1.958010097371963,0.03969785999140522,0.0,-4.589024628469166,0.08546841677052319,-0.005461869473497644,-5.512320801408138,-0.5973093471013756,-0.6527953269620956,-16.314014998140557,-1.1316430190658593,-30.719495409579892,11.722345236152059,-0.16838664262047473
M4_sparse,procedural,ours_dnq_dlc,25,4,M4_sparse_n4_seed25,ok,2200,1850,7.88054054054054,0.8972884141331142,1217,3.996872223258784,0.7939831337756846,16.700286892357738,4.336419072643683,2.5254054054054054,3.0,3.0,0.8418018018018019,0.18432432432432433,0.002163331530557058,370.0,3.0,0.6578378378378379,0.4345945945945946,0.14050944946589974,0.34378378378378377,0.34216216216216216,0.0,0.4345945945945946,0.499098489783451,0.32498157704662833,0.6675056312589659,0.7010736870424745,0.6106542908206963,0.3889903617628879,1.0025645773631329,0.9235404548335284,0.7344731684669671,0.4613428260601192,1.3018476083862145,1.1585232328004718,0.8675434064469677,0.5406742596320427,1.5385408676235013,1.4085777115243525,1217,0.9372729410123459,0.0024452519396309593,-0.2577143207267272,0.8194308406773264,0.0,-4.6321761426314865,-0.03893388511432042,-0.004321910424145059,-3.807581945496222,-0.0348108983641604,-0.2190340985139923,-0.16877901056947034,-0.660157114214066,-8.064360292425288,19.286685037156484,-0.10091244977506285
M4_sparse,procedural,ours_dnq_dlc,26,4,M4_sparse_n4_seed26,ok,2200,1850,8.734594594594595,0.8791697553743514,1349,1.9112391305106071,0.7452864608268852,2.352246940951221,1.955892562757451,0.3621621621621622,2.0,3.0,0.12072072072072071,1.0,0.001081665765278529,616.6666666666666,2.0,0.7291891891891892,0.2843243243243243,0.018532246108228317,0.27135135135135136,0.2708108108108108,0.0,0.2843243243243243,0.5624834845701545,0.34937282221852206,0.5954290508674188,0.6985547236222241,0.7144346573025201,0.4444062991649787,0.9797005678402644,0.9327097592581987,0.8731353087453585,0.5478668112789955,1.3878471021035832,1.1832276095262813,1.036965762132776,0.6565819575419213,1.6618607318139644,1.4209316252690158,1349,0.625415572210276,0.0017179447312996527,-0.08787040118559263,1.104996656416661,0.0,-4.256555196547559,-0.04001085489863749,-0.004857644093724441,-3.210704352550489,-0.1970657228075473,-0.02070700234327338,-0.22596586325727724,-0.5176346820596024,-6.829241546385468,20.767903270952495,-0.06781975884047056
M4_sparse,procedural,ours_dnq_dlc,27,4,M4_sparse_n4_seed27,ok,2200,1850,8.138378378378379,0.8781847133757962,1256,4.654558123430385,0.8245803777239358,20.01050426092231,5.199516472748968,2.0043243243243243,3.0,3.0,0.6681081081081081,0.33837837837837836,0.0016224986479177934,462.5,3.0,0.6789189189189189,0.412972972972973,0.13535031847133758,0.32216216216216215,0.3210810810810811,0.0,0.412972972972973,0.48517576815209756,0.3224410744651871,0.6978083599376501,0.6688023969322254,0.5903657130207385,0.3895514177654204,1.131593674241117,0.8731699981675647,0.7036016208987786,0.4627674726763505,1.5236909110058967,1.0875817496801377,0.8217901696262634,0.5391166923359451,1.813153107753777,1.2949572516009016,1256,1.149190897780973,0.0027028095770718695,-0.2391862695676675,0.6051447188333349,0.0,-5.60285333838314,-0.031136224732588185,-0.004748456511017953,-4.429416554604834,-0.1567406412776737,-0.32277971071434186,-0.2755618792834436,-0.7802463070227766,-10.085630955906103,18.699766972133332,-0.12958153169371944
M4_sparse,procedural,ours_dnq_dlc,28,4,M4_sparse_n4_seed28,ok,2200,1850,8.610810810810811,0.8903080390683696,1331,6.052358312303046,0.9171438253169462,20.670392513826574,6.684539602193021,2.0545945945945947,3.0,3.0,0.6848648648648649,0.37189189189189187,0.0037858301784748512,231.25,3.0,0.7194594594594594,0.4254054054054054,0.20135236664162284,0.2827027027027027,0.28054054054054056,0.0,0.4254054054054054,0.4833144640495789,0.33599585974469637,0.6830213025008024,0.6880514052015219,0.5849949144486082,0.4119366422450284,1.044577641969445,0.9190202343372124,0.6976679066334236,0.49353727515654794,1.4334688612575839,1.1576915023993073,0.8203595980697987,0.5812633437085792,1.6958830602182386,1.4079228999085773,1331,1.0504118577690713,0.002757291786394132,-0.35146316821001233,0.6988551619385842,0.0,-5.058324751561145,-0.030930303117594055,-0.00440839857633203,-4.231172228013414,-0.04898906636308977,-0.14174954890193098,-0.23720929166357277,-0.7797880021754229,-9.132010447088463,18.646078554952727,-0.11586085371907222
M4_sparse,procedural,ours_dnq_dlc,29,4,M4_sparse_n4_seed29,ok,2200,1850,10.455135135135135,0.8995660260384377,1613,63.210855146234586,0.8826011327045595,30.950072537388643,68.78015992494616,2.224864864864865,3.0,3.0,0.7416216216216216,0.2708108108108108,0.0016224986479177934,462.5,3.0,0.8718918918918919,0.2594594594594595,0.15065096094234345,0.1291891891891892,0.1281081081081081,0.0,0.2594594594594595,0.46681117506679365,0.2912363873624262,0.79142255471598,0.658920693317486,0.5868685995172728,0.34602363408825576,1.2676037374850366,0.9020408581898345,0.7148179444105792,0.41315765551105105,1.6615603027186474,1.154522646582791,0.8483886087378135,0.4893206085780117,1.928811507966134,1.3978752268728147,1613,0.6352647100590997,0.0023196993384680953,-0.538554902052441,0.5696863655487882,0.0,-5.0821778538114035,-0.04351816220411307,-0.005447495731244737,-4.131768256358046,-0.032200684425799146,-0.3533803449680675,-1.6639503836728748,-0.7515264590484831,-11.395253767326116,17.623522454376644,-0.12680582411218522
M4_sparse,procedural,ours_dnq_dlc,30,4,M4_sparse_n4_seed30,ok,2200,1850,9.161621621621622,0.8691654879773691,1414,2.4882713854916854,0.7044301301786664,2.8700908052348058,2.695636578250546,1.028108108108108,3.0,3.0,0.3427027027027027,0.6989189189189189,0.0016224986479177934,462.5,3.0,0.7643243243243243,0.2881081081081081,0.0685997171145686,0.23621621621621622,0.23567567567567568,0.0,0.2881081081081081,0.5400045612235024,0.30834164952275234,0.6190070589991544,0.7094865793658327,0.679437603117419,0.3792683463122874,0.983939997806469,0.9465512134355366,0.8236183894536504,0.46446336833506713,1.3143483640357594,1.1968002173204753,0.9718711876208683,0.5612678214014922,1.591833866432102,1.453881228017192,1414,0.8565360534086,0.002555487752848236,-0.189872731043076,0.8995656116197591,0.0,-4.4540354368186215,-0.045499311977513696,-0.004547741453536906,-3.72692542216517,-0.06499443819363464,-0.039825159764499705,-0.16355085441769637,-0.6148559175466587,-7.5454498605991995,19.80271942593017,-0.09040874439247323
M4_sparse,procedural,ours_dnq_dlc,31,4,M4_sparse_n4_seed31,ok,2200,1850,10.773513513513514,0.894167167769092,1663,2.0894711280914957,0.7416750005181756,3.216949763174653,2.217109411421198,1.1464864864864865,3.0,3.0,0.38216216216216214,0.6659459459459459,0.0016224986479177934,462.5,3.0,0.898918918918919,0.16108108108108107,0.06674684305472038,0.10162162162162162,0.10108108108108108,0.0,0.16108108108108107,0.5536490337797537,0.3395545770644894,0.634789277125012,0.7083520016065492,0.7074785003096337,0.4289118531167891,0.9646226228555262,0.9717493132259972,0.8666939277118075,0.5271597547016014,1.3162283190759143,1.24115201967728,1.0292950670718495,0.6315128728432784,1.5965245389270597,1.5014107512787749,1663,0.7088179401207007,0.0022821125325694874,-0.11386889576200253,0.8759072689068552,0.0,-5.2076825900183765,-0.04232131749418721,-0.0039694813847922054,-3.8844429263338998,-0.010071691856713442,-0.04939597703204274,-0.06150877134572052,-0.72498843556149,-8.5112427652291,19.99122660418418,-0.09515685592488028
M4_sparse,procedural,ours_dnq_dlc,32,4,M4_sparse_n4_seed32,ok,2200,1850,11.80972972972973,0.8721185510428101,1822,1.3216983527548052,0.7523753443494572,2.180597028543053,1.495066713044908,0.6172972972972973,3.0,3.0,0.20576576576576575,0.8086486486486486,0.0016224986479177934,462.5,3.0,0.9848648648648649,0.04108108108108108,0.026344676180021953,0.015135135135135135,0.015135135135135135,0.0,0.04108108108108108,0.532171281154072,0.3015320896822947,0.5717410396203182,0.6899710648035097,0.6590760677175974,0.3479575218774316,1.0234579038046896,0.9079982337778969,0.7957174683943959,0.4063058838962081,1.4654729780168867,1.1385212779714229,0.9394559407324404,0.4735736560132397,1.7773021562018452,1.391277263940033,1822,0.8788615931716064,0.002173884509543531,-0.098038719986919,0.9704323093557722,0.0,-5.1028572539595505,-0.025697161359677666,-0.00448039760616607,-3.5285331521495014,-0.0047135869990298845,-0.012623277842537143,-0.027202646262544015,-0.5940197913988506,-7.546698200527854,20.33309876754793,-0.08027312168348848
M6_dense,procedural,ours_dnq_dlc,21,6,M6_dense_n6_seed21,ok,2200,1850,10.097297297297297,0.9282051282051282,1560,248.26386933384472,1.0045645633081728,612.6181610813137,254.54492093451714,2.9691891891891893,3.0,5.0,0.5938378378378378,1.0,0.04218496484586263,23.417721518987342,5.0,0.8432432432432433,0.20486486486486485,0.05705128205128205,0.15675675675675677,0.15675675675675677,0.0,0.20486486486486485,0.48607249955300674,0.5850346911666258,0.9388074734168855,0.7842944985358017,0.6565392863540346,0.9795489034119381,1.373052018178042,1.1336213820735312,0.8476047337789696,1.4045852398807832,1.873286392511912,1.4654046207390148,1.0613160739481091,1.9454593219107694,2.455369187103021,1.830369043015832,1560,1.257098199521396,0.0016028192056079596,-1.1151280798994987,0.44529272906377304,0.0,-3.5634075377282786,-0.024999761211095057,-0.005955165278402705,-3.333248594790845,-0.39689213746378554,-1.0733502588236854,-6.440029247608654,-0.5351752154419686,-14.784192250455439,15.455810458455915,-0.12320709535252371
M6_dense,procedural,ours_dnq_dlc,22,6,M6_dense_n6_seed22,ok,2200,1850,10.33027027027027,0.9121706398996235,1594,130.24082019452607,0.8336525088777504,29.474987934856202,142.33438363482003,1.7097297297297298,3.0,5.0,0.3419459459459459,1.0,0.005949161709031909,154.16666666666666,5.0,0.8616216216216216,0.21027027027027026,0.0834378920953576,0.13891891891891892,0.13837837837837838,0.0,0.21027027027027026,0.49549496160459744,0.3070865925478504,0.7212026697431809,0.6871771833170707,0.6280045119520616,0.36694595673702324,1.0784996276010936,0.9212532243736332,0.7678129984429931,0.43930226917131504,1.4635985848171083,1.1745585792568323,0.9118720622436535,0.5189032672609477,1.7975247364582112,1.4092176183984235,1594,0.39366527058083334,0.0016704851302642922,-0.3730004773298479,0.7335258130114953,0.0,-3.923389461488609,-0.04528827231751551,-0.004774924343066564,-3.486913558585757,-0.02238936375516292,-0.4133630521804295,-1.7625732907613854,-0.5805076436741615,-9.483338475713344,18.693384673748774,-0.10379490930526428
M6_dense,procedural,ours_dnq_dlc,23,6,M6_dense_n6_seed23,ok,2200,1850,5.472972972972973,0.9115566037735849,848,288.35369444370315,1.592538405635354,944.9351621375765,317.9385468148082,2.9545945945945946,3.0,5.0,0.5909189189189189,1.0,0.04326663061114116,22.839506172839506,5.0,0.45837837837837836,0.6064864864864865,0.14150943396226415,0.5416216216216216,0.5416216216216216,0.0,0.6064864864864865,0.44838031277873036,0.2960141782246772,0.8911129857118417,0.6760514965449343,0.5757271406718587,0.3306689203753418,1.2427315033799642,0.8578206694283474,0.7101436286997268,0.37266897989497144,1.57413477903328,1.0642885059778757,0.8472721697112113,0.4211358147923363,1.8280830484275594,1.2989887387164978,848,0.21900309930536543,0.001930218745467636,-0.850107789579376,0.43156911739588044,0.0,-2.865989375833544,-0.03560765825035327,-0.006340503836697859,-3.482280721483793,-0.7605401455938162,-1.4612077227561986,-12.785807226922024,-0.7589021286460403,-22.35428083745513,16.058436009387105,-0.12469753228637084
M6_dense,procedural,ours_dnq_dlc,24,6,M6_dense_n6_seed24,ok,2200,1850,11.790810810810811,0.8751375137513752,1818,220.7610808054637,0.7622792445168141,466.9053721573223,229.3876487440057,2.985945945945946,3.0,5.0,0.5971891891891892,1.0,0.0167658193618172,57.8125,5.0,0.9827027027027027,0.043243243243243246,0.026402640264026403,0.017297297297297298,0.017297297297297298,0.0,0.043243243243243246,0.4693386446725043,0.5152568402079779,0.8975734742903639,0.7003452479850787,0.6360977302838939,0.8750088815426905,1.3793686999453534,0.9750549975972556,0.808421021390501,1.2775032366547683,1.8681815990932138,1.2853119480759043,1.0361838976086182,1.7816571064883948,2.4437172860697314,1.6493457903982895,1818,0.71603804660426,0.0008117356923990799,-0.8677744092858213,0.5719044814540025,0.0,-2.185888227700765,4.178898336799906e-06,-0.005491487187591959,-2.80146291054392,-0.0040025902323415205,-0.9142621621103987,-6.403821176483007,-0.43055547467247235,-12.32449999556732,16.5045107423929,-0.1051295145668762
M6_dense,procedural,ours_dnq_dlc,25,6,M6_dense_n6_seed25,ok,2200,1850,6.982162162162163,0.8933209647495362,1078,11.569513050003684,0.6611696372029366,14.934657188410142,12.884472452171442,2.611891891891892,3.0,5.0,0.5223783783783784,1.0,0.0027041644131963224,308.3333333333333,4.0,0.5827027027027027,0.4821621621621622,0.11131725417439703,0.4172972972972973,0.4172972972972973,0.0,0.4821621621621622,0.5057698224778626,0.34965448271175326,0.7182222030842194,0.7234111829999701,0.6319111390951049,0.4521330052104939,1.0691560304760037,0.9779932119921628,0.7641825904651862,0.5524235199617624,1.3783730124730975,1.2469456215782986,0.9007315324958537,0.6510389174319314,1.6040137334013962,1.4952562415335158,1078,1.0737320311937248,0.0019869893583283342,-0.2603264341350659,0.7273985520986775,0.0,-4.495561975509239,-0.06637769372497569,-0.00577463796433998,-3.839461470882589,-0.1800904551358953,-0.21287881980563383,-0.41122653417736826,-0.6876796072579459,-8.356260055942323,19.03382296542199,-0.10754993457175795
M6_dense,procedural,ours_dnq_dlc,26,6,M6_dense_n6_seed26,ok,2200,1850,4.58054054054054,0.8882602545968883,707,1.184357559810743,0.6273977956694452,2.350799730137117,1.2039136173678953,0.7043243243243243,3.0,5.0,0.14086486486486485,1.0,0.005408328826392645,168.1818181818182,4.0,0.38216216216216214,0.6308108108108108,0.033946251768033946,0.6178378378378379,0.6178378378378379,0.0,0.6308108108108108,0.5793533176165223,0.38424524219295547,0.6712964178333173,0.8063524681096312,0.7677183924995824,0.5840063247327633,1.0528507165266152,1.1669680154091937,0.9699538109179193,0.7983385605245468,1.447348399780397,1.5246237646572174,1.1820121448678969,1.0130197084148225,1.768349073173331,1.8748281077408988,707,0.9338087766009813,0.0013019329880045686,-0.1284142769854694,1.0005043650769565,0.0,-4.523903279459572,-0.07597368651539717,-0.005302079279514087,-3.5988106837440417,-0.01414976934398498,-0.03459106460594065,-0.05560774159544667,-0.5541888709782518,-7.055326377841677,20.32936325712276,-0.08271138248439967
M6_dense,procedural,ours_dnq_dlc,27,6,M6_dense_n6_seed27,ok,2200,1850,9.268648648648648,0.9083916083916084,1430,212.96359785147976,1.3696899709571413,663.1590091669779,234.44029632610935,2.4264864864864863,3.0,5.0,0.48529729729729726,1.0,0.0016224986479177934,462.5,3.0,0.772972972972973,0.2789189189189189,0.06713286713286713,0.22702702702702704,0.22702702702702704,0.0,0.2789189189189189,0.4897300860030841,0.5024733732090958,0.8209625179600349,0.6978121723731464,0.6528224356167168,0.7620245156002263,1.1392589563107143,0.9441592364018927,0.8237038870685051,1.0253519776303404,1.4514032209728014,1.2161021970325399,0.9965397718227037,1.296200629650457,1.7129416254300818,1.5092849171692924,1430,0.7683937739815822,0.002187461520133357,-0.9497949516639667,0.6196484276293645,0.0,-4.032723126562452,-0.08249930778617476,-0.004790448142572461,-3.666393935580595,-0.014690539291092448,-0.6560760228915694,-4.117739873216013,-0.5290446867827667,-12.663523228786124,16.574363194143,-0.11784484068044782
M6_dense,procedural,ours_dnq_dlc,28,6,M6_dense_n6_seed28,ok,2200,1850,9.229189189189189,0.9396067415730337,1424,176.50488499578267,0.7285262901145,119.14586640348014,169.32447974746728,2.69027027027027,3.0,5.0,0.538054054054054,1.0,0.002163331530557058,370.0,4.0,0.7697297297297298,0.31351351351351353,0.10814606741573034,0.23189189189189188,0.23027027027027028,0.0,0.31351351351351353,0.5114499883960116,0.557292766263836,0.864138324895462,0.7117474844233115,0.6946089902194212,0.8744824529128242,1.2051268696819235,0.9854910700785009,0.878805325471091,1.1857484884209426,1.4954887788859295,1.2990894553611552,1.0672017665134828,1.5246495477413766,1.7622166294701074,1.6122390597605862,1424,0.8997000811633529,0.0019284593067743147,-0.6638030039261732,0.4146778657345443,0.0,-4.389068077693081,-0.09436618864672154,-0.00491600071530029,-3.9172101758135742,-0.04701774983124912,-0.5171011946323365,-2.9895125814656045,-0.7772855242947698,-12.08397409081414,16.698782812447398,-0.1309877205634255
M6_dense,procedural,ours_dnq_dlc,29,6,M6_dense_n6_seed29,ok,2200,1850,9.218918918918918,0.929676511954993,1422,486.35187674403414,19.857108349197006,1334.632939709178,490.2021256385476,2.9605405405405407,3.0,5.0,0.5921081081081082,1.0,0.022174148188209845,44.04761904761905,5.0,0.7686486486486487,0.28324324324324324,0.06751054852320675,0.23135135135135135,0.23135135135135135,0.0,0.28324324324324324,0.41109374388265946,0.6424655387718383,0.9109857260952199,0.6916326936770615,0.5669927730756469,1.1639681457756246,1.2828223263833973,1.037312166673084,0.7634916791010846,1.772533963942264,1.651097639262317,1.3847314772313621,0.9721644067493393,2.494273695741413,1.9508972275515857,1.751645926880869,1422,0.9831324322451234,0.0020005186725647545,-1.3770336364582936,0.20883759058248108,0.0,-2.4712585064032435,-0.05057157490942711,-0.005324700929925332,-2.5422409211764965,-0.163995246058138,-1.08871443697757,-22.67377586225474,-0.4466517109010171,-29.625596054568685,13.821749879723795,-0.092182972237535
M6_dense,procedural,ours_dnq_dlc,30,6,M6_dense_n6_seed30,ok,2200,1850,11.771891891891892,0.8877887788778878,1818,3.073430497584461,0.6680922687978779,2.416873978543726,3.366777750974836,0.8772972972972973,3.0,5.0,0.17545945945945945,1.0,0.01838831800973499,52.857142857142854,5.0,0.9827027027027027,0.03567567567567568,0.0187018701870187,0.017297297297297298,0.017297297297297298,0.0,0.03567567567567568,0.5934133252219741,0.493075471265596,0.5897112042791736,0.7704299564439395,0.787387446476448,0.7788608712722856,0.913825591302098,1.0826065077504157,0.9911283320283465,1.0870264821109172,1.2661630076340988,1.3947720384389044,1.2077106669322137,1.4254132289790802,1.5426046404313918,1.7228341739616686,1818,0.9598923840307904,0.0016900220710985804,-0.07697478273803993,0.9967370157947176,0.0,-4.095270167014475,-0.0832905805561313,-0.004110068497453158,-3.4327646076090415,-0.004136731330683366,-0.11370274306656163,-0.021191504294041586,-0.49597511345855494,-6.369096876668374,20.469201415485085,-0.0803985428899042
M6_dense,procedural,ours_dnq_dlc,31,6,M6_dense_n6_seed31,ok,2200,1850,5.427027027027027,0.8986889153754469,839,388.3129904030612,2.5261390201453144,1122.9198746091865,432.08832751746473,2.5205405405405403,3.0,5.0,0.5041081081081081,1.0,0.042725797728501894,23.125,5.0,0.4535135135135135,0.6518918918918919,0.232419547079857,0.5481081081081081,0.5464864864864865,0.0,0.6518918918918919,0.4136360875709717,0.36078365185952943,0.8549263418100852,0.560513609381444,0.5211490637804757,0.5179543985386196,1.125794589266463,0.7275684949058118,0.6431661381939109,0.6868415689133832,1.310269897247278,0.9045190631927996,0.7761412198870242,0.8671665057568884,1.5109698417160857,1.1220692023750363,839,0.9340788749811335,0.0024724130454642657,-0.8657727973503461,0.20593432919253354,0.0,-4.522640130513501,-0.04202349949861552,-0.004893229377712448,-4.232458271607326,-0.042297413691053054,-0.9871266963442143,-8.548030595594643,-0.7253357788243441,-18.828092795582624,15.474932255752877,-0.15122161708975346
M6_dense,procedural,ours_dnq_dlc,32,6,M6_dense_n6_seed32,ok,2200,1850,2.062162162162162,0.8934169278996865,319,757.5911186649657,70.16556452614168,2681.555541623586,847.9704100144704,1.885945945945946,3.0,5.0,0.37718918918918914,1.0,0.03299080584099513,29.838709677419356,5.0,0.17243243243243242,0.8535135135135136,0.15047021943573669,0.8275675675675676,0.8275675675675676,0.0,0.8535135135135136,0.3054708935118159,0.36001377982374383,1.173064758138893,0.5054304389880278,0.42563514530572477,0.5431621355534201,1.5993497688187235,0.7723458490804698,0.5584097495895238,0.7270392064974547,2.055616924715753,1.0539242338152415,0.7005010285098658,0.9087268334694147,2.498563689171734,1.3589371748878885,319,0.0011798143328544354,0.0012164575923375434,-2.1393132863865194,0.06413110815097652,0.0,-2.0363813221913163,-0.08489219755608109,-0.006151811657538051,-3.4821452411504388,-1.7427271403834825,-1.80716444073256,-36.649310997945555,-0.9262058701880523,-48.80776492811539,11.069748218319305,-0.11740640681379182
M8_scale,procedural,ours_dnq_dlc,21,8,M8_scale_n8_seed21,ok,2200,1850,9.411351351351351,0.9085910652920962,1455,263.674087284429,1.2545308389299183,825.8318930371487,282.71323230625893,2.9664864864864864,3.0,7.0,0.4237837837837838,1.0,0.02541914548404543,38.541666666666664,6.0,0.7864864864864864,0.26594594594594595,0.06666666666666667,0.21405405405405406,0.21351351351351353,0.0,0.26594594594594595,0.47526275275592594,0.36780808891410866,0.8514874520987178,0.676869745943302,0.6148341454033924,0.49912060449011975,1.1877535454690784,0.9244619636533661,0.7664474206698613,0.6524625919239443,1.539857875633636,1.1914429287349213,0.9286445178441113,0.8248680239453712,1.8484292982214179,1.460909609790907,1455,0.17539315356901222,0.0017708827216285881,-0.6832388943254663,0.7125385882459163,0.0,-2.7576125845119,-0.03996788177822321,-0.005486729200968747,-2.845770625176747,-0.28930521933466097,-1.2050758582018009,-9.49175167833497,-0.41134505456387166,-16.839851900892054,17.551092088661072,-0.09449051702617214
M8_scale,procedural,ours_dnq_dlc,22,8,M8_scale_n8_seed22,ok,2200,1850,2.4654054054054053,0.756544502617801,382,189.5888603408238,30.048061559382404,531.1461475938285,250.59842439513736,1.114054054054054,3.0,7.0,0.15915057915057915,1.0,0.030827474310438075,31.896551724137932,5.0,0.2064864864864865,0.8064864864864865,0.06282722513089005,0.7935135135135135,0.7935135135135135,0.0,0.8064864864864865,0.33019704699296276,0.2899768418392754,0.8844057603368162,0.4479980348030809,0.4185961287206771,0.3472675718380513,1.0900953120623003,0.6154463121798065,0.5188201890867036,0.414641189551123,1.2648149854479922,0.8325543258074236,0.625836487799281,0.4905239513086083,1.4313085924073337,0.9966427660298103,382,-0.08521154028224652,0.0011937108417531212,-1.1953807398459435,0.048312687117725656,0.0,-0.0060276843241518175,-0.08390899718047284,-0.007507107898719083,-1.511629641082149,0.0,-1.6943915291868226,-35.001495745966984,-0.24411523185538317,-39.78016181966339,13.678378619969347,-0.07003759600994204
M8_scale,procedural,ours_dnq_dlc,23,8,M8_scale_n8_seed23,ok,2200,1850,9.836756756756756,0.8940092165898618,1519,79.98194311058336,0.8217782483500258,191.02999263138028,79.8572138831417,2.8935135135135135,3.0,7.0,0.4133590733590734,1.0,0.048674959437533805,20.32967032967033,7.0,0.8210810810810811,0.22216216216216217,0.052666227781435156,0.17891891891891892,0.17891891891891892,0.0,0.22216216216216217,0.4785398649405495,0.4525597471245761,0.7833357744114576,0.6826341415389385,0.6314415220891375,0.6744216421603069,1.0992479640595767,0.9338306644246727,0.786799393146816,0.9208564600819756,1.3891300692092394,1.1929302499254626,0.9466868687470376,1.1922208068973092,1.5841511945416284,1.460988489237993,1519,0.8549250035427167,0.001385527798435017,-0.47257051338396283,0.4452333382188937,0.0,-4.2888488945662235,-0.11953447172062742,-0.005610047065285246,-4.080788388376972,-0.41236156129974805,-0.779690800651423,-3.0483317533128607,-0.749856315761188,-12.656048876578248,17.29384873384998,-0.13952642195456383
M8_scale,procedural,ours_dnq_dlc,24,8,M8_scale_n8_seed24,ok,2200,1850,9.918378378378378,0.8701891715590345,1533,5.626303443371458,0.6798824801517256,19.102905156870918,5.407756157580787,2.6064864864864865,3.0,7.0,0.37235521235521235,1.0,0.043807463493780424,22.5609756097561,7.0,0.8286486486486486,0.2627027027027027,0.11024135681669928,0.17189189189189188,0.17135135135135135,0.0,0.2627027027027027,0.49855773243566415,0.31574034940085083,0.6638099582523314,0.6687591059311018,0.6063811639149648,0.38419607727263727,0.9925933716015146,0.8750292232162442,0.7263941701915405,0.46525760762788954,1.3171320631411925,1.0989254552026233,0.8529232890466851,0.5540072450308965,1.5734675882249831,1.3510704549890304,1533,0.5999049849286423,0.0016728920591886718,-0.2706935398182746,0.9239052741871007,0.0,-3.8982966492241053,-0.03139904319650269,-0.0047592310849046675,-3.236727088575218,-0.022584265218988805,-0.3002329176852322,-0.15507066247609688,-0.5534065307747527,-6.947686776879143,19.422321711076698,-0.08430182903211633
M8_scale,procedural,ours_dnq_dlc,25,8,M8_scale_n8_seed25,ok,2200,1850,6.0902702702702705,0.8852284803400637,941,5.057044134149398,0.7624758178851856,10.479867302608158,5.513931766272187,2.887027027027027,3.0,7.0,0.41243243243243244,1.0,0.01081665765278529,88.0952380952381,7.0,0.5086486486486487,0.5454054054054054,0.10626992561105207,0.4935135135135135,0.49135135135135133,0.0,0.5454054054054054,0.5102459877615197,0.42735233573797893,0.6947663799839207,0.6865058984173696,0.6391620207248093,0.6119944984723253,0.9472100765551175,0.9036179300392078,0.7808892950087688,0.8125425267807862,1.2319418560699589,1.1761883714139547,0.9345698448895429,1.0237068338968904,1.4361550090875654,1.440230619318994,941,0.7741909507018043,0.001370106220631243,-0.2039630112678546,0.7586795909477181,0.0,-4.404880375682247,-0.07113873865216942,-0.005011779960273357,-3.9246815668792014,-0.024474453104019325,-0.1717334188717592,-0.37373402023283,-0.6844228904233838,-8.329799607203585,19.25595126819607,-0.10425959019040093
M8_scale,procedural,ours_dnq_dlc,26,8,M8_scale_n8_seed26,ok,2200,1850,2.2378378378378376,0.9768115942028985,345,135.7838872348545,0.7338051587585444,502.09133091102507,138.65847001959622,2.714054054054054,3.0,7.0,0.3877220077220077,1.0,0.058409951325040566,16.972477064220183,7.0,0.1864864864864865,0.8308108108108108,0.0927536231884058,0.8135135135135135,0.8135135135135135,0.0,0.8308108108108108,0.5897345483834165,0.3590609192156388,0.6029448423975864,0.7463342926739167,0.8211550399138104,0.4937116994159757,0.8764995021695361,1.0504591944572101,1.0392508881460383,0.6329225192463821,1.1160945368520376,1.3601800879880162,1.2401606400110008,0.7720182203129874,1.3268264964883276,1.6444768387891273,345,-0.08724711761766624,0.0018220302934197562,-0.18014566830487008,0.41475288784915243,0.0,-6.451697460197914,-0.126923624432319,-0.0033103401821021573,-4.803583804553744,-0.00749432382462051,-1.4354300860480813,-7.274781837272155,-1.1113160395028834,-21.065355383793783,18.30717944998736,-0.14938132659562886
M8_scale,procedural,ours_dnq_dlc,27,8,M8_scale_n8_seed27,ok,2200,1850,6.543783783783784,0.9118811881188119,1010,19.82598213624117,0.9637606281924356,30.924041194917695,20.878483895395576,3.0,3.0,7.0,0.4285714285714286,1.0,0.05408328826392644,18.316831683168317,7.0,0.5459459459459459,0.5940540540540541,0.25643564356435644,0.45513513513513515,0.4540540540540541,0.0,0.5940540540540541,0.5003470903376243,0.3234804921420296,0.7360361732253535,0.6969313354189272,0.6088133473427562,0.3667750996084828,0.9384059426362061,0.8945193404509661,0.7246000344039639,0.4161982650894573,1.1679075851952307,1.107287790015619,0.8457306437189732,0.4713404041338605,1.3267216239068602,1.3362658850439375,1010,0.5167849424268256,0.00207615309118791,-0.36305273990845643,0.6101735369859392,0.0,-5.0805447413382,-0.021340353066432862,-0.004737620348220872,-4.589307054848349,-0.06233988177916012,-0.42017779117062026,-0.28686067618618705,-0.8378708143216458,-10.537197040463319,18.239262213952358,-0.13777791311776152
M8_scale,procedural,ours_dnq_dlc,28,8,M8_scale_n8_seed28,ok,2200,1850,10.465945945945945,0.8942486085343229,1617,128.28481108995706,1.279133244480792,424.5970496278715,127.28830777299818,2.462162162162162,3.0,7.0,0.35173745173745175,1.0,0.024878312601406164,39.361702127659576,7.0,0.874054054054054,0.20378378378378378,0.08905380333951762,0.12594594594594594,0.12594594594594594,0.0,0.20378378378378378,0.5616615768823855,0.5306210547521928,0.8166833297709777,0.7872234434503033,0.8788210543122678,1.4827187415384235,1.2115998285661975,1.2154360213709803,1.833932597948545,3.475434621443137,2.1399599044712523,5.026104478218136,4.1703514508500215,7.020673691396213,3.607859238877187,14.341242214199399,1617,-4.619430944872267,-0.004785846189475476,-0.6875457270647543,0.72016735621929,0.0,-4.310519661945859,0.2157830866834734,-0.005612903752746414,-3.762410110615489,-0.09462887693015169,-0.5014311313033412,-2.4106958445118396,-0.6421612971213633,-16.103271901404522,17.53004449505358,-0.08932268623324457
M8_scale,procedural,ours_dnq_dlc,29,8,M8_scale_n8_seed29,ok,2200,1850,7.777297297297297,0.9491242702251876,1199,514.4307870961053,2.047002594339638,1421.6253845227563,516.5883740131711,3.0,3.0,7.0,0.4285714285714286,1.0,0.04056246619794483,24.342105263157894,7.0,0.6481081081081081,0.4043243243243243,0.08090075062552127,0.35243243243243244,0.3518918918918919,0.0,0.4043243243243243,0.4205526366641885,0.567260479349374,1.040319024333889,0.7307424218849834,0.5832200998221739,0.9473799953921971,1.3987955484167642,1.023492279492846,0.7426823386785487,1.3677822597618738,1.7263384890393543,1.2927637811786732,0.8952937069671005,1.8247792662712117,2.0245377282502477,1.57102561210491,1199,0.2065652727028273,0.0020074881436223757,-1.6446518696585346,0.244242513586413,0.0,-4.303905260822288,-0.09686131503324814,-0.004656706935295446,-3.7774883664373644,-0.05839923658232885,-1.3191246215516,-10.361647811034183,-0.6309783702629056,-21.744898283884886,13.196475240404501,-0.152369074812802
M8_scale,procedural,ours_dnq_dlc,30,8,M8_scale_n8_seed30,ok,2200,1850,8.014054054054053,0.9499192245557351,1238,227.78145557322972,1.2969623880357997,528.655199031552,223.67672656522984,2.8978378378378378,3.0,7.0,0.413976833976834,1.0,0.0319091400757166,30.833333333333332,7.0,0.6691891891891892,0.4097297297297297,0.11793214862681745,0.3318918918918919,0.3308108108108108,0.0,0.4097297297297297,0.5015364391480495,0.6274133543907755,0.8597066308501955,0.7328802645142954,0.6836494034966412,1.048074078514349,1.2185180127231843,1.0528078349575203,0.8625055315708439,1.4940622458429467,1.5550038268051525,1.326471746344712,1.0448959145733507,2.0065284834612873,1.8605476660070057,1.6002981131539091,1238,0.659645266192275,0.002406726517869703,-0.9747188182985149,0.5662436078002699,0.0,-3.6745852002614035,-0.08684853821872021,-0.005053622265241511,-4.083525770309361,-0.7985915566080883,-1.3057941256190502,-6.705167655507566,-0.8672667920681613,-17.273256478645695,16.00499227293483,-0.1441652138110808
M8_scale,procedural,ours_dnq_dlc,31,8,M8_scale_n8_seed31,ok,2200,1850,9.737297297297298,0.9320905459387483,1502,611.3542770501649,10.493512114834896,1903.7484003719246,610.9206402558118,3.0,3.0,7.0,0.4285714285714286,1.0,0.06598161168199027,15.040650406504065,7.0,0.8118918918918919,0.24594594594594596,0.07123834886817576,0.18864864864864864,0.1881081081081081,0.0,0.24594594594594596,0.3764810758561072,0.45225060536862727,1.0352588196902126,0.6195889074971698,0.515449107712561,0.6958103933307338,1.4466050022930208,0.8738519564000935,0.671988886383517,0.9402261326579903,1.7985847632788472,1.1356058529379358,0.8346051740874028,1.188378354507413,2.094118628769736,1.388011918607282,1502,-0.019970769309340594,0.001176201462553356,-1.1849533170215358,0.18888633661823223,0.0,-2.4254257287614664,-0.05372900082360065,-0.005614516001101662,-2.9018027458498663,-0.36415651701364055,-1.529177990419871,-12.341893296469475,-0.5022044255853844,-21.138865769174497,14.38412359561495,-0.13567709738438327
M8_scale,procedural,ours_dnq_dlc,32,8,M8_scale_n8_seed32,ok,2200,1850,6.720540540540541,0.9469623915139826,1037,83.09434391832926,1.230370459854365,50.26325306561017,79.27297707588379,2.9102702702702703,3.0,7.0,0.4157528957528958,1.0,0.057328285559762035,17.289719626168225,7.0,0.5605405405405406,0.6227027027027027,0.32690453230472516,0.4410810810810811,0.43945945945945947,0.0,0.6227027027027027,0.48749890349592434,0.4525329838541947,0.7545197742123149,0.7666583344751676,0.6206890259068708,0.6797002820085206,1.0092036659870425,1.081272061544504,0.7614166827542587,0.9323198756802836,1.2628803377082283,1.380375767136618,0.9018643609361756,1.2003325569173333,1.5175188518677716,1.6629893822623203,1037,0.5623986802720319,0.002245484167206889,-0.4668529962879741,0.20834908463379936,0.0,-6.310247651425345,-0.047090012936253416,-0.003979297423854619,-5.474613678716581,-0.0587466911544332,-0.6370484804189079,-2.821537733811287,-1.1266755566649544,-16.173798849766555,16.733495982176457,-0.1731152977864779
