algorithm,track_path,num_agents,seed,overtake_success_rate,elegant_overtake_rate,on_track_overtake_rate,target_grass_rate,collision_or_contact_proxy,rank_gain,target_progress,overtake_count,hard_recovery_rate,anchor_action_deviation_mean,source_path
dnq_dlc_full,tracks/hairpin_scaled.npz,6,6101,1.0,1.0,1.0,0.8034482598304749,0.0,1,0.0375,3,0.8183333333333334,0.4208116637915373,outputs/tits_dynamic_graph_expanded/randomized_attribution_confirmatory_20260710/hairpin_scaled/n6/seed6101/summaries/dnq_dlc_full_n6_seed6101.summary.json
dnq_nearest_neighbor,tracks/hairpin_scaled.npz,6,6101,1.0,1.0,1.0,0.8275862336158752,0.0,1,0.0375,3,0.8166666666666667,0.2858771294417481,outputs/tits_dynamic_graph_expanded/randomized_attribution_confirmatory_20260710/hairpin_scaled/n6/seed6101/summaries/dnq_nearest_neighbor_n6_seed6101.summary.json
dnq_w_o_dynamic_selection,tracks/hairpin_scaled.npz,6,6101,1.0,1.0,1.0,0.8241379261016846,0.0,1,0.03333333333333333,3,0.8766666666666667,0.5749948466134568,outputs/tits_dynamic_graph_expanded/randomized_attribution_confirmatory_20260710/hairpin_scaled/n6/seed6101/summaries/dnq_w_o_dynamic_selection_n6_seed6101.summary.json
dnq_w_o_handcrafted_candidates,tracks/hairpin_scaled.npz,6,6101,1.0,0.6666666666666666,0.6666666666666666,0.4603448212146759,0.0,1,0.15833333333333333,6,0.19166666666666668,0.4462653180739532,outputs/tits_dynamic_graph_expanded/randomized_attribution_confirmatory_20260710/hairpin_scaled/n6/seed6101/summaries/dnq_w_o_handcrafted_candidates_n6_seed6101.summary.json
dnq_w_o_hard_recovery,tracks/hairpin_scaled.npz,6,6101,1.0,1.0,1.0,0.5913792848587036,0.0,1,0.11666666666666667,3,0.0,0.45740402278800807,outputs/tits_dynamic_graph_expanded/randomized_attribution_confirmatory_20260710/hairpin_scaled/n6/seed6101/summaries/dnq_w_o_hard_recovery_n6_seed6101.summary.json
dnq_w_o_quality_proposal,tracks/hairpin_scaled.npz,6,6101,1.0,1.0,1.0,0.8034482598304749,0.0,1,0.0375,3,0.82,0.39951671545704204,outputs/tits_dynamic_graph_expanded/randomized_attribution_confirmatory_20260710/hairpin_scaled/n6/seed6101/summaries/dnq_w_o_quality_proposal_n6_seed6101.summary.json
dnq_w_o_risk_uncertainty,tracks/hairpin_scaled.npz,6,6101,1.0,1.0,1.0,0.8327586054801941,0.0,1,0.03333333333333333,2,0.77,0.27324224409957726,outputs/tits_dynamic_graph_expanded/randomized_attribution_confirmatory_20260710/hairpin_scaled/n6/seed6101/summaries/dnq_w_o_risk_uncertainty_n6_seed6101.summary.json
dnq_w_o_rule_anchor,tracks/hairpin_scaled.npz,6,6101,1.0,1.0,1.0,0.8396551609039307,0.0,1,0.0375,4,0.845,0.8289864323660732,outputs/tits_dynamic_graph_expanded/randomized_attribution_confirmatory_20260710/hairpin_scaled/n6/seed6101/summaries/dnq_w_o_rule_anchor_n6_seed6101.summary.json
dnq_w_o_safety_quality,tracks/hairpin_scaled.npz,6,6101,1.0,0.6,0.6,0.7862069010734558,0.0,1,0.09583333333333334,5,0.0,0.6452195031195879,outputs/tits_dynamic_graph_expanded/randomized_attribution_confirmatory_20260710/hairpin_scaled/n6/seed6101/summaries/dnq_w_o_safety_quality_n6_seed6101.summary.json
dnq_dlc_full,tracks/hairpin_scaled.npz,6,6102,1.0,1.0,1.0,0.8603448271751404,0.0,1,0.0375,3,0.845,0.12094165488767127,outputs/tits_dynamic_graph_expanded/randomized_attribution_confirmatory_20260710/hairpin_scaled/n6/seed6102/summaries/dnq_dlc_full_n6_seed6102.summary.json
dnq_nearest_neighbor,tracks/hairpin_scaled.npz,6,6102,1.0,1.0,1.0,0.8517241477966309,0.0,0,0.0375,2,0.8033333333333333,0.13239248976111412,outputs/tits_dynamic_graph_expanded/randomized_attribution_confirmatory_20260710/hairpin_scaled/n6/seed6102/summaries/dnq_nearest_neighbor_n6_seed6102.summary.json
dnq_w_o_dynamic_selection,tracks/hairpin_scaled.npz,6,6102,1.0,1.0,1.0,0.3655172288417816,0.0,3,0.15833333333333333,4,0.41333333333333333,0.389658071094503,outputs/tits_dynamic_graph_expanded/randomized_attribution_confirmatory_20260710/hairpin_scaled/n6/seed6102/summaries/dnq_w_o_dynamic_selection_n6_seed6102.summary.json
dnq_w_o_handcrafted_candidates,tracks/hairpin_scaled.npz,6,6102,1.0,0.8,0.8,0.1189655140042305,0.0,4,0.23333333333333334,5,0.13833333333333334,0.35626028639574847,outputs/tits_dynamic_graph_expanded/randomized_attribution_confirmatory_20260710/hairpin_scaled/n6/seed6102/summaries/dnq_w_o_handcrafted_candidates_n6_seed6102.summary.json
dnq_w_o_hard_recovery,tracks/hairpin_scaled.npz,6,6102,1.0,0.5,0.5,0.6637930870056152,0.0,3,0.1375,4,0.0,0.5034757113301506,outputs/tits_dynamic_graph_expanded/randomized_attribution_confirmatory_20260710/hairpin_scaled/n6/seed6102/summaries/dnq_w_o_hard_recovery_n6_seed6102.summary.json
dnq_w_o_quality_proposal,tracks/hairpin_scaled.npz,6,6102,1.0,1.0,1.0,0.867241382598877,0.0,1,0.0375,4,0.8533333333333334,0.24394912832727034,outputs/tits_dynamic_graph_expanded/randomized_attribution_confirmatory_20260710/hairpin_scaled/n6/seed6102/summaries/dnq_w_o_quality_proposal_n6_seed6102.summary.json
dnq_w_o_risk_uncertainty,tracks/hairpin_scaled.npz,6,6102,1.0,1.0,1.0,0.8724138140678406,0.0,1,0.0375,2,0.8366666666666667,0.12862678992251556,outputs/tits_dynamic_graph_expanded/randomized_attribution_confirmatory_20260710/hairpin_scaled/n6/seed6102/summaries/dnq_w_o_risk_uncertainty_n6_seed6102.summary.json
dnq_w_o_rule_anchor,tracks/hairpin_scaled.npz,6,6102,1.0,0.5,0.5,0.6258620619773865,0.0,3,0.125,4,0.015,0.45062314813335735,outputs/tits_dynamic_graph_expanded/randomized_attribution_confirmatory_20260710/hairpin_scaled/n6/seed6102/summaries/dnq_w_o_rule_anchor_n6_seed6102.summary.json
dnq_w_o_safety_quality,tracks/hairpin_scaled.npz,6,6102,1.0,0.5,0.5,0.6482758522033691,0.0,3,0.125,4,0.0,0.6255686805645625,outputs/tits_dynamic_graph_expanded/randomized_attribution_confirmatory_20260710/hairpin_scaled/n6/seed6102/summaries/dnq_w_o_safety_quality_n6_seed6102.summary.json
dnq_dlc_full,tracks/hairpin_scaled.npz,6,6103,1.0,1.0,1.0,0.4482758641242981,0.0,3,0.15833333333333333,5,0.19666666666666666,0.3911519214697182,outputs/tits_dynamic_graph_expanded/randomized_attribution_confirmatory_20260710/hairpin_scaled/n6/seed6103/summaries/dnq_dlc_full_n6_seed6103.summary.json
dnq_nearest_neighbor,tracks/hairpin_scaled.npz,6,6103,1.0,0.6666666666666666,0.6666666666666666,0.42586207389831543,0.0,3,0.13333333333333333,3,0.2633333333333333,0.44094404523571334,outputs/tits_dynamic_graph_expanded/randomized_attribution_confirmatory_20260710/hairpin_scaled/n6/seed6103/summaries/dnq_nearest_neighbor_n6_seed6103.summary.json
dnq_w_o_dynamic_selection,tracks/hairpin_scaled.npz,6,6103,1.0,1.0,1.0,0.8379310369491577,0.0,1,0.0375,4,0.9033333333333333,0.4090890923584811,outputs/tits_dynamic_graph_expanded/randomized_attribution_confirmatory_20260710/hairpin_scaled/n6/seed6103/summaries/dnq_w_o_dynamic_selection_n6_seed6103.summary.json
dnq_w_o_handcrafted_candidates,tracks/hairpin_scaled.npz,6,6103,1.0,1.0,1.0,0.7741379141807556,0.0,1,0.058333333333333334,5,0.6483333333333333,0.2498787005150613,outputs/tits_dynamic_graph_expanded/randomized_attribution_confirmatory_20260710/hairpin_scaled/n6/seed6103/summaries/dnq_w_o_handcrafted_candidates_n6_seed6103.summary.json
dnq_w_o_hard_recovery,tracks/hairpin_scaled.npz,6,6103,1.0,0.5,0.5,0.2224137932062149,0.0,3,0.19166666666666668,4,0.0,0.5379134848186126,outputs/tits_dynamic_graph_expanded/randomized_attribution_confirmatory_20260710/hairpin_scaled/n6/seed6103/summaries/dnq_w_o_hard_recovery_n6_seed6103.summary.json
dnq_w_o_quality_proposal,tracks/hairpin_scaled.npz,6,6103,1.0,1.0,1.0,0.834482729434967,0.0,1,0.0375,3,0.7533333333333333,0.1358102976034085,outputs/tits_dynamic_graph_expanded/randomized_attribution_confirmatory_20260710/hairpin_scaled/n6/seed6103/summaries/dnq_w_o_quality_proposal_n6_seed6103.summary.json
dnq_w_o_risk_uncertainty,tracks/hairpin_scaled.npz,6,6103,1.0,0.5,0.5,0.2534482777118683,0.0,3,0.175,4,0.25833333333333336,0.5191004530138646,outputs/tits_dynamic_graph_expanded/randomized_attribution_confirmatory_20260710/hairpin_scaled/n6/seed6103/summaries/dnq_w_o_risk_uncertainty_n6_seed6103.summary.json
dnq_w_o_rule_anchor,tracks/hairpin_scaled.npz,6,6103,1.0,0.5,0.5,0.2103448212146759,0.0,4,0.2125,4,0.19,0.6390842645366986,outputs/tits_dynamic_graph_expanded/randomized_attribution_confirmatory_20260710/hairpin_scaled/n6/seed6103/summaries/dnq_w_o_rule_anchor_n6_seed6103.summary.json
dnq_w_o_safety_quality,tracks/hairpin_scaled.npz,6,6103,1.0,0.0,0.0,0.4931034445762634,0.0,3,0.125,3,0.0,0.7057767160640409,outputs/tits_dynamic_graph_expanded/randomized_attribution_confirmatory_20260710/hairpin_scaled/n6/seed6103/summaries/dnq_w_o_safety_quality_n6_seed6103.summary.json
dnq_dlc_full,tracks/hairpin_scaled.npz,6,6104,1.0,0.5,0.5,0.44655171036720276,0.0,3,0.16666666666666666,4,0.20166666666666666,0.4368080755695701,outputs/tits_dynamic_graph_expanded/randomized_attribution_confirmatory_20260710/hairpin_scaled/n6/seed6104/summaries/dnq_dlc_full_n6_seed6104.summary.json
dnq_nearest_neighbor,tracks/hairpin_scaled.npz,6,6104,1.0,1.0,1.0,0.8137931227684021,0.0,0,0.041666666666666664,2,0.8033333333333333,0.4086312531051226,outputs/tits_dynamic_graph_expanded/randomized_attribution_confirmatory_20260710/hairpin_scaled/n6/seed6104/summaries/dnq_nearest_neighbor_n6_seed6104.summary.json
dnq_w_o_dynamic_selection,tracks/hairpin_scaled.npz,6,6104,1.0,0.25,0.25,0.5086206793785095,0.0,3,0.17083333333333334,4,0.14666666666666667,0.4515786598529667,outputs/tits_dynamic_graph_expanded/randomized_attribution_confirmatory_20260710/hairpin_scaled/n6/seed6104/summaries/dnq_w_o_dynamic_selection_n6_seed6104.summary.json
dnq_w_o_handcrafted_candidates,tracks/hairpin_scaled.npz,6,6104,1.0,1.0,1.0,0.2706896662712097,0.0,2,0.1375,4,0.2866666666666667,0.3630465016880771,outputs/tits_dynamic_graph_expanded/randomized_attribution_confirmatory_20260710/hairpin_scaled/n6/seed6104/summaries/dnq_w_o_handcrafted_candidates_n6_seed6104.summary.json
dnq_w_o_hard_recovery,tracks/hairpin_scaled.npz,6,6104,1.0,1.0,1.0,0.8379310369491577,0.0,1,0.041666666666666664,2,0.0,0.25344087296475964,outputs/tits_dynamic_graph_expanded/randomized_attribution_confirmatory_20260710/hairpin_scaled/n6/seed6104/summaries/dnq_w_o_hard_recovery_n6_seed6104.summary.json
dnq_w_o_quality_proposal,tracks/hairpin_scaled.npz,6,6104,1.0,0.5,0.5,0.6758620738983154,0.0,2,0.09166666666666666,4,0.15166666666666667,0.40466526165915034,outputs/tits_dynamic_graph_expanded/randomized_attribution_confirmatory_20260710/hairpin_scaled/n6/seed6104/summaries/dnq_w_o_quality_proposal_n6_seed6104.summary.json
dnq_w_o_risk_uncertainty,tracks/hairpin_scaled.npz,6,6104,1.0,0.5,0.5,0.432758629322052,0.0,3,0.175,4,0.12,0.49406808357064924,outputs/tits_dynamic_graph_expanded/randomized_attribution_confirmatory_20260710/hairpin_scaled/n6/seed6104/summaries/dnq_w_o_risk_uncertainty_n6_seed6104.summary.json
dnq_w_o_rule_anchor,tracks/hairpin_scaled.npz,6,6104,1.0,1.0,1.0,0.8500000238418579,0.0,1,0.041666666666666664,2,0.6666666666666666,0.7631457657925784,outputs/tits_dynamic_graph_expanded/randomized_attribution_confirmatory_20260710/hairpin_scaled/n6/seed6104/summaries/dnq_w_o_rule_anchor_n6_seed6104.summary.json
dnq_w_o_safety_quality,tracks/hairpin_scaled.npz,6,6104,1.0,1.0,1.0,0.4275861978530884,0.0,2,0.09583333333333334,2,0.0,0.6600951399964591,outputs/tits_dynamic_graph_expanded/randomized_attribution_confirmatory_20260710/hairpin_scaled/n6/seed6104/summaries/dnq_w_o_safety_quality_n6_seed6104.summary.json
dnq_dlc_full,tracks/hairpin_scaled.npz,6,6105,1.0,0.75,0.75,0.37931033968925476,0.0,1,0.14583333333333334,4,0.3516666666666667,0.3974675819526116,outputs/tits_dynamic_graph_expanded/randomized_attribution_confirmatory_20260710/hairpin_scaled/n6/seed6105/summaries/dnq_dlc_full_n6_seed6105.summary.json
dnq_nearest_neighbor,tracks/hairpin_scaled.npz,6,6105,1.0,0.5,0.5,0.09655172377824783,0.0,2,0.2125,2,0.13666666666666666,0.45072692302676537,outputs/tits_dynamic_graph_expanded/randomized_attribution_confirmatory_20260710/hairpin_scaled/n6/seed6105/summaries/dnq_nearest_neighbor_n6_seed6105.summary.json
dnq_w_o_dynamic_selection,tracks/hairpin_scaled.npz,6,6105,1.0,1.0,1.0,0.817241370677948,0.0,1,0.0375,1,0.81,0.2727661376322309,outputs/tits_dynamic_graph_expanded/randomized_attribution_confirmatory_20260710/hairpin_scaled/n6/seed6105/summaries/dnq_w_o_dynamic_selection_n6_seed6105.summary.json
dnq_w_o_handcrafted_candidates,tracks/hairpin_scaled.npz,6,6105,1.0,0.75,0.75,0.4396551847457886,0.0,2,0.2125,4,0.08166666666666667,0.3816650886212786,outputs/tits_dynamic_graph_expanded/randomized_attribution_confirmatory_20260710/hairpin_scaled/n6/seed6105/summaries/dnq_w_o_handcrafted_candidates_n6_seed6105.summary.json
dnq_w_o_hard_recovery,tracks/hairpin_scaled.npz,6,6105,1.0,1.0,1.0,0.48275861144065857,0.0,1,0.14583333333333334,3,0.0,0.5013980896833042,outputs/tits_dynamic_graph_expanded/randomized_attribution_confirmatory_20260710/hairpin_scaled/n6/seed6105/summaries/dnq_w_o_hard_recovery_n6_seed6105.summary.json
dnq_w_o_quality_proposal,tracks/hairpin_scaled.npz,6,6105,1.0,1.0,1.0,0.6103448271751404,0.0,1,0.06666666666666667,1,0.0016666666666666668,0.44343202710772556,outputs/tits_dynamic_graph_expanded/randomized_attribution_confirmatory_20260710/hairpin_scaled/n6/seed6105/summaries/dnq_w_o_quality_proposal_n6_seed6105.summary.json
dnq_w_o_risk_uncertainty,tracks/hairpin_scaled.npz,6,6105,1.0,1.0,1.0,0.8586207032203674,0.0,0,0.029166666666666667,1,0.8516666666666667,0.28908973284065725,outputs/tits_dynamic_graph_expanded/randomized_attribution_confirmatory_20260710/hairpin_scaled/n6/seed6105/summaries/dnq_w_o_risk_uncertainty_n6_seed6105.summary.json
dnq_w_o_rule_anchor,tracks/hairpin_scaled.npz,6,6105,1.0,0.5,0.5,0.15344826877117157,0.0,2,0.225,2,0.13666666666666666,0.5813001896860078,outputs/tits_dynamic_graph_expanded/randomized_attribution_confirmatory_20260710/hairpin_scaled/n6/seed6105/summaries/dnq_w_o_rule_anchor_n6_seed6105.summary.json
dnq_w_o_safety_quality,tracks/hairpin_scaled.npz,6,6105,0.0,0.0,0.0,0.2982758581638336,0.0,1,0.14166666666666666,0,0.0,0.6775292763672769,outputs/tits_dynamic_graph_expanded/randomized_attribution_confirmatory_20260710/hairpin_scaled/n6/seed6105/summaries/dnq_w_o_safety_quality_n6_seed6105.summary.json
dnq_dlc_full,tracks/hairpin_scaled.npz,6,6106,1.0,1.0,1.0,0.8568965792655945,0.0,1,0.03333333333333333,1,0.7833333333333333,0.7253589315712452,outputs/tits_dynamic_graph_expanded/randomized_attribution_confirmatory_20260710/hairpin_scaled/n6/seed6106/summaries/dnq_dlc_full_n6_seed6106.summary.json
dnq_nearest_neighbor,tracks/hairpin_scaled.npz,6,6106,1.0,0.8333333333333334,0.8333333333333334,0.5258620977401733,0.0,3,0.16666666666666666,6,0.21166666666666667,0.4500343703397084,outputs/tits_dynamic_graph_expanded/randomized_attribution_confirmatory_20260710/hairpin_scaled/n6/seed6106/summaries/dnq_nearest_neighbor_n6_seed6106.summary.json
dnq_w_o_dynamic_selection,tracks/hairpin_scaled.npz,6,6106,1.0,1.0,1.0,0.7913793325424194,0.0,0,0.03333333333333333,5,0.8883333333333333,0.5659396722509216,outputs/tits_dynamic_graph_expanded/randomized_attribution_confirmatory_20260710/hairpin_scaled/n6/seed6106/summaries/dnq_w_o_dynamic_selection_n6_seed6106.summary.json
dnq_w_o_handcrafted_candidates,tracks/hairpin_scaled.npz,6,6106,1.0,0.75,0.75,0.11724138259887695,0.0,5,0.25,8,0.13833333333333334,0.34655810058660186,outputs/tits_dynamic_graph_expanded/randomized_attribution_confirmatory_20260710/hairpin_scaled/n6/seed6106/summaries/dnq_w_o_handcrafted_candidates_n6_seed6106.summary.json
dnq_w_o_hard_recovery,tracks/hairpin_scaled.npz,6,6106,1.0,1.0,1.0,0.33103448152542114,0.0,3,0.15833333333333333,4,0.0,0.5204316458913187,outputs/tits_dynamic_graph_expanded/randomized_attribution_confirmatory_20260710/hairpin_scaled/n6/seed6106/summaries/dnq_w_o_hard_recovery_n6_seed6106.summary.json
dnq_w_o_quality_proposal,tracks/hairpin_scaled.npz,6,6106,1.0,1.0,1.0,0.8568965792655945,0.0,0,0.03333333333333333,5,0.8066666666666666,0.1459009008357922,outputs/tits_dynamic_graph_expanded/randomized_attribution_confirmatory_20260710/hairpin_scaled/n6/seed6106/summaries/dnq_w_o_quality_proposal_n6_seed6106.summary.json
dnq_w_o_risk_uncertainty,tracks/hairpin_scaled.npz,6,6106,1.0,0.75,0.75,0.34310343861579895,0.0,3,0.20833333333333334,4,0.15,0.51592471827132,outputs/tits_dynamic_graph_expanded/randomized_attribution_confirmatory_20260710/hairpin_scaled/n6/seed6106/summaries/dnq_w_o_risk_uncertainty_n6_seed6106.summary.json
dnq_w_o_rule_anchor,tracks/hairpin_scaled.npz,6,6106,1.0,1.0,1.0,0.8775861859321594,0.0,1,0.03333333333333333,3,0.8566666666666667,0.6975447818140189,outputs/tits_dynamic_graph_expanded/randomized_attribution_confirmatory_20260710/hairpin_scaled/n6/seed6106/summaries/dnq_w_o_rule_anchor_n6_seed6106.summary.json
dnq_w_o_safety_quality,tracks/hairpin_scaled.npz,6,6106,1.0,0.0,0.0,0.4655172526836395,0.0,3,0.12916666666666668,3,0.0,0.6962617623185118,outputs/tits_dynamic_graph_expanded/randomized_attribution_confirmatory_20260710/hairpin_scaled/n6/seed6106/summaries/dnq_w_o_safety_quality_n6_seed6106.summary.json
dnq_dlc_full,tracks/hairpin_scaled.npz,6,6107,1.0,1.0,1.0,0.8551723957061768,0.0,0,0.0375,3,0.825,0.6252335892229651,outputs/tits_dynamic_graph_expanded/randomized_attribution_confirmatory_20260710/hairpin_scaled/n6/seed6107/summaries/dnq_dlc_full_n6_seed6107.summary.json
dnq_nearest_neighbor,tracks/hairpin_scaled.npz,6,6107,1.0,1.0,1.0,0.8206896781921387,0.0,0,0.0375,3,0.8616666666666667,0.723727944791317,outputs/tits_dynamic_graph_expanded/randomized_attribution_confirmatory_20260710/hairpin_scaled/n6/seed6107/summaries/dnq_nearest_neighbor_n6_seed6107.summary.json
dnq_w_o_dynamic_selection,tracks/hairpin_scaled.npz,6,6107,1.0,0.6666666666666666,0.6666666666666666,0.5862069129943848,0.0,3,0.15833333333333333,6,0.135,0.44800079306587576,outputs/tits_dynamic_graph_expanded/randomized_attribution_confirmatory_20260710/hairpin_scaled/n6/seed6107/summaries/dnq_w_o_dynamic_selection_n6_seed6107.summary.json
dnq_w_o_handcrafted_candidates,tracks/hairpin_scaled.npz,6,6107,1.0,1.0,1.0,0.3534482717514038,0.0,3,0.175,5,0.33,0.33619855566338325,outputs/tits_dynamic_graph_expanded/randomized_attribution_confirmatory_20260710/hairpin_scaled/n6/seed6107/summaries/dnq_w_o_handcrafted_candidates_n6_seed6107.summary.json
dnq_w_o_hard_recovery,tracks/hairpin_scaled.npz,6,6107,1.0,1.0,1.0,0.8379310369491577,0.0,1,0.041666666666666664,3,0.0,0.36226233234629035,outputs/tits_dynamic_graph_expanded/randomized_attribution_confirmatory_20260710/hairpin_scaled/n6/seed6107/summaries/dnq_w_o_hard_recovery_n6_seed6107.summary.json
dnq_w_o_quality_proposal,tracks/hairpin_scaled.npz,6,6107,1.0,1.0,1.0,0.8362069129943848,0.0,0,0.041666666666666664,3,0.12,0.3881779784546234,outputs/tits_dynamic_graph_expanded/randomized_attribution_confirmatory_20260710/hairpin_scaled/n6/seed6107/summaries/dnq_w_o_quality_proposal_n6_seed6107.summary.json
dnq_w_o_risk_uncertainty,tracks/hairpin_scaled.npz,6,6107,1.0,1.0,1.0,0.8293103575706482,0.0,0,0.0375,2,0.7966666666666666,0.5907202847736577,outputs/tits_dynamic_graph_expanded/randomized_attribution_confirmatory_20260710/hairpin_scaled/n6/seed6107/summaries/dnq_w_o_risk_uncertainty_n6_seed6107.summary.json
dnq_w_o_rule_anchor,tracks/hairpin_scaled.npz,6,6107,1.0,1.0,1.0,0.8465517163276672,0.0,0,0.0375,3,0.8216666666666667,0.6762779895464579,outputs/tits_dynamic_graph_expanded/randomized_attribution_confirmatory_20260710/hairpin_scaled/n6/seed6107/summaries/dnq_w_o_rule_anchor_n6_seed6107.summary.json
dnq_w_o_safety_quality,tracks/hairpin_scaled.npz,6,6107,1.0,1.0,1.0,0.8465517163276672,0.0,1,0.041666666666666664,3,0.0,0.6452768766010801,outputs/tits_dynamic_graph_expanded/randomized_attribution_confirmatory_20260710/hairpin_scaled/n6/seed6107/summaries/dnq_w_o_safety_quality_n6_seed6107.summary.json
dnq_dlc_full,tracks/hairpin_scaled.npz,6,6108,1.0,1.0,1.0,0.865517258644104,0.0,0,0.03333333333333333,2,0.275,0.3828096855245531,outputs/tits_dynamic_graph_expanded/randomized_attribution_confirmatory_20260710/hairpin_scaled/n6/seed6108/summaries/dnq_dlc_full_n6_seed6108.summary.json
dnq_nearest_neighbor,tracks/hairpin_scaled.npz,6,6108,1.0,1.0,1.0,0.8810344934463501,0.0,0,0.029166666666666667,1,0.8083333333333333,0.2717836104333401,outputs/tits_dynamic_graph_expanded/randomized_attribution_confirmatory_20260710/hairpin_scaled/n6/seed6108/summaries/dnq_nearest_neighbor_n6_seed6108.summary.json
dnq_w_o_dynamic_selection,tracks/hairpin_scaled.npz,6,6108,1.0,0.0,0.0,0.8586207032203674,0.0,1,0.03333333333333333,1,0.8466666666666667,0.2533915187045932,outputs/tits_dynamic_graph_expanded/randomized_attribution_confirmatory_20260710/hairpin_scaled/n6/seed6108/summaries/dnq_w_o_dynamic_selection_n6_seed6108.summary.json
dnq_w_o_handcrafted_candidates,tracks/hairpin_scaled.npz,6,6108,1.0,0.5,0.5,0.18448275327682495,0.0,3,0.2125,2,0.2966666666666667,0.39413009114059,outputs/tits_dynamic_graph_expanded/randomized_attribution_confirmatory_20260710/hairpin_scaled/n6/seed6108/summaries/dnq_w_o_handcrafted_candidates_n6_seed6108.summary.json
dnq_w_o_hard_recovery,tracks/hairpin_scaled.npz,6,6108,1.0,0.6666666666666666,0.6666666666666666,0.1948275864124298,0.0,3,0.21666666666666667,3,0.0,0.5529153312649577,outputs/tits_dynamic_graph_expanded/randomized_attribution_confirmatory_20260710/hairpin_scaled/n6/seed6108/summaries/dnq_w_o_hard_recovery_n6_seed6108.summary.json
dnq_w_o_quality_proposal,tracks/hairpin_scaled.npz,6,6108,1.0,1.0,1.0,0.865517258644104,0.0,0,0.03333333333333333,2,0.12166666666666667,0.42678709457317987,outputs/tits_dynamic_graph_expanded/randomized_attribution_confirmatory_20260710/hairpin_scaled/n6/seed6108/summaries/dnq_w_o_quality_proposal_n6_seed6108.summary.json
dnq_w_o_risk_uncertainty,tracks/hairpin_scaled.npz,6,6108,1.0,1.0,1.0,0.8396551609039307,0.0,1,0.029166666666666667,1,0.8983333333333333,0.41938594366113346,outputs/tits_dynamic_graph_expanded/randomized_attribution_confirmatory_20260710/hairpin_scaled/n6/seed6108/summaries/dnq_w_o_risk_uncertainty_n6_seed6108.summary.json
dnq_w_o_rule_anchor,tracks/hairpin_scaled.npz,6,6108,1.0,1.0,1.0,0.3568965494632721,0.0,0,0.03333333333333333,1,0.11,0.22894586103036998,outputs/tits_dynamic_graph_expanded/randomized_attribution_confirmatory_20260710/hairpin_scaled/n6/seed6108/summaries/dnq_w_o_rule_anchor_n6_seed6108.summary.json
dnq_w_o_safety_quality,tracks/hairpin_scaled.npz,6,6108,1.0,0.5,0.5,0.4810344874858856,0.0,3,0.11666666666666667,2,0.0,0.6908250514542064,outputs/tits_dynamic_graph_expanded/randomized_attribution_confirmatory_20260710/hairpin_scaled/n6/seed6108/summaries/dnq_w_o_safety_quality_n6_seed6108.summary.json
dnq_dlc_full,tracks/hairpin_scaled.npz,8,6101,1.0,1.0,1.0,0.7896551489830017,0.0,1,0.058333333333333334,7,0.7633333333333333,0.23268520204816012,outputs/tits_dynamic_graph_expanded/randomized_attribution_confirmatory_20260710/hairpin_scaled/n8/seed6101/summaries/dnq_dlc_full_n8_seed6101.summary.json
dnq_nearest_neighbor,tracks/hairpin_scaled.npz,8,6101,1.0,1.0,1.0,0.8637930750846863,0.0,0,0.04583333333333333,6,0.865,1.3951964151797196,outputs/tits_dynamic_graph_expanded/randomized_attribution_confirmatory_20260710/hairpin_scaled/n8/seed6101/summaries/dnq_nearest_neighbor_n8_seed6101.summary.json
dnq_w_o_dynamic_selection,tracks/hairpin_scaled.npz,8,6101,1.0,1.0,1.0,0.7655172348022461,0.0,2,0.058333333333333334,7,0.7466666666666667,0.2624057672979931,outputs/tits_dynamic_graph_expanded/randomized_attribution_confirmatory_20260710/hairpin_scaled/n8/seed6101/summaries/dnq_w_o_dynamic_selection_n8_seed6101.summary.json
dnq_w_o_handcrafted_candidates,tracks/hairpin_scaled.npz,8,6101,1.0,1.0,1.0,0.40689656138420105,0.0,5,0.19583333333333333,7,0.14666666666666667,0.3498909951406677,outputs/tits_dynamic_graph_expanded/randomized_attribution_confirmatory_20260710/hairpin_scaled/n8/seed6101/summaries/dnq_w_o_handcrafted_candidates_n8_seed6101.summary.json
dnq_w_o_hard_recovery,tracks/hairpin_scaled.npz,8,6101,1.0,0.7777777777777778,0.7777777777777778,0.26724138855934143,0.0,5,0.19166666666666668,9,0.0,0.4810423416597769,outputs/tits_dynamic_graph_expanded/randomized_attribution_confirmatory_20260710/hairpin_scaled/n8/seed6101/summaries/dnq_w_o_hard_recovery_n8_seed6101.summary.json
dnq_w_o_quality_proposal,tracks/hairpin_scaled.npz,8,6101,1.0,1.0,1.0,0.798275887966156,0.0,1,0.05416666666666667,5,0.77,0.4238481766854723,outputs/tits_dynamic_graph_expanded/randomized_attribution_confirmatory_20260710/hairpin_scaled/n8/seed6101/summaries/dnq_w_o_quality_proposal_n8_seed6101.summary.json
dnq_w_o_risk_uncertainty,tracks/hairpin_scaled.npz,8,6101,1.0,0.6666666666666666,0.6666666666666666,0.632758617401123,0.0,4,0.12083333333333333,9,0.23833333333333334,0.4612144223585104,outputs/tits_dynamic_graph_expanded/randomized_attribution_confirmatory_20260710/hairpin_scaled/n8/seed6101/summaries/dnq_w_o_risk_uncertainty_n8_seed6101.summary.json
dnq_w_o_rule_anchor,tracks/hairpin_scaled.npz,8,6101,1.0,0.8,0.8,0.2655172348022461,0.0,5,0.1875,10,0.19166666666666668,0.66484430372715,outputs/tits_dynamic_graph_expanded/randomized_attribution_confirmatory_20260710/hairpin_scaled/n8/seed6101/summaries/dnq_w_o_rule_anchor_n8_seed6101.summary.json
dnq_w_o_safety_quality,tracks/hairpin_scaled.npz,8,6101,1.0,0.75,0.75,0.7775862216949463,0.0,3,0.09583333333333334,4,0.0,0.6955668291108061,outputs/tits_dynamic_graph_expanded/randomized_attribution_confirmatory_20260710/hairpin_scaled/n8/seed6101/summaries/dnq_w_o_safety_quality_n8_seed6101.summary.json
dnq_dlc_full,tracks/hairpin_scaled.npz,8,6102,1.0,1.0,1.0,0.20000000298023224,0.0,3,0.19166666666666668,7,0.28833333333333333,0.41627495960022015,outputs/tits_dynamic_graph_expanded/randomized_attribution_confirmatory_20260710/hairpin_scaled/n8/seed6102/summaries/dnq_dlc_full_n8_seed6102.summary.json
dnq_nearest_neighbor,tracks/hairpin_scaled.npz,8,6102,1.0,0.3333333333333333,0.3333333333333333,0.3775862157344818,0.0,2,0.11666666666666667,3,0.25,0.4165790040247763,outputs/tits_dynamic_graph_expanded/randomized_attribution_confirmatory_20260710/hairpin_scaled/n8/seed6102/summaries/dnq_nearest_neighbor_n8_seed6102.summary.json
dnq_w_o_dynamic_selection,tracks/hairpin_scaled.npz,8,6102,1.0,0.5,0.5,0.3224138021469116,0.0,3,0.1875,4,0.115,0.4289578209646667,outputs/tits_dynamic_graph_expanded/randomized_attribution_confirmatory_20260710/hairpin_scaled/n8/seed6102/summaries/dnq_w_o_dynamic_selection_n8_seed6102.summary.json
dnq_w_o_handcrafted_candidates,tracks/hairpin_scaled.npz,8,6102,1.0,1.0,1.0,0.8137931227684021,0.0,1,0.05,7,0.83,0.06665787941853826,outputs/tits_dynamic_graph_expanded/randomized_attribution_confirmatory_20260710/hairpin_scaled/n8/seed6102/summaries/dnq_w_o_handcrafted_candidates_n8_seed6102.summary.json
dnq_w_o_hard_recovery,tracks/hairpin_scaled.npz,8,6102,1.0,0.6363636363636364,0.6363636363636364,0.14482758939266205,0.0,3,0.18333333333333332,11,0.0,0.6082898080659409,outputs/tits_dynamic_graph_expanded/randomized_attribution_confirmatory_20260710/hairpin_scaled/n8/seed6102/summaries/dnq_w_o_hard_recovery_n8_seed6102.summary.json
dnq_w_o_quality_proposal,tracks/hairpin_scaled.npz,8,6102,1.0,1.0,1.0,0.8586207032203674,0.0,1,0.041666666666666664,5,0.8266666666666667,0.09840431070576111,outputs/tits_dynamic_graph_expanded/randomized_attribution_confirmatory_20260710/hairpin_scaled/n8/seed6102/summaries/dnq_w_o_quality_proposal_n8_seed6102.summary.json
dnq_w_o_risk_uncertainty,tracks/hairpin_scaled.npz,8,6102,1.0,0.6666666666666666,0.6666666666666666,0.3448275923728943,0.0,3,0.175,3,0.23666666666666666,0.5521220190450549,outputs/tits_dynamic_graph_expanded/randomized_attribution_confirmatory_20260710/hairpin_scaled/n8/seed6102/summaries/dnq_w_o_risk_uncertainty_n8_seed6102.summary.json
dnq_w_o_rule_anchor,tracks/hairpin_scaled.npz,8,6102,1.0,1.0,1.0,0.25172412395477295,0.0,3,0.175,7,0.24666666666666667,0.6636295108372966,outputs/tits_dynamic_graph_expanded/randomized_attribution_confirmatory_20260710/hairpin_scaled/n8/seed6102/summaries/dnq_w_o_rule_anchor_n8_seed6102.summary.json
dnq_w_o_safety_quality,tracks/hairpin_scaled.npz,8,6102,1.0,0.8333333333333334,0.8333333333333334,0.4672413766384125,0.0,3,0.13333333333333333,6,0.0,0.660844695456326,outputs/tits_dynamic_graph_expanded/randomized_attribution_confirmatory_20260710/hairpin_scaled/n8/seed6102/summaries/dnq_w_o_safety_quality_n8_seed6102.summary.json
dnq_dlc_full,tracks/hairpin_scaled.npz,8,6103,1.0,1.0,1.0,0.7913793325424194,0.0,1,0.05,7,0.6283333333333333,0.28966167391534936,outputs/tits_dynamic_graph_expanded/randomized_attribution_confirmatory_20260710/hairpin_scaled/n8/seed6103/summaries/dnq_dlc_full_n8_seed6103.summary.json
dnq_nearest_neighbor,tracks/hairpin_scaled.npz,8,6103,1.0,1.0,1.0,0.8482758402824402,0.0,0,0.041666666666666664,3,0.07333333333333333,0.2928994563532372,outputs/tits_dynamic_graph_expanded/randomized_attribution_confirmatory_20260710/hairpin_scaled/n8/seed6103/summaries/dnq_nearest_neighbor_n8_seed6103.summary.json
dnq_w_o_dynamic_selection,tracks/hairpin_scaled.npz,8,6103,1.0,1.0,1.0,0.8362069129943848,0.0,1,0.04583333333333333,7,0.835,0.09968102201664199,outputs/tits_dynamic_graph_expanded/randomized_attribution_confirmatory_20260710/hairpin_scaled/n8/seed6103/summaries/dnq_w_o_dynamic_selection_n8_seed6103.summary.json
dnq_w_o_handcrafted_candidates,tracks/hairpin_scaled.npz,8,6103,1.0,1.0,1.0,0.8137931227684021,0.0,1,0.05,7,0.77,0.23452903090200075,outputs/tits_dynamic_graph_expanded/randomized_attribution_confirmatory_20260710/hairpin_scaled/n8/seed6103/summaries/dnq_w_o_handcrafted_candidates_n8_seed6103.summary.json
dnq_w_o_hard_recovery,tracks/hairpin_scaled.npz,8,6103,1.0,0.875,0.875,0.5275862216949463,0.0,2,0.15833333333333333,8,0.0,0.5499344219717508,outputs/tits_dynamic_graph_expanded/randomized_attribution_confirmatory_20260710/hairpin_scaled/n8/seed6103/summaries/dnq_w_o_hard_recovery_n8_seed6103.summary.json
dnq_w_o_quality_proposal,tracks/hairpin_scaled.npz,8,6103,1.0,1.0,1.0,0.8362069129943848,0.0,0,0.04583333333333333,7,0.8116666666666666,0.2172219642585454,outputs/tits_dynamic_graph_expanded/randomized_attribution_confirmatory_20260710/hairpin_scaled/n8/seed6103/summaries/dnq_w_o_quality_proposal_n8_seed6103.summary.json
dnq_w_o_risk_uncertainty,tracks/hairpin_scaled.npz,8,6103,1.0,1.0,1.0,0.8637930750846863,0.0,1,0.041666666666666664,5,0.7966666666666666,0.24114036390868326,outputs/tits_dynamic_graph_expanded/randomized_attribution_confirmatory_20260710/hairpin_scaled/n8/seed6103/summaries/dnq_w_o_risk_uncertainty_n8_seed6103.summary.json
dnq_w_o_rule_anchor,tracks/hairpin_scaled.npz,8,6103,1.0,0.5454545454545454,0.5454545454545454,0.2534482777118683,0.0,6,0.21666666666666667,11,0.13,0.6198542080505285,outputs/tits_dynamic_graph_expanded/randomized_attribution_confirmatory_20260710/hairpin_scaled/n8/seed6103/summaries/dnq_w_o_rule_anchor_n8_seed6103.summary.json
dnq_w_o_safety_quality,tracks/hairpin_scaled.npz,8,6103,1.0,0.25,0.25,0.7034482955932617,0.0,2,0.12916666666666668,4,0.0,0.6510531378009667,outputs/tits_dynamic_graph_expanded/randomized_attribution_confirmatory_20260710/hairpin_scaled/n8/seed6103/summaries/dnq_w_o_safety_quality_n8_seed6103.summary.json
dnq_dlc_full,tracks/hairpin_scaled.npz,8,6104,1.0,1.0,1.0,0.7258620858192444,0.0,3,0.0625,7,0.6433333333333333,0.30353562710185844,outputs/tits_dynamic_graph_expanded/randomized_attribution_confirmatory_20260710/hairpin_scaled/n8/seed6104/summaries/dnq_dlc_full_n8_seed6104.summary.json
dnq_nearest_neighbor,tracks/hairpin_scaled.npz,8,6104,1.0,1.0,1.0,0.8086206912994385,0.0,1,0.041666666666666664,2,0.7566666666666667,0.29416590897366407,outputs/tits_dynamic_graph_expanded/randomized_attribution_confirmatory_20260710/hairpin_scaled/n8/seed6104/summaries/dnq_nearest_neighbor_n8_seed6104.summary.json
dnq_w_o_dynamic_selection,tracks/hairpin_scaled.npz,8,6104,1.0,0.7777777777777778,0.7777777777777778,0.17241379618644714,0.0,5,0.21666666666666667,9,0.19333333333333333,0.41346237566632527,outputs/tits_dynamic_graph_expanded/randomized_attribution_confirmatory_20260710/hairpin_scaled/n8/seed6104/summaries/dnq_w_o_dynamic_selection_n8_seed6104.summary.json
dnq_w_o_handcrafted_candidates,tracks/hairpin_scaled.npz,8,6104,1.0,1.0,1.0,0.16896551847457886,0.0,5,0.2125,7,0.0033333333333333335,0.33651445641648026,outputs/tits_dynamic_graph_expanded/randomized_attribution_confirmatory_20260710/hairpin_scaled/n8/seed6104/summaries/dnq_w_o_handcrafted_candidates_n8_seed6104.summary.json
dnq_w_o_hard_recovery,tracks/hairpin_scaled.npz,8,6104,1.0,0.7777777777777778,0.7777777777777778,0.11724138259887695,0.0,5,0.18333333333333332,9,0.0,0.5396857653558255,outputs/tits_dynamic_graph_expanded/randomized_attribution_confirmatory_20260710/hairpin_scaled/n8/seed6104/summaries/dnq_w_o_hard_recovery_n8_seed6104.summary.json
dnq_w_o_quality_proposal,tracks/hairpin_scaled.npz,8,6104,1.0,1.0,1.0,0.8551723957061768,0.0,1,0.04583333333333333,7,0.06333333333333334,0.38494405420186617,outputs/tits_dynamic_graph_expanded/randomized_attribution_confirmatory_20260710/hairpin_scaled/n8/seed6104/summaries/dnq_w_o_quality_proposal_n8_seed6104.summary.json
dnq_w_o_risk_uncertainty,tracks/hairpin_scaled.npz,8,6104,1.0,0.5,0.5,0.4672413766384125,0.0,4,0.16666666666666666,4,0.19166666666666668,0.5217013798778256,outputs/tits_dynamic_graph_expanded/randomized_attribution_confirmatory_20260710/hairpin_scaled/n8/seed6104/summaries/dnq_w_o_risk_uncertainty_n8_seed6104.summary.json
dnq_w_o_rule_anchor,tracks/hairpin_scaled.npz,8,6104,1.0,1.0,1.0,0.7862069010734558,0.0,2,0.041666666666666664,7,0.8516666666666667,0.6911574593248466,outputs/tits_dynamic_graph_expanded/randomized_attribution_confirmatory_20260710/hairpin_scaled/n8/seed6104/summaries/dnq_w_o_rule_anchor_n8_seed6104.summary.json
dnq_w_o_safety_quality,tracks/hairpin_scaled.npz,8,6104,1.0,1.0,1.0,0.8982758522033691,0.0,2,0.0375,5,0.0,0.674470635044078,outputs/tits_dynamic_graph_expanded/randomized_attribution_confirmatory_20260710/hairpin_scaled/n8/seed6104/summaries/dnq_w_o_safety_quality_n8_seed6104.summary.json
dnq_dlc_full,tracks/hairpin_scaled.npz,8,6105,1.0,0.6666666666666666,0.6666666666666666,0.6431034207344055,0.0,5,0.15416666666666667,6,0.09833333333333333,0.4330866263535184,outputs/tits_dynamic_graph_expanded/randomized_attribution_confirmatory_20260710/hairpin_scaled/n8/seed6105/summaries/dnq_dlc_full_n8_seed6105.summary.json
dnq_nearest_neighbor,tracks/hairpin_scaled.npz,8,6105,1.0,0.5714285714285714,0.5714285714285714,0.5431034564971924,0.0,7,0.17916666666666667,7,0.12666666666666668,0.48859166126698256,outputs/tits_dynamic_graph_expanded/randomized_attribution_confirmatory_20260710/hairpin_scaled/n8/seed6105/summaries/dnq_nearest_neighbor_n8_seed6105.summary.json
dnq_w_o_dynamic_selection,tracks/hairpin_scaled.npz,8,6105,1.0,0.8,0.8,0.4275861978530884,0.0,7,0.23333333333333334,5,0.07833333333333334,0.4926598017519185,outputs/tits_dynamic_graph_expanded/randomized_attribution_confirmatory_20260710/hairpin_scaled/n8/seed6105/summaries/dnq_w_o_dynamic_selection_n8_seed6105.summary.json
dnq_w_o_handcrafted_candidates,tracks/hairpin_scaled.npz,8,6105,1.0,1.0,1.0,0.39827585220336914,0.0,7,0.23333333333333334,3,0.10166666666666667,0.3418270858677958,outputs/tits_dynamic_graph_expanded/randomized_attribution_confirmatory_20260710/hairpin_scaled/n8/seed6105/summaries/dnq_w_o_handcrafted_candidates_n8_seed6105.summary.json
dnq_w_o_hard_recovery,tracks/hairpin_scaled.npz,8,6105,1.0,1.0,1.0,0.7293103337287903,0.0,3,0.075,4,0.0,0.45740937447563434,outputs/tits_dynamic_graph_expanded/randomized_attribution_confirmatory_20260710/hairpin_scaled/n8/seed6105/summaries/dnq_w_o_hard_recovery_n8_seed6105.summary.json
dnq_w_o_quality_proposal,tracks/hairpin_scaled.npz,8,6105,1.0,1.0,1.0,0.8034482598304749,0.0,2,0.075,3,0.011666666666666667,0.30069357617525383,outputs/tits_dynamic_graph_expanded/randomized_attribution_confirmatory_20260710/hairpin_scaled/n8/seed6105/summaries/dnq_w_o_quality_proposal_n8_seed6105.summary.json
dnq_w_o_risk_uncertainty,tracks/hairpin_scaled.npz,8,6105,1.0,1.0,1.0,0.7465517520904541,0.0,2,0.075,3,0.15,0.4075303774311518,outputs/tits_dynamic_graph_expanded/randomized_attribution_confirmatory_20260710/hairpin_scaled/n8/seed6105/summaries/dnq_w_o_risk_uncertainty_n8_seed6105.summary.json
dnq_w_o_rule_anchor,tracks/hairpin_scaled.npz,8,6105,1.0,0.625,0.625,0.47068965435028076,0.0,7,0.19166666666666668,8,0.15666666666666668,0.6451035328271488,outputs/tits_dynamic_graph_expanded/randomized_attribution_confirmatory_20260710/hairpin_scaled/n8/seed6105/summaries/dnq_w_o_rule_anchor_n8_seed6105.summary.json
dnq_w_o_safety_quality,tracks/hairpin_scaled.npz,8,6105,1.0,0.8,0.8,0.6879310607910156,0.0,5,0.125,5,0.0,0.6805531629578521,outputs/tits_dynamic_graph_expanded/randomized_attribution_confirmatory_20260710/hairpin_scaled/n8/seed6105/summaries/dnq_w_o_safety_quality_n8_seed6105.summary.json
dnq_dlc_full,tracks/hairpin_scaled.npz,8,6106,1.0,0.3333333333333333,0.3333333333333333,0.5551724433898926,0.0,5,0.17916666666666667,3,0.21833333333333332,0.40077545972540973,outputs/tits_dynamic_graph_expanded/randomized_attribution_confirmatory_20260710/hairpin_scaled/n8/seed6106/summaries/dnq_dlc_full_n8_seed6106.summary.json
dnq_nearest_neighbor,tracks/hairpin_scaled.npz,8,6106,1.0,0.25,0.25,0.26379311084747314,0.0,6,0.25,4,0.11166666666666666,0.4824479049878816,outputs/tits_dynamic_graph_expanded/randomized_attribution_confirmatory_20260710/hairpin_scaled/n8/seed6106/summaries/dnq_nearest_neighbor_n8_seed6106.summary.json
dnq_w_o_dynamic_selection,tracks/hairpin_scaled.npz,8,6106,1.0,0.3333333333333333,0.3333333333333333,0.3724137842655182,0.0,5,0.19583333333333333,3,0.18666666666666668,0.3871612816257402,outputs/tits_dynamic_graph_expanded/randomized_attribution_confirmatory_20260710/hairpin_scaled/n8/seed6106/summaries/dnq_w_o_dynamic_selection_n8_seed6106.summary.json
dnq_w_o_handcrafted_candidates,tracks/hairpin_scaled.npz,8,6106,1.0,0.3333333333333333,0.3333333333333333,0.19310344755649567,0.0,6,0.25,3,0.085,0.35402628962435606,outputs/tits_dynamic_graph_expanded/randomized_attribution_confirmatory_20260710/hairpin_scaled/n8/seed6106/summaries/dnq_w_o_handcrafted_candidates_n8_seed6106.summary.json
dnq_w_o_hard_recovery,tracks/hairpin_scaled.npz,8,6106,1.0,1.0,1.0,0.4793103337287903,0.0,4,0.17083333333333334,2,0.0,0.4893573232841057,outputs/tits_dynamic_graph_expanded/randomized_attribution_confirmatory_20260710/hairpin_scaled/n8/seed6106/summaries/dnq_w_o_hard_recovery_n8_seed6106.summary.json
dnq_w_o_quality_proposal,tracks/hairpin_scaled.npz,8,6106,1.0,1.0,1.0,0.751724123954773,0.0,1,0.0625,1,0.07333333333333333,0.3651416918262839,outputs/tits_dynamic_graph_expanded/randomized_attribution_confirmatory_20260710/hairpin_scaled/n8/seed6106/summaries/dnq_w_o_quality_proposal_n8_seed6106.summary.json
dnq_w_o_risk_uncertainty,tracks/hairpin_scaled.npz,8,6106,1.0,1.0,1.0,0.8362069129943848,0.0,0,0.058333333333333334,3,0.16666666666666666,0.4352509653777815,outputs/tits_dynamic_graph_expanded/randomized_attribution_confirmatory_20260710/hairpin_scaled/n8/seed6106/summaries/dnq_w_o_risk_uncertainty_n8_seed6106.summary.json
dnq_w_o_rule_anchor,tracks/hairpin_scaled.npz,8,6106,1.0,0.3333333333333333,0.3333333333333333,0.6551724076271057,0.0,4,0.13333333333333333,3,0.31333333333333335,0.6951510658177237,outputs/tits_dynamic_graph_expanded/randomized_attribution_confirmatory_20260710/hairpin_scaled/n8/seed6106/summaries/dnq_w_o_rule_anchor_n8_seed6106.summary.json
dnq_w_o_safety_quality,tracks/hairpin_scaled.npz,8,6106,1.0,0.5,0.5,0.39827585220336914,0.0,4,0.16666666666666666,2,0.0,0.6561155272151034,outputs/tits_dynamic_graph_expanded/randomized_attribution_confirmatory_20260710/hairpin_scaled/n8/seed6106/summaries/dnq_w_o_safety_quality_n8_seed6106.summary.json
dnq_dlc_full,tracks/hairpin_scaled.npz,8,6107,1.0,0.7,0.7,0.6120689511299133,0.0,3,0.13333333333333333,10,0.21,0.4023441262259924,outputs/tits_dynamic_graph_expanded/randomized_attribution_confirmatory_20260710/hairpin_scaled/n8/seed6107/summaries/dnq_dlc_full_n8_seed6107.summary.json
dnq_nearest_neighbor,tracks/hairpin_scaled.npz,8,6107,1.0,0.6666666666666666,0.6666666666666666,0.4448275864124298,0.0,5,0.19166666666666668,6,0.19333333333333333,0.48724062089497844,outputs/tits_dynamic_graph_expanded/randomized_attribution_confirmatory_20260710/hairpin_scaled/n8/seed6107/summaries/dnq_nearest_neighbor_n8_seed6107.summary.json
dnq_w_o_dynamic_selection,tracks/hairpin_scaled.npz,8,6107,1.0,0.7,0.7,0.4000000059604645,0.0,5,0.19166666666666668,10,0.37166666666666665,0.3742759466357529,outputs/tits_dynamic_graph_expanded/randomized_attribution_confirmatory_20260710/hairpin_scaled/n8/seed6107/summaries/dnq_w_o_dynamic_selection_n8_seed6107.summary.json
dnq_w_o_handcrafted_candidates,tracks/hairpin_scaled.npz,8,6107,1.0,1.0,1.0,0.7741379141807556,0.0,1,0.075,7,0.22,0.5995506737342414,outputs/tits_dynamic_graph_expanded/randomized_attribution_confirmatory_20260710/hairpin_scaled/n8/seed6107/summaries/dnq_w_o_handcrafted_candidates_n8_seed6107.summary.json
dnq_w_o_hard_recovery,tracks/hairpin_scaled.npz,8,6107,1.0,1.0,1.0,0.7224137783050537,0.0,1,0.07083333333333333,7,0.0,0.37637436312468103,outputs/tits_dynamic_graph_expanded/randomized_attribution_confirmatory_20260710/hairpin_scaled/n8/seed6107/summaries/dnq_w_o_hard_recovery_n8_seed6107.summary.json
dnq_w_o_quality_proposal,tracks/hairpin_scaled.npz,8,6107,1.0,1.0,1.0,0.7655172348022461,0.0,1,0.0625,4,0.015,0.46197747166268527,outputs/tits_dynamic_graph_expanded/randomized_attribution_confirmatory_20260710/hairpin_scaled/n8/seed6107/summaries/dnq_w_o_quality_proposal_n8_seed6107.summary.json
dnq_w_o_risk_uncertainty,tracks/hairpin_scaled.npz,8,6107,1.0,0.6666666666666666,0.6666666666666666,0.3689655065536499,0.0,5,0.20416666666666666,6,0.19166666666666668,0.536568961480904,outputs/tits_dynamic_graph_expanded/randomized_attribution_confirmatory_20260710/hairpin_scaled/n8/seed6107/summaries/dnq_w_o_risk_uncertainty_n8_seed6107.summary.json
dnq_w_o_rule_anchor,tracks/hairpin_scaled.npz,8,6107,1.0,0.6666666666666666,0.6666666666666666,0.22413793206214905,0.0,5,0.2,6,0.22833333333333333,0.6983814560187359,outputs/tits_dynamic_graph_expanded/randomized_attribution_confirmatory_20260710/hairpin_scaled/n8/seed6107/summaries/dnq_w_o_rule_anchor_n8_seed6107.summary.json
dnq_w_o_safety_quality,tracks/hairpin_scaled.npz,8,6107,1.0,1.0,1.0,0.4293103516101837,0.0,3,0.075,6,0.0,0.5716932383179665,outputs/tits_dynamic_graph_expanded/randomized_attribution_confirmatory_20260710/hairpin_scaled/n8/seed6107/summaries/dnq_w_o_safety_quality_n8_seed6107.summary.json
dnq_dlc_full,tracks/hairpin_scaled.npz,8,6108,1.0,0.625,0.625,0.6586207151412964,0.0,5,0.14583333333333334,8,0.13333333333333333,0.5045655383107562,outputs/tits_dynamic_graph_expanded/randomized_attribution_confirmatory_20260710/hairpin_scaled/n8/seed6108/summaries/dnq_dlc_full_n8_seed6108.summary.json
dnq_nearest_neighbor,tracks/hairpin_scaled.npz,8,6108,1.0,0.7142857142857143,0.7142857142857143,0.5448275804519653,0.0,5,0.175,7,0.275,0.5151397504781683,outputs/tits_dynamic_graph_expanded/randomized_attribution_confirmatory_20260710/hairpin_scaled/n8/seed6108/summaries/dnq_nearest_neighbor_n8_seed6108.summary.json
dnq_w_o_dynamic_selection,tracks/hairpin_scaled.npz,8,6108,1.0,1.0,1.0,0.817241370677948,0.0,2,0.041666666666666664,5,0.81,0.5729014863923658,outputs/tits_dynamic_graph_expanded/randomized_attribution_confirmatory_20260710/hairpin_scaled/n8/seed6108/summaries/dnq_w_o_dynamic_selection_n8_seed6108.summary.json
dnq_w_o_handcrafted_candidates,tracks/hairpin_scaled.npz,8,6108,1.0,0.875,0.875,0.35517242550849915,0.0,5,0.1375,8,0.5266666666666666,0.25177652993627514,outputs/tits_dynamic_graph_expanded/randomized_attribution_confirmatory_20260710/hairpin_scaled/n8/seed6108/summaries/dnq_w_o_handcrafted_candidates_n8_seed6108.summary.json
dnq_w_o_hard_recovery,tracks/hairpin_scaled.npz,8,6108,1.0,0.8571428571428571,0.8571428571428571,0.818965494632721,0.0,3,0.058333333333333334,7,0.0,0.4735813423991203,outputs/tits_dynamic_graph_expanded/randomized_attribution_confirmatory_20260710/hairpin_scaled/n8/seed6108/summaries/dnq_w_o_hard_recovery_n8_seed6108.summary.json
dnq_w_o_quality_proposal,tracks/hairpin_scaled.npz,8,6108,1.0,1.0,1.0,0.8482758402824402,0.0,2,0.041666666666666664,5,0.12833333333333333,0.35352247452984253,outputs/tits_dynamic_graph_expanded/randomized_attribution_confirmatory_20260710/hairpin_scaled/n8/seed6108/summaries/dnq_w_o_quality_proposal_n8_seed6108.summary.json
dnq_w_o_risk_uncertainty,tracks/hairpin_scaled.npz,8,6108,1.0,1.0,1.0,0.8206896781921387,0.0,2,0.041666666666666664,4,0.8133333333333334,0.580104077529007,outputs/tits_dynamic_graph_expanded/randomized_attribution_confirmatory_20260710/hairpin_scaled/n8/seed6108/summaries/dnq_w_o_risk_uncertainty_n8_seed6108.summary.json
dnq_w_o_rule_anchor,tracks/hairpin_scaled.npz,8,6108,1.0,0.4,0.4,0.38275861740112305,0.0,5,0.1875,5,0.10333333333333333,0.6352678016666323,outputs/tits_dynamic_graph_expanded/randomized_attribution_confirmatory_20260710/hairpin_scaled/n8/seed6108/summaries/dnq_w_o_rule_anchor_n8_seed6108.summary.json
dnq_w_o_safety_quality,tracks/hairpin_scaled.npz,8,6108,1.0,0.4,0.4,0.3362068831920624,0.0,5,0.15416666666666667,5,0.0,0.7217421813681721,outputs/tits_dynamic_graph_expanded/randomized_attribution_confirmatory_20260710/hairpin_scaled/n8/seed6108/summaries/dnq_w_o_safety_quality_n8_seed6108.summary.json
dnq_dlc_full,tracks/s_curve_scaled.npz,6,6101,1.0,1.0,1.0,0.0,0.0,2,0.21666666666666667,2,0.0,0.3397668188686172,outputs/tits_dynamic_graph_expanded/randomized_attribution_confirmatory_20260710/s_curve_scaled/n6/seed6101/summaries/dnq_dlc_full_n6_seed6101.summary.json
dnq_nearest_neighbor,tracks/s_curve_scaled.npz,6,6101,1.0,1.0,1.0,0.0,0.0,2,0.21666666666666667,2,0.0,0.36828049486192566,outputs/tits_dynamic_graph_expanded/randomized_attribution_confirmatory_20260710/s_curve_scaled/n6/seed6101/summaries/dnq_nearest_neighbor_n6_seed6101.summary.json
dnq_w_o_dynamic_selection,tracks/s_curve_scaled.npz,6,6101,1.0,1.0,1.0,0.5206896662712097,0.0,2,0.14583333333333334,5,0.035,0.5492001922180255,outputs/tits_dynamic_graph_expanded/randomized_attribution_confirmatory_20260710/s_curve_scaled/n6/seed6101/summaries/dnq_w_o_dynamic_selection_n6_seed6101.summary.json
dnq_w_o_handcrafted_candidates,tracks/s_curve_scaled.npz,6,6101,1.0,1.0,1.0,0.22068965435028076,0.0,3,0.175,2,0.0,0.2797300669085234,outputs/tits_dynamic_graph_expanded/randomized_attribution_confirmatory_20260710/s_curve_scaled/n6/seed6101/summaries/dnq_w_o_handcrafted_candidates_n6_seed6101.summary.json
dnq_w_o_hard_recovery,tracks/s_curve_scaled.npz,6,6101,1.0,1.0,1.0,0.517241358757019,0.0,2,0.12916666666666668,3,0.0,0.4801174484596898,outputs/tits_dynamic_graph_expanded/randomized_attribution_confirmatory_20260710/s_curve_scaled/n6/seed6101/summaries/dnq_w_o_hard_recovery_n6_seed6101.summary.json
dnq_w_o_quality_proposal,tracks/s_curve_scaled.npz,6,6101,1.0,0.0,0.0,0.6482758522033691,0.0,2,0.17916666666666667,3,0.0,0.5441869657486678,outputs/tits_dynamic_graph_expanded/randomized_attribution_confirmatory_20260710/s_curve_scaled/n6/seed6101/summaries/dnq_w_o_quality_proposal_n6_seed6101.summary.json
dnq_w_o_risk_uncertainty,tracks/s_curve_scaled.npz,6,6101,1.0,0.0,0.0,0.08793103694915771,0.0,2,0.225,2,0.0,0.3269187481096014,outputs/tits_dynamic_graph_expanded/randomized_attribution_confirmatory_20260710/s_curve_scaled/n6/seed6101/summaries/dnq_w_o_risk_uncertainty_n6_seed6101.summary.json
dnq_w_o_rule_anchor,tracks/s_curve_scaled.npz,6,6101,1.0,0.0,0.0,0.37931033968925476,0.0,2,0.21666666666666667,4,0.03166666666666667,0.655638059725364,outputs/tits_dynamic_graph_expanded/randomized_attribution_confirmatory_20260710/s_curve_scaled/n6/seed6101/summaries/dnq_w_o_rule_anchor_n6_seed6101.summary.json
dnq_w_o_safety_quality,tracks/s_curve_scaled.npz,6,6101,1.0,0.6,0.6,0.7586206793785095,0.0,2,0.14583333333333334,5,0.0,0.7039417554996907,outputs/tits_dynamic_graph_expanded/randomized_attribution_confirmatory_20260710/s_curve_scaled/n6/seed6101/summaries/dnq_w_o_safety_quality_n6_seed6101.summary.json
dnq_dlc_full,tracks/s_curve_scaled.npz,6,6102,1.0,1.0,1.0,0.0,0.0,2,0.21666666666666667,3,0.0,0.36426700607563056,outputs/tits_dynamic_graph_expanded/randomized_attribution_confirmatory_20260710/s_curve_scaled/n6/seed6102/summaries/dnq_dlc_full_n6_seed6102.summary.json
dnq_nearest_neighbor,tracks/s_curve_scaled.npz,6,6102,1.0,1.0,1.0,0.4120689630508423,0.0,3,0.15,4,0.135,0.5068845692525308,outputs/tits_dynamic_graph_expanded/randomized_attribution_confirmatory_20260710/s_curve_scaled/n6/seed6102/summaries/dnq_nearest_neighbor_n6_seed6102.summary.json
dnq_w_o_dynamic_selection,tracks/s_curve_scaled.npz,6,6102,1.0,1.0,1.0,0.20517241954803467,0.0,3,0.20833333333333334,5,0.02666666666666667,0.4504511396897336,outputs/tits_dynamic_graph_expanded/randomized_attribution_confirmatory_20260710/s_curve_scaled/n6/seed6102/summaries/dnq_w_o_dynamic_selection_n6_seed6102.summary.json
dnq_w_o_handcrafted_candidates,tracks/s_curve_scaled.npz,6,6102,1.0,1.0,1.0,0.2586206793785095,0.0,3,0.16666666666666666,4,0.08833333333333333,0.3345213534186284,outputs/tits_dynamic_graph_expanded/randomized_attribution_confirmatory_20260710/s_curve_scaled/n6/seed6102/summaries/dnq_w_o_handcrafted_candidates_n6_seed6102.summary.json
dnq_w_o_hard_recovery,tracks/s_curve_scaled.npz,6,6102,1.0,0.8,0.8,0.2568965554237366,0.0,2,0.20416666666666666,5,0.0,0.4377515899556844,outputs/tits_dynamic_graph_expanded/randomized_attribution_confirmatory_20260710/s_curve_scaled/n6/seed6102/summaries/dnq_w_o_hard_recovery_n6_seed6102.summary.json
dnq_w_o_quality_proposal,tracks/s_curve_scaled.npz,6,6102,1.0,1.0,1.0,0.0396551713347435,0.0,4,0.24583333333333332,6,0.0,0.47755293397029164,outputs/tits_dynamic_graph_expanded/randomized_attribution_confirmatory_20260710/s_curve_scaled/n6/seed6102/summaries/dnq_w_o_quality_proposal_n6_seed6102.summary.json
dnq_w_o_risk_uncertainty,tracks/s_curve_scaled.npz,6,6102,1.0,0.6666666666666666,0.6666666666666666,0.11034482717514038,0.0,2,0.19583333333333333,6,0.0,0.43443311254649114,outputs/tits_dynamic_graph_expanded/randomized_attribution_confirmatory_20260710/s_curve_scaled/n6/seed6102/summaries/dnq_w_o_risk_uncertainty_n6_seed6102.summary.json
dnq_w_o_rule_anchor,tracks/s_curve_scaled.npz,6,6102,1.0,0.5555555555555556,0.5555555555555556,0.2258620709180832,0.0,4,0.2625,9,0.02,0.5647583842650056,outputs/tits_dynamic_graph_expanded/randomized_attribution_confirmatory_20260710/s_curve_scaled/n6/seed6102/summaries/dnq_w_o_rule_anchor_n6_seed6102.summary.json
dnq_w_o_safety_quality,tracks/s_curve_scaled.npz,6,6102,1.0,1.0,1.0,0.16551724076271057,0.0,5,0.3333333333333333,7,0.0,0.5560293217624227,outputs/tits_dynamic_graph_expanded/randomized_attribution_confirmatory_20260710/s_curve_scaled/n6/seed6102/summaries/dnq_w_o_safety_quality_n6_seed6102.summary.json
dnq_dlc_full,tracks/s_curve_scaled.npz,6,6103,1.0,1.0,1.0,0.5293103456497192,0.0,2,0.12916666666666668,4,0.01,0.4733792135771364,outputs/tits_dynamic_graph_expanded/randomized_attribution_confirmatory_20260710/s_curve_scaled/n6/seed6103/summaries/dnq_dlc_full_n6_seed6103.summary.json
dnq_nearest_neighbor,tracks/s_curve_scaled.npz,6,6103,1.0,0.8,0.8,0.02931034564971924,0.0,4,0.25833333333333336,5,0.0,0.4624653671806057,outputs/tits_dynamic_graph_expanded/randomized_attribution_confirmatory_20260710/s_curve_scaled/n6/seed6103/summaries/dnq_nearest_neighbor_n6_seed6103.summary.json
dnq_w_o_dynamic_selection,tracks/s_curve_scaled.npz,6,6103,1.0,1.0,1.0,0.09827586263418198,0.0,2,0.22083333333333333,5,0.06,0.42182656498625876,outputs/tits_dynamic_graph_expanded/randomized_attribution_confirmatory_20260710/s_curve_scaled/n6/seed6103/summaries/dnq_w_o_dynamic_selection_n6_seed6103.summary.json
dnq_w_o_handcrafted_candidates,tracks/s_curve_scaled.npz,6,6103,1.0,1.0,1.0,0.3137930929660797,0.0,3,0.17083333333333334,2,0.011666666666666667,0.3393526890625556,outputs/tits_dynamic_graph_expanded/randomized_attribution_confirmatory_20260710/s_curve_scaled/n6/seed6103/summaries/dnq_w_o_handcrafted_candidates_n6_seed6103.summary.json
dnq_w_o_hard_recovery,tracks/s_curve_scaled.npz,6,6103,1.0,1.0,1.0,0.6224138140678406,0.0,1,0.13333333333333333,5,0.0,0.5276350750898321,outputs/tits_dynamic_graph_expanded/randomized_attribution_confirmatory_20260710/s_curve_scaled/n6/seed6103/summaries/dnq_w_o_hard_recovery_n6_seed6103.summary.json
dnq_w_o_quality_proposal,tracks/s_curve_scaled.npz,6,6103,1.0,0.0,0.0,0.3724137842655182,0.0,5,0.3125,5,0.0,0.458843123310556,outputs/tits_dynamic_graph_expanded/randomized_attribution_confirmatory_20260710/s_curve_scaled/n6/seed6103/summaries/dnq_w_o_quality_proposal_n6_seed6103.summary.json
dnq_w_o_risk_uncertainty,tracks/s_curve_scaled.npz,6,6103,1.0,0.0,0.0,0.3362068831920624,0.0,4,0.24166666666666667,5,0.043333333333333335,0.5916409879177809,outputs/tits_dynamic_graph_expanded/randomized_attribution_confirmatory_20260710/s_curve_scaled/n6/seed6103/summaries/dnq_w_o_risk_uncertainty_n6_seed6103.summary.json
dnq_w_o_rule_anchor,tracks/s_curve_scaled.npz,6,6103,1.0,1.0,1.0,0.6913793087005615,0.0,1,0.0875,4,0.455,0.7545566593855619,outputs/tits_dynamic_graph_expanded/randomized_attribution_confirmatory_20260710/s_curve_scaled/n6/seed6103/summaries/dnq_w_o_rule_anchor_n6_seed6103.summary.json
dnq_w_o_safety_quality,tracks/s_curve_scaled.npz,6,6103,1.0,1.0,1.0,0.8810344934463501,0.0,0,0.05416666666666667,5,0.0,0.6346263626714548,outputs/tits_dynamic_graph_expanded/randomized_attribution_confirmatory_20260710/s_curve_scaled/n6/seed6103/summaries/dnq_w_o_safety_quality_n6_seed6103.summary.json
dnq_dlc_full,tracks/s_curve_scaled.npz,6,6104,0.0,0.0,0.0,0.0,0.0,1,0.041666666666666664,0,0.7516666666666667,0.3686197245431443,outputs/tits_dynamic_graph_expanded/randomized_attribution_confirmatory_20260710/s_curve_scaled/n6/seed6104/summaries/dnq_dlc_full_n6_seed6104.summary.json
dnq_nearest_neighbor,tracks/s_curve_scaled.npz,6,6104,0.0,0.0,0.0,0.0,0.0,1,0.04583333333333333,0,0.77,0.3502841099662085,outputs/tits_dynamic_graph_expanded/randomized_attribution_confirmatory_20260710/s_curve_scaled/n6/seed6104/summaries/dnq_nearest_neighbor_n6_seed6104.summary.json
dnq_w_o_dynamic_selection,tracks/s_curve_scaled.npz,6,6104,0.0,0.0,0.0,0.0,0.0,1,0.041666666666666664,0,0.7366666666666667,0.3667668699286878,outputs/tits_dynamic_graph_expanded/randomized_attribution_confirmatory_20260710/s_curve_scaled/n6/seed6104/summaries/dnq_w_o_dynamic_selection_n6_seed6104.summary.json
dnq_w_o_handcrafted_candidates,tracks/s_curve_scaled.npz,6,6104,0.0,0.0,0.0,0.0,0.0,1,0.04583333333333333,0,0.7733333333333333,0.34082185704261064,outputs/tits_dynamic_graph_expanded/randomized_attribution_confirmatory_20260710/s_curve_scaled/n6/seed6104/summaries/dnq_w_o_handcrafted_candidates_n6_seed6104.summary.json
dnq_w_o_hard_recovery,tracks/s_curve_scaled.npz,6,6104,0.0,0.0,0.0,0.6137930750846863,0.0,1,0.020833333333333332,0,0.0,0.7707543617494714,outputs/tits_dynamic_graph_expanded/randomized_attribution_confirmatory_20260710/s_curve_scaled/n6/seed6104/summaries/dnq_w_o_hard_recovery_n6_seed6104.summary.json
dnq_w_o_quality_proposal,tracks/s_curve_scaled.npz,6,6104,0.0,0.0,0.0,0.0,0.0,1,0.041666666666666664,0,0.74,0.35738037166496117,outputs/tits_dynamic_graph_expanded/randomized_attribution_confirmatory_20260710/s_curve_scaled/n6/seed6104/summaries/dnq_w_o_quality_proposal_n6_seed6104.summary.json
dnq_w_o_risk_uncertainty,tracks/s_curve_scaled.npz,6,6104,0.0,0.0,0.0,0.0,0.0,1,0.0375,0,0.7116666666666667,0.4064966253253321,outputs/tits_dynamic_graph_expanded/randomized_attribution_confirmatory_20260710/s_curve_scaled/n6/seed6104/summaries/dnq_w_o_risk_uncertainty_n6_seed6104.summary.json
dnq_w_o_rule_anchor,tracks/s_curve_scaled.npz,6,6104,0.0,0.0,0.0,0.0,0.0,1,0.04583333333333333,0,0.7716666666666666,1.0385072064523895,outputs/tits_dynamic_graph_expanded/randomized_attribution_confirmatory_20260710/s_curve_scaled/n6/seed6104/summaries/dnq_w_o_rule_anchor_n6_seed6104.summary.json
dnq_w_o_safety_quality,tracks/s_curve_scaled.npz,6,6104,0.0,0.0,0.0,0.6103448271751404,0.0,1,0.020833333333333332,0,0.0,0.6598372678893308,outputs/tits_dynamic_graph_expanded/randomized_attribution_confirmatory_20260710/s_curve_scaled/n6/seed6104/summaries/dnq_w_o_safety_quality_n6_seed6104.summary.json
dnq_dlc_full,tracks/s_curve_scaled.npz,6,6105,1.0,1.0,1.0,0.0,0.0,4,0.23333333333333334,4,0.015,0.42519468480100236,outputs/tits_dynamic_graph_expanded/randomized_attribution_confirmatory_20260710/s_curve_scaled/n6/seed6105/summaries/dnq_dlc_full_n6_seed6105.summary.json
dnq_nearest_neighbor,tracks/s_curve_scaled.npz,6,6105,1.0,1.0,1.0,0.0,0.0,2,0.20833333333333334,2,0.0,0.4365541669229666,outputs/tits_dynamic_graph_expanded/randomized_attribution_confirmatory_20260710/s_curve_scaled/n6/seed6105/summaries/dnq_nearest_neighbor_n6_seed6105.summary.json
dnq_w_o_dynamic_selection,tracks/s_curve_scaled.npz,6,6105,1.0,1.0,1.0,0.5327585935592651,0.0,2,0.12916666666666668,4,0.055,0.47157718968577683,outputs/tits_dynamic_graph_expanded/randomized_attribution_confirmatory_20260710/s_curve_scaled/n6/seed6105/summaries/dnq_w_o_dynamic_selection_n6_seed6105.summary.json
dnq_w_o_handcrafted_candidates,tracks/s_curve_scaled.npz,6,6105,1.0,1.0,1.0,0.3362068831920624,0.0,3,0.14583333333333334,3,0.145,0.24449027696352763,outputs/tits_dynamic_graph_expanded/randomized_attribution_confirmatory_20260710/s_curve_scaled/n6/seed6105/summaries/dnq_w_o_handcrafted_candidates_n6_seed6105.summary.json
dnq_w_o_hard_recovery,tracks/s_curve_scaled.npz,6,6105,1.0,0.7142857142857143,0.7142857142857143,0.19137930870056152,0.0,2,0.2,7,0.0,0.48860633310551443,outputs/tits_dynamic_graph_expanded/randomized_attribution_confirmatory_20260710/s_curve_scaled/n6/seed6105/summaries/dnq_w_o_hard_recovery_n6_seed6105.summary.json
dnq_w_o_quality_proposal,tracks/s_curve_scaled.npz,6,6105,1.0,0.7142857142857143,0.7142857142857143,0.6862068772315979,0.0,2,0.18333333333333332,7,0.0,0.5281700673606247,outputs/tits_dynamic_graph_expanded/randomized_attribution_confirmatory_20260710/s_curve_scaled/n6/seed6105/summaries/dnq_w_o_quality_proposal_n6_seed6105.summary.json
dnq_w_o_risk_uncertainty,tracks/s_curve_scaled.npz,6,6105,1.0,0.3333333333333333,0.3333333333333333,0.11551724374294281,0.0,3,0.20416666666666666,3,0.0,0.47101719219237564,outputs/tits_dynamic_graph_expanded/randomized_attribution_confirmatory_20260710/s_curve_scaled/n6/seed6105/summaries/dnq_w_o_risk_uncertainty_n6_seed6105.summary.json
dnq_w_o_rule_anchor,tracks/s_curve_scaled.npz,6,6105,1.0,1.0,1.0,0.0,0.0,2,0.2125,2,0.0,0.5361461919049422,outputs/tits_dynamic_graph_expanded/randomized_attribution_confirmatory_20260710/s_curve_scaled/n6/seed6105/summaries/dnq_w_o_rule_anchor_n6_seed6105.summary.json
dnq_w_o_safety_quality,tracks/s_curve_scaled.npz,6,6105,1.0,1.0,1.0,0.3810344934463501,0.0,3,0.1875,3,0.0,0.5591539382003248,outputs/tits_dynamic_graph_expanded/randomized_attribution_confirmatory_20260710/s_curve_scaled/n6/seed6105/summaries/dnq_w_o_safety_quality_n6_seed6105.summary.json
dnq_dlc_full,tracks/s_curve_scaled.npz,6,6106,1.0,0.0,0.0,0.04137931019067764,0.0,2,0.14583333333333334,5,0.27666666666666667,0.8780498632322997,outputs/tits_dynamic_graph_expanded/randomized_attribution_confirmatory_20260710/s_curve_scaled/n6/seed6106/summaries/dnq_dlc_full_n6_seed6106.summary.json
dnq_nearest_neighbor,tracks/s_curve_scaled.npz,6,6106,1.0,1.0,1.0,0.0,0.0,5,0.25,6,0.0,0.5141958704280356,outputs/tits_dynamic_graph_expanded/randomized_attribution_confirmatory_20260710/s_curve_scaled/n6/seed6106/summaries/dnq_nearest_neighbor_n6_seed6106.summary.json
dnq_w_o_dynamic_selection,tracks/s_curve_scaled.npz,6,6106,1.0,1.0,1.0,0.44999998807907104,0.0,1,0.2,5,0.0,0.6124429090196888,outputs/tits_dynamic_graph_expanded/randomized_attribution_confirmatory_20260710/s_curve_scaled/n6/seed6106/summaries/dnq_w_o_dynamic_selection_n6_seed6106.summary.json
dnq_w_o_handcrafted_candidates,tracks/s_curve_scaled.npz,6,6106,1.0,1.0,1.0,0.8534482717514038,0.0,2,0.04583333333333333,5,0.10833333333333334,0.402071489160262,outputs/tits_dynamic_graph_expanded/randomized_attribution_confirmatory_20260710/s_curve_scaled/n6/seed6106/summaries/dnq_w_o_handcrafted_candidates_n6_seed6106.summary.json
dnq_w_o_hard_recovery,tracks/s_curve_scaled.npz,6,6106,1.0,0.0,0.0,0.7448275685310364,0.0,2,0.07916666666666666,5,0.0,0.48194991010881494,outputs/tits_dynamic_graph_expanded/randomized_attribution_confirmatory_20260710/s_curve_scaled/n6/seed6106/summaries/dnq_w_o_hard_recovery_n6_seed6106.summary.json
dnq_w_o_quality_proposal,tracks/s_curve_scaled.npz,6,6106,1.0,0.0,0.0,0.7913793325424194,0.0,2,0.058333333333333334,2,0.75,0.25136104250947633,outputs/tits_dynamic_graph_expanded/randomized_attribution_confirmatory_20260710/s_curve_scaled/n6/seed6106/summaries/dnq_w_o_quality_proposal_n6_seed6106.summary.json
dnq_w_o_risk_uncertainty,tracks/s_curve_scaled.npz,6,6106,1.0,0.0,0.0,0.8879310488700867,0.0,2,0.0625,2,0.7633333333333333,0.2461845405648152,outputs/tits_dynamic_graph_expanded/randomized_attribution_confirmatory_20260710/s_curve_scaled/n6/seed6106/summaries/dnq_w_o_risk_uncertainty_n6_seed6106.summary.json
dnq_w_o_rule_anchor,tracks/s_curve_scaled.npz,6,6106,1.0,1.0,1.0,0.8413792848587036,0.0,1,0.058333333333333334,2,0.23666666666666666,0.6747899280240138,outputs/tits_dynamic_graph_expanded/randomized_attribution_confirmatory_20260710/s_curve_scaled/n6/seed6106/summaries/dnq_w_o_rule_anchor_n6_seed6106.summary.json
dnq_w_o_safety_quality,tracks/s_curve_scaled.npz,6,6106,1.0,1.0,1.0,0.8568965792655945,0.0,2,0.05416666666666667,4,0.0,0.6687773158835868,outputs/tits_dynamic_graph_expanded/randomized_attribution_confirmatory_20260710/s_curve_scaled/n6/seed6106/summaries/dnq_w_o_safety_quality_n6_seed6106.summary.json
dnq_dlc_full,tracks/s_curve_scaled.npz,6,6107,1.0,1.0,1.0,0.06379310041666031,0.0,5,0.2916666666666667,5,0.0033333333333333335,0.438330913875252,outputs/tits_dynamic_graph_expanded/randomized_attribution_confirmatory_20260710/s_curve_scaled/n6/seed6107/summaries/dnq_dlc_full_n6_seed6107.summary.json
dnq_nearest_neighbor,tracks/s_curve_scaled.npz,6,6107,1.0,1.0,1.0,0.3844827711582184,0.0,1,0.15833333333333333,3,0.37166666666666665,0.3644566509065529,outputs/tits_dynamic_graph_expanded/randomized_attribution_confirmatory_20260710/s_curve_scaled/n6/seed6107/summaries/dnq_nearest_neighbor_n6_seed6107.summary.json
dnq_w_o_dynamic_selection,tracks/s_curve_scaled.npz,6,6107,1.0,0.3333333333333333,0.3333333333333333,0.1741379350423813,0.0,2,0.2,3,0.018333333333333333,0.4035155672114342,outputs/tits_dynamic_graph_expanded/randomized_attribution_confirmatory_20260710/s_curve_scaled/n6/seed6107/summaries/dnq_w_o_dynamic_selection_n6_seed6107.summary.json
dnq_w_o_handcrafted_candidates,tracks/s_curve_scaled.npz,6,6107,1.0,1.0,1.0,0.32758620381355286,0.0,2,0.17083333333333334,2,0.0,0.2279644923657179,outputs/tits_dynamic_graph_expanded/randomized_attribution_confirmatory_20260710/s_curve_scaled/n6/seed6107/summaries/dnq_w_o_handcrafted_candidates_n6_seed6107.summary.json
dnq_w_o_hard_recovery,tracks/s_curve_scaled.npz,6,6107,1.0,1.0,1.0,0.05000000074505806,0.0,3,0.25416666666666665,3,0.0,0.40151027926554284,outputs/tits_dynamic_graph_expanded/randomized_attribution_confirmatory_20260710/s_curve_scaled/n6/seed6107/summaries/dnq_w_o_hard_recovery_n6_seed6107.summary.json
dnq_w_o_quality_proposal,tracks/s_curve_scaled.npz,6,6107,1.0,0.0,0.0,0.4965517222881317,0.0,5,0.2875,5,0.0,0.45999831994995477,outputs/tits_dynamic_graph_expanded/randomized_attribution_confirmatory_20260710/s_curve_scaled/n6/seed6107/summaries/dnq_w_o_quality_proposal_n6_seed6107.summary.json
dnq_w_o_risk_uncertainty,tracks/s_curve_scaled.npz,6,6107,1.0,1.0,1.0,0.12068965286016464,0.0,3,0.2,3,0.13,0.28964477207511663,outputs/tits_dynamic_graph_expanded/randomized_attribution_confirmatory_20260710/s_curve_scaled/n6/seed6107/summaries/dnq_w_o_risk_uncertainty_n6_seed6107.summary.json
dnq_w_o_rule_anchor,tracks/s_curve_scaled.npz,6,6107,1.0,1.0,1.0,0.2344827651977539,0.0,3,0.22916666666666666,5,0.02666666666666667,0.6583329329515497,outputs/tits_dynamic_graph_expanded/randomized_attribution_confirmatory_20260710/s_curve_scaled/n6/seed6107/summaries/dnq_w_o_rule_anchor_n6_seed6107.summary.json
dnq_w_o_safety_quality,tracks/s_curve_scaled.npz,6,6107,0.0,0.0,0.0,0.6586207151412964,0.0,0,0.14166666666666666,0,0.0,0.6840734844654799,outputs/tits_dynamic_graph_expanded/randomized_attribution_confirmatory_20260710/s_curve_scaled/n6/seed6107/summaries/dnq_w_o_safety_quality_n6_seed6107.summary.json
dnq_dlc_full,tracks/s_curve_scaled.npz,6,6108,1.0,1.0,1.0,0.0,0.0,4,0.26666666666666666,5,0.0,0.2971976735283776,outputs/tits_dynamic_graph_expanded/randomized_attribution_confirmatory_20260710/s_curve_scaled/n6/seed6108/summaries/dnq_dlc_full_n6_seed6108.summary.json
dnq_nearest_neighbor,tracks/s_curve_scaled.npz,6,6108,0.0,0.0,0.0,0.0,0.0,0,0.23333333333333334,0,0.0,0.3325048958944778,outputs/tits_dynamic_graph_expanded/randomized_attribution_confirmatory_20260710/s_curve_scaled/n6/seed6108/summaries/dnq_nearest_neighbor_n6_seed6108.summary.json
dnq_w_o_dynamic_selection,tracks/s_curve_scaled.npz,6,6108,0.0,0.0,0.0,0.0,0.0,0,0.23333333333333334,0,0.0,0.31026580050083186,outputs/tits_dynamic_graph_expanded/randomized_attribution_confirmatory_20260710/s_curve_scaled/n6/seed6108/summaries/dnq_w_o_dynamic_selection_n6_seed6108.summary.json
dnq_w_o_handcrafted_candidates,tracks/s_curve_scaled.npz,6,6108,1.0,1.0,1.0,0.13620689511299133,0.0,1,0.19583333333333333,1,0.0,0.24510609334955613,outputs/tits_dynamic_graph_expanded/randomized_attribution_confirmatory_20260710/s_curve_scaled/n6/seed6108/summaries/dnq_w_o_handcrafted_candidates_n6_seed6108.summary.json
dnq_w_o_hard_recovery,tracks/s_curve_scaled.npz,6,6108,1.0,1.0,1.0,0.0,0.0,5,0.2791666666666667,5,0.0,0.3370407537122567,outputs/tits_dynamic_graph_expanded/randomized_attribution_confirmatory_20260710/s_curve_scaled/n6/seed6108/summaries/dnq_w_o_hard_recovery_n6_seed6108.summary.json
dnq_w_o_quality_proposal,tracks/s_curve_scaled.npz,6,6108,1.0,0.2,0.2,0.4793103337287903,0.0,0,0.22916666666666666,5,0.0,0.48806942396021136,outputs/tits_dynamic_graph_expanded/randomized_attribution_confirmatory_20260710/s_curve_scaled/n6/seed6108/summaries/dnq_w_o_quality_proposal_n6_seed6108.summary.json
dnq_w_o_risk_uncertainty,tracks/s_curve_scaled.npz,6,6108,1.0,1.0,1.0,0.0,0.0,5,0.275,7,0.0,0.41982297241843,outputs/tits_dynamic_graph_expanded/randomized_attribution_confirmatory_20260710/s_curve_scaled/n6/seed6108/summaries/dnq_w_o_risk_uncertainty_n6_seed6108.summary.json
dnq_w_o_rule_anchor,tracks/s_curve_scaled.npz,6,6108,0.0,0.0,0.0,0.0,0.0,0,0.22916666666666666,0,0.0,0.5831502019365629,outputs/tits_dynamic_graph_expanded/randomized_attribution_confirmatory_20260710/s_curve_scaled/n6/seed6108/summaries/dnq_w_o_rule_anchor_n6_seed6108.summary.json
dnq_w_o_safety_quality,tracks/s_curve_scaled.npz,6,6108,1.0,1.0,1.0,0.1068965494632721,0.0,5,0.36666666666666664,5,0.0,0.5809981483779848,outputs/tits_dynamic_graph_expanded/randomized_attribution_confirmatory_20260710/s_curve_scaled/n6/seed6108/summaries/dnq_w_o_safety_quality_n6_seed6108.summary.json
dnq_dlc_full,tracks/s_curve_scaled.npz,8,6101,0.0,0.0,0.0,0.5965517163276672,0.0,0,0.05416666666666667,0,0.605,0.4468682806690534,outputs/tits_dynamic_graph_expanded/randomized_attribution_confirmatory_20260710/s_curve_scaled/n8/seed6101/summaries/dnq_dlc_full_n8_seed6101.summary.json
dnq_nearest_neighbor,tracks/s_curve_scaled.npz,8,6101,1.0,0.0,0.0,0.12413793057203293,0.0,3,0.2,3,0.04,0.4690791667252779,outputs/tits_dynamic_graph_expanded/randomized_attribution_confirmatory_20260710/s_curve_scaled/n8/seed6101/summaries/dnq_nearest_neighbor_n8_seed6101.summary.json
dnq_w_o_dynamic_selection,tracks/s_curve_scaled.npz,8,6101,1.0,0.0,0.0,0.11724138259887695,0.0,4,0.20833333333333334,4,0.028333333333333332,0.40043214508021874,outputs/tits_dynamic_graph_expanded/randomized_attribution_confirmatory_20260710/s_curve_scaled/n8/seed6101/summaries/dnq_w_o_dynamic_selection_n8_seed6101.summary.json
dnq_w_o_handcrafted_candidates,tracks/s_curve_scaled.npz,8,6101,1.0,1.0,1.0,0.0,0.0,7,0.24166666666666667,4,0.0,0.24548367110313848,outputs/tits_dynamic_graph_expanded/randomized_attribution_confirmatory_20260710/s_curve_scaled/n8/seed6101/summaries/dnq_w_o_handcrafted_candidates_n8_seed6101.summary.json
dnq_w_o_hard_recovery,tracks/s_curve_scaled.npz,8,6101,0.0,0.0,0.0,0.09482758492231369,0.0,0,0.05,0,0.0,0.723929955114921,outputs/tits_dynamic_graph_expanded/randomized_attribution_confirmatory_20260710/s_curve_scaled/n8/seed6101/summaries/dnq_w_o_hard_recovery_n8_seed6101.summary.json
dnq_w_o_quality_proposal,tracks/s_curve_scaled.npz,8,6101,1.0,0.0,0.0,0.6206896305084229,0.0,7,0.26666666666666666,8,0.0,0.4949602964644631,outputs/tits_dynamic_graph_expanded/randomized_attribution_confirmatory_20260710/s_curve_scaled/n8/seed6101/summaries/dnq_w_o_quality_proposal_n8_seed6101.summary.json
dnq_w_o_risk_uncertainty,tracks/s_curve_scaled.npz,8,6101,1.0,0.0,0.0,0.1068965494632721,0.0,5,0.225,5,0.021666666666666667,0.4740130015234172,outputs/tits_dynamic_graph_expanded/randomized_attribution_confirmatory_20260710/s_curve_scaled/n8/seed6101/summaries/dnq_w_o_risk_uncertainty_n8_seed6101.summary.json
dnq_w_o_rule_anchor,tracks/s_curve_scaled.npz,8,6101,1.0,1.0,1.0,0.0,0.0,7,0.23333333333333334,12,0.0,0.5719880467963715,outputs/tits_dynamic_graph_expanded/randomized_attribution_confirmatory_20260710/s_curve_scaled/n8/seed6101/summaries/dnq_w_o_rule_anchor_n8_seed6101.summary.json
dnq_w_o_safety_quality,tracks/s_curve_scaled.npz,8,6101,1.0,0.0,0.0,0.8775861859321594,0.0,0,0.07916666666666666,2,0.0,0.6773118303716182,outputs/tits_dynamic_graph_expanded/randomized_attribution_confirmatory_20260710/s_curve_scaled/n8/seed6101/summaries/dnq_w_o_safety_quality_n8_seed6101.summary.json
dnq_dlc_full,tracks/s_curve_scaled.npz,8,6102,1.0,0.8571428571428571,0.8571428571428571,0.18103447556495667,0.0,4,0.2375,7,0.14833333333333334,0.42760194374248384,outputs/tits_dynamic_graph_expanded/randomized_attribution_confirmatory_20260710/s_curve_scaled/n8/seed6102/summaries/dnq_dlc_full_n8_seed6102.summary.json
dnq_nearest_neighbor,tracks/s_curve_scaled.npz,8,6102,1.0,1.0,1.0,0.0,0.0,4,0.24166666666666667,7,0.0,0.4614144160769259,outputs/tits_dynamic_graph_expanded/randomized_attribution_confirmatory_20260710/s_curve_scaled/n8/seed6102/summaries/dnq_nearest_neighbor_n8_seed6102.summary.json
dnq_w_o_dynamic_selection,tracks/s_curve_scaled.npz,8,6102,1.0,1.0,1.0,0.6517241597175598,0.0,3,0.06666666666666667,3,0.22833333333333333,0.6137472937814892,outputs/tits_dynamic_graph_expanded/randomized_attribution_confirmatory_20260710/s_curve_scaled/n8/seed6102/summaries/dnq_w_o_dynamic_selection_n8_seed6102.summary.json
dnq_w_o_handcrafted_candidates,tracks/s_curve_scaled.npz,8,6102,1.0,1.0,1.0,0.732758641242981,0.0,3,0.07083333333333333,6,0.695,0.2885202988733848,outputs/tits_dynamic_graph_expanded/randomized_attribution_confirmatory_20260710/s_curve_scaled/n8/seed6102/summaries/dnq_w_o_handcrafted_candidates_n8_seed6102.summary.json
dnq_w_o_hard_recovery,tracks/s_curve_scaled.npz,8,6102,1.0,0.8571428571428571,0.8571428571428571,0.11034482717514038,0.0,7,0.32916666666666666,7,0.0,0.5538720480837704,outputs/tits_dynamic_graph_expanded/randomized_attribution_confirmatory_20260710/s_curve_scaled/n8/seed6102/summaries/dnq_w_o_hard_recovery_n8_seed6102.summary.json
dnq_w_o_quality_proposal,tracks/s_curve_scaled.npz,8,6102,1.0,1.0,1.0,0.6017241477966309,0.0,2,0.17083333333333334,6,0.09166666666666666,0.5234755995683372,outputs/tits_dynamic_graph_expanded/randomized_attribution_confirmatory_20260710/s_curve_scaled/n8/seed6102/summaries/dnq_w_o_quality_proposal_n8_seed6102.summary.json
dnq_w_o_risk_uncertainty,tracks/s_curve_scaled.npz,8,6102,1.0,0.3333333333333333,0.3333333333333333,0.11379310488700867,0.0,6,0.2791666666666667,6,0.02666666666666667,0.5285966774309054,outputs/tits_dynamic_graph_expanded/randomized_attribution_confirmatory_20260710/s_curve_scaled/n8/seed6102/summaries/dnq_w_o_risk_uncertainty_n8_seed6102.summary.json
dnq_w_o_rule_anchor,tracks/s_curve_scaled.npz,8,6102,1.0,1.0,1.0,0.6620689630508423,0.0,1,0.125,6,0.345,0.7428260106345018,outputs/tits_dynamic_graph_expanded/randomized_attribution_confirmatory_20260710/s_curve_scaled/n8/seed6102/summaries/dnq_w_o_rule_anchor_n8_seed6102.summary.json
dnq_w_o_safety_quality,tracks/s_curve_scaled.npz,8,6102,1.0,0.0,0.0,0.6396551728248596,0.0,2,0.09166666666666666,2,0.0,0.6318179782666266,outputs/tits_dynamic_graph_expanded/randomized_attribution_confirmatory_20260710/s_curve_scaled/n8/seed6102/summaries/dnq_w_o_safety_quality_n8_seed6102.summary.json
dnq_dlc_full,tracks/s_curve_scaled.npz,8,6103,1.0,0.875,0.875,0.13793103396892548,0.0,3,0.2375,8,0.17166666666666666,0.38015439056480926,outputs/tits_dynamic_graph_expanded/randomized_attribution_confirmatory_20260710/s_curve_scaled/n8/seed6103/summaries/dnq_dlc_full_n8_seed6103.summary.json
dnq_nearest_neighbor,tracks/s_curve_scaled.npz,8,6103,1.0,1.0,1.0,0.07068965584039688,0.0,1,0.22916666666666666,3,0.025,0.394909403398633,outputs/tits_dynamic_graph_expanded/randomized_attribution_confirmatory_20260710/s_curve_scaled/n8/seed6103/summaries/dnq_nearest_neighbor_n8_seed6103.summary.json
dnq_w_o_dynamic_selection,tracks/s_curve_scaled.npz,8,6103,1.0,1.0,1.0,0.21724137663841248,0.0,1,0.20833333333333334,6,0.24,0.37733438540560504,outputs/tits_dynamic_graph_expanded/randomized_attribution_confirmatory_20260710/s_curve_scaled/n8/seed6103/summaries/dnq_w_o_dynamic_selection_n8_seed6103.summary.json
dnq_w_o_handcrafted_candidates,tracks/s_curve_scaled.npz,8,6103,1.0,1.0,1.0,0.26724138855934143,0.0,1,0.19166666666666668,4,0.023333333333333334,0.304568186601003,outputs/tits_dynamic_graph_expanded/randomized_attribution_confirmatory_20260710/s_curve_scaled/n8/seed6103/summaries/dnq_w_o_handcrafted_candidates_n8_seed6103.summary.json
dnq_w_o_hard_recovery,tracks/s_curve_scaled.npz,8,6103,1.0,1.0,1.0,0.01034482754766941,0.0,4,0.25833333333333336,13,0.0,0.4817501926422119,outputs/tits_dynamic_graph_expanded/randomized_attribution_confirmatory_20260710/s_curve_scaled/n8/seed6103/summaries/dnq_w_o_hard_recovery_n8_seed6103.summary.json
dnq_w_o_quality_proposal,tracks/s_curve_scaled.npz,8,6103,1.0,1.0,1.0,0.6465517282485962,0.0,1,0.10416666666666667,6,0.66,0.1926660137809813,outputs/tits_dynamic_graph_expanded/randomized_attribution_confirmatory_20260710/s_curve_scaled/n8/seed6103/summaries/dnq_w_o_quality_proposal_n8_seed6103.summary.json
dnq_w_o_risk_uncertainty,tracks/s_curve_scaled.npz,8,6103,1.0,0.3333333333333333,0.3333333333333333,0.13965517282485962,0.0,5,0.24583333333333332,9,0.04833333333333333,0.5197502467688173,outputs/tits_dynamic_graph_expanded/randomized_attribution_confirmatory_20260710/s_curve_scaled/n8/seed6103/summaries/dnq_w_o_risk_uncertainty_n8_seed6103.summary.json
dnq_w_o_rule_anchor,tracks/s_curve_scaled.npz,8,6103,1.0,1.0,1.0,0.0,0.0,4,0.25416666666666665,12,0.0,0.4931858140975237,outputs/tits_dynamic_graph_expanded/randomized_attribution_confirmatory_20260710/s_curve_scaled/n8/seed6103/summaries/dnq_w_o_rule_anchor_n8_seed6103.summary.json
dnq_w_o_safety_quality,tracks/s_curve_scaled.npz,8,6103,1.0,1.0,1.0,0.9482758641242981,0.0,0,0.0625,2,0.0,0.6999361537893614,outputs/tits_dynamic_graph_expanded/randomized_attribution_confirmatory_20260710/s_curve_scaled/n8/seed6103/summaries/dnq_w_o_safety_quality_n8_seed6103.summary.json
dnq_dlc_full,tracks/s_curve_scaled.npz,8,6104,1.0,1.0,1.0,0.9034482836723328,0.0,2,0.05416666666666667,2,0.705,0.234369546516488,outputs/tits_dynamic_graph_expanded/randomized_attribution_confirmatory_20260710/s_curve_scaled/n8/seed6104/summaries/dnq_dlc_full_n8_seed6104.summary.json
dnq_nearest_neighbor,tracks/s_curve_scaled.npz,8,6104,1.0,1.0,1.0,0.882758617401123,0.0,1,0.05,6,0.7816666666666666,0.35542823808888596,outputs/tits_dynamic_graph_expanded/randomized_attribution_confirmatory_20260710/s_curve_scaled/n8/seed6104/summaries/dnq_nearest_neighbor_n8_seed6104.summary.json
dnq_w_o_dynamic_selection,tracks/s_curve_scaled.npz,8,6104,1.0,1.0,1.0,0.732758641242981,0.0,1,0.07083333333333333,4,0.7466666666666667,0.39445970247189205,outputs/tits_dynamic_graph_expanded/randomized_attribution_confirmatory_20260710/s_curve_scaled/n8/seed6104/summaries/dnq_w_o_dynamic_selection_n8_seed6104.summary.json
dnq_w_o_handcrafted_candidates,tracks/s_curve_scaled.npz,8,6104,1.0,0.8181818181818182,0.8181818181818182,0.12413793057203293,0.0,6,0.2708333333333333,11,0.028333333333333332,0.44215361603846154,outputs/tits_dynamic_graph_expanded/randomized_attribution_confirmatory_20260710/s_curve_scaled/n8/seed6104/summaries/dnq_w_o_handcrafted_candidates_n8_seed6104.summary.json
dnq_w_o_hard_recovery,tracks/s_curve_scaled.npz,8,6104,1.0,1.0,1.0,0.9051724076271057,0.0,2,0.05,2,0.0,0.6980058797945579,outputs/tits_dynamic_graph_expanded/randomized_attribution_confirmatory_20260710/s_curve_scaled/n8/seed6104/summaries/dnq_w_o_hard_recovery_n8_seed6104.summary.json
dnq_w_o_quality_proposal,tracks/s_curve_scaled.npz,8,6104,1.0,0.0,0.0,0.42241379618644714,0.0,7,0.29583333333333334,7,0.0,0.49234980169431464,outputs/tits_dynamic_graph_expanded/randomized_attribution_confirmatory_20260710/s_curve_scaled/n8/seed6104/summaries/dnq_w_o_quality_proposal_n8_seed6104.summary.json
dnq_w_o_risk_uncertainty,tracks/s_curve_scaled.npz,8,6104,1.0,0.6,0.6,0.05517241358757019,0.0,5,0.24583333333333332,5,0.0,0.4669623011210933,outputs/tits_dynamic_graph_expanded/randomized_attribution_confirmatory_20260710/s_curve_scaled/n8/seed6104/summaries/dnq_w_o_risk_uncertainty_n8_seed6104.summary.json
dnq_w_o_rule_anchor,tracks/s_curve_scaled.npz,8,6104,1.0,1.0,1.0,0.1862068921327591,0.0,3,0.22916666666666666,2,0.075,0.6388851193711161,outputs/tits_dynamic_graph_expanded/randomized_attribution_confirmatory_20260710/s_curve_scaled/n8/seed6104/summaries/dnq_w_o_rule_anchor_n8_seed6104.summary.json
dnq_w_o_safety_quality,tracks/s_curve_scaled.npz,8,6104,1.0,1.0,1.0,0.8689655065536499,0.0,2,0.058333333333333334,2,0.0,0.6250751142576337,outputs/tits_dynamic_graph_expanded/randomized_attribution_confirmatory_20260710/s_curve_scaled/n8/seed6104/summaries/dnq_w_o_safety_quality_n8_seed6104.summary.json
dnq_dlc_full,tracks/s_curve_scaled.npz,8,6105,1.0,1.0,1.0,0.6706896424293518,0.0,2,0.10416666666666667,7,0.5116666666666667,0.31734245190396904,outputs/tits_dynamic_graph_expanded/randomized_attribution_confirmatory_20260710/s_curve_scaled/n8/seed6105/summaries/dnq_dlc_full_n8_seed6105.summary.json
dnq_nearest_neighbor,tracks/s_curve_scaled.npz,8,6105,1.0,0.0,0.0,0.3224138021469116,0.0,3,0.22083333333333333,2,0.0,0.5748452572555591,outputs/tits_dynamic_graph_expanded/randomized_attribution_confirmatory_20260710/s_curve_scaled/n8/seed6105/summaries/dnq_nearest_neighbor_n8_seed6105.summary.json
dnq_w_o_dynamic_selection,tracks/s_curve_scaled.npz,8,6105,1.0,0.0,0.0,0.21206896007061005,0.0,2,0.20833333333333334,2,0.021666666666666667,0.4827715165633708,outputs/tits_dynamic_graph_expanded/randomized_attribution_confirmatory_20260710/s_curve_scaled/n8/seed6105/summaries/dnq_w_o_dynamic_selection_n8_seed6105.summary.json
dnq_w_o_handcrafted_candidates,tracks/s_curve_scaled.npz,8,6105,1.0,1.0,1.0,0.4965517222881317,0.0,2,0.1125,2,0.12,0.28305382483328384,outputs/tits_dynamic_graph_expanded/randomized_attribution_confirmatory_20260710/s_curve_scaled/n8/seed6105/summaries/dnq_w_o_handcrafted_candidates_n8_seed6105.summary.json
dnq_w_o_hard_recovery,tracks/s_curve_scaled.npz,8,6105,1.0,0.0,0.0,0.7655172348022461,0.0,1,0.08333333333333333,1,0.0,0.6277626962882156,outputs/tits_dynamic_graph_expanded/randomized_attribution_confirmatory_20260710/s_curve_scaled/n8/seed6105/summaries/dnq_w_o_hard_recovery_n8_seed6105.summary.json
dnq_w_o_quality_proposal,tracks/s_curve_scaled.npz,8,6105,1.0,0.0,0.0,0.8327586054801941,0.0,1,0.09583333333333334,1,0.0,0.5737375602995356,outputs/tits_dynamic_graph_expanded/randomized_attribution_confirmatory_20260710/s_curve_scaled/n8/seed6105/summaries/dnq_w_o_quality_proposal_n8_seed6105.summary.json
dnq_w_o_risk_uncertainty,tracks/s_curve_scaled.npz,8,6105,1.0,0.2857142857142857,0.2857142857142857,0.2137930989265442,0.0,4,0.2625,7,0.06,0.4982977515924722,outputs/tits_dynamic_graph_expanded/randomized_attribution_confirmatory_20260710/s_curve_scaled/n8/seed6105/summaries/dnq_w_o_risk_uncertainty_n8_seed6105.summary.json
dnq_w_o_rule_anchor,tracks/s_curve_scaled.npz,8,6105,1.0,0.0,0.0,0.18103447556495667,0.0,2,0.22083333333333333,2,0.056666666666666664,0.6478556040115655,outputs/tits_dynamic_graph_expanded/randomized_attribution_confirmatory_20260710/s_curve_scaled/n8/seed6105/summaries/dnq_w_o_rule_anchor_n8_seed6105.summary.json
dnq_w_o_safety_quality,tracks/s_curve_scaled.npz,8,6105,1.0,0.0,0.0,0.5396551489830017,0.0,3,0.24166666666666667,6,0.0,0.6178999138126771,outputs/tits_dynamic_graph_expanded/randomized_attribution_confirmatory_20260710/s_curve_scaled/n8/seed6105/summaries/dnq_w_o_safety_quality_n8_seed6105.summary.json
dnq_dlc_full,tracks/s_curve_scaled.npz,8,6106,1.0,0.25,0.25,0.3293103575706482,0.0,6,0.26666666666666666,8,0.0,0.5385733572936927,outputs/tits_dynamic_graph_expanded/randomized_attribution_confirmatory_20260710/s_curve_scaled/n8/seed6106/summaries/dnq_dlc_full_n8_seed6106.summary.json
dnq_nearest_neighbor,tracks/s_curve_scaled.npz,8,6106,1.0,1.0,1.0,0.43103447556495667,0.0,0,0.09166666666666666,1,0.62,0.4204027726687491,outputs/tits_dynamic_graph_expanded/randomized_attribution_confirmatory_20260710/s_curve_scaled/n8/seed6106/summaries/dnq_nearest_neighbor_n8_seed6106.summary.json
dnq_w_o_dynamic_selection,tracks/s_curve_scaled.npz,8,6106,1.0,1.0,1.0,0.13965517282485962,0.0,4,0.19583333333333333,5,0.0,0.35748272717619933,outputs/tits_dynamic_graph_expanded/randomized_attribution_confirmatory_20260710/s_curve_scaled/n8/seed6106/summaries/dnq_w_o_dynamic_selection_n8_seed6106.summary.json
dnq_w_o_handcrafted_candidates,tracks/s_curve_scaled.npz,8,6106,1.0,1.0,1.0,0.23275862634181976,0.0,2,0.2,7,0.095,0.34776957554897914,outputs/tits_dynamic_graph_expanded/randomized_attribution_confirmatory_20260710/s_curve_scaled/n8/seed6106/summaries/dnq_w_o_handcrafted_candidates_n8_seed6106.summary.json
dnq_w_o_hard_recovery,tracks/s_curve_scaled.npz,8,6106,1.0,0.3,0.3,0.3741379380226135,0.0,7,0.275,10,0.0,0.5786820534965955,outputs/tits_dynamic_graph_expanded/randomized_attribution_confirmatory_20260710/s_curve_scaled/n8/seed6106/summaries/dnq_w_o_hard_recovery_n8_seed6106.summary.json
dnq_w_o_quality_proposal,tracks/s_curve_scaled.npz,8,6106,1.0,1.0,1.0,0.0,0.0,4,0.2125,7,0.0,0.4813480720544855,outputs/tits_dynamic_graph_expanded/randomized_attribution_confirmatory_20260710/s_curve_scaled/n8/seed6106/summaries/dnq_w_o_quality_proposal_n8_seed6106.summary.json
dnq_w_o_risk_uncertainty,tracks/s_curve_scaled.npz,8,6106,1.0,0.3333333333333333,0.3333333333333333,0.2862069010734558,0.0,4,0.19166666666666668,6,0.095,0.36097118897363545,outputs/tits_dynamic_graph_expanded/randomized_attribution_confirmatory_20260710/s_curve_scaled/n8/seed6106/summaries/dnq_w_o_risk_uncertainty_n8_seed6106.summary.json
dnq_w_o_rule_anchor,tracks/s_curve_scaled.npz,8,6106,1.0,1.0,1.0,0.0396551713347435,0.0,4,0.22916666666666666,5,0.0,0.5557737621789177,outputs/tits_dynamic_graph_expanded/randomized_attribution_confirmatory_20260710/s_curve_scaled/n8/seed6106/summaries/dnq_w_o_rule_anchor_n8_seed6106.summary.json
dnq_w_o_safety_quality,tracks/s_curve_scaled.npz,8,6106,1.0,1.0,1.0,0.9465517401695251,0.0,0,0.058333333333333334,2,0.0,0.6909986355652412,outputs/tits_dynamic_graph_expanded/randomized_attribution_confirmatory_20260710/s_curve_scaled/n8/seed6106/summaries/dnq_w_o_safety_quality_n8_seed6106.summary.json
dnq_dlc_full,tracks/s_curve_scaled.npz,8,6107,1.0,1.0,1.0,0.6137930750846863,0.0,2,0.1375,6,0.043333333333333335,0.48777581345910825,outputs/tits_dynamic_graph_expanded/randomized_attribution_confirmatory_20260710/s_curve_scaled/n8/seed6107/summaries/dnq_dlc_full_n8_seed6107.summary.json
dnq_nearest_neighbor,tracks/s_curve_scaled.npz,8,6107,1.0,1.0,1.0,0.2068965584039688,0.0,6,0.29583333333333334,7,0.005,0.6174977632363637,outputs/tits_dynamic_graph_expanded/randomized_attribution_confirmatory_20260710/s_curve_scaled/n8/seed6107/summaries/dnq_nearest_neighbor_n8_seed6107.summary.json
dnq_w_o_dynamic_selection,tracks/s_curve_scaled.npz,8,6107,1.0,1.0,1.0,0.5224137902259827,0.0,2,0.15833333333333333,7,0.21333333333333335,0.39824659443770843,outputs/tits_dynamic_graph_expanded/randomized_attribution_confirmatory_20260710/s_curve_scaled/n8/seed6107/summaries/dnq_w_o_dynamic_selection_n8_seed6107.summary.json
dnq_w_o_handcrafted_candidates,tracks/s_curve_scaled.npz,8,6107,1.0,1.0,1.0,0.37068966031074524,0.0,3,0.16666666666666666,2,0.0,0.2666741982847452,outputs/tits_dynamic_graph_expanded/randomized_attribution_confirmatory_20260710/s_curve_scaled/n8/seed6107/summaries/dnq_w_o_handcrafted_candidates_n8_seed6107.summary.json
dnq_w_o_hard_recovery,tracks/s_curve_scaled.npz,8,6107,1.0,1.0,1.0,0.798275887966156,0.0,1,0.1375,1,0.0,0.6191808805987239,outputs/tits_dynamic_graph_expanded/randomized_attribution_confirmatory_20260710/s_curve_scaled/n8/seed6107/summaries/dnq_w_o_hard_recovery_n8_seed6107.summary.json
dnq_w_o_quality_proposal,tracks/s_curve_scaled.npz,8,6107,0.0,0.0,0.0,0.8982758522033691,0.0,0,0.041666666666666664,0,0.0,0.5714525390416384,outputs/tits_dynamic_graph_expanded/randomized_attribution_confirmatory_20260710/s_curve_scaled/n8/seed6107/summaries/dnq_w_o_quality_proposal_n8_seed6107.summary.json
dnq_w_o_risk_uncertainty,tracks/s_curve_scaled.npz,8,6107,1.0,0.0,0.0,0.24827586114406586,0.0,4,0.25,4,0.058333333333333334,0.518190440669035,outputs/tits_dynamic_graph_expanded/randomized_attribution_confirmatory_20260710/s_curve_scaled/n8/seed6107/summaries/dnq_w_o_risk_uncertainty_n8_seed6107.summary.json
dnq_w_o_rule_anchor,tracks/s_curve_scaled.npz,8,6107,1.0,0.0,0.0,0.1431034505367279,0.0,2,0.22916666666666666,5,0.035,0.5947975225963941,outputs/tits_dynamic_graph_expanded/randomized_attribution_confirmatory_20260710/s_curve_scaled/n8/seed6107/summaries/dnq_w_o_rule_anchor_n8_seed6107.summary.json
dnq_w_o_safety_quality,tracks/s_curve_scaled.npz,8,6107,1.0,0.0,0.0,0.3137930929660797,0.0,3,0.24583333333333332,9,0.0,0.57563158139276,outputs/tits_dynamic_graph_expanded/randomized_attribution_confirmatory_20260710/s_curve_scaled/n8/seed6107/summaries/dnq_w_o_safety_quality_n8_seed6107.summary.json
dnq_dlc_full,tracks/s_curve_scaled.npz,8,6108,1.0,1.0,1.0,0.33448275923728943,0.0,5,0.2125,6,0.0,0.5466115461631368,outputs/tits_dynamic_graph_expanded/randomized_attribution_confirmatory_20260710/s_curve_scaled/n8/seed6108/summaries/dnq_dlc_full_n8_seed6108.summary.json
dnq_nearest_neighbor,tracks/s_curve_scaled.npz,8,6108,1.0,1.0,1.0,0.20172414183616638,0.0,5,0.22916666666666666,6,0.028333333333333332,0.5572068431973457,outputs/tits_dynamic_graph_expanded/randomized_attribution_confirmatory_20260710/s_curve_scaled/n8/seed6108/summaries/dnq_nearest_neighbor_n8_seed6108.summary.json
dnq_w_o_dynamic_selection,tracks/s_curve_scaled.npz,8,6108,1.0,1.0,1.0,0.0,0.0,7,0.30416666666666664,6,0.0,0.43449007730931044,outputs/tits_dynamic_graph_expanded/randomized_attribution_confirmatory_20260710/s_curve_scaled/n8/seed6108/summaries/dnq_w_o_dynamic_selection_n8_seed6108.summary.json
dnq_w_o_handcrafted_candidates,tracks/s_curve_scaled.npz,8,6108,1.0,1.0,1.0,0.43448275327682495,0.0,3,0.22083333333333333,6,0.03833333333333333,0.560555892761331,outputs/tits_dynamic_graph_expanded/randomized_attribution_confirmatory_20260710/s_curve_scaled/n8/seed6108/summaries/dnq_w_o_handcrafted_candidates_n8_seed6108.summary.json
dnq_w_o_hard_recovery,tracks/s_curve_scaled.npz,8,6108,1.0,1.0,1.0,0.8603448271751404,0.0,2,0.0625,6,0.0,0.6400360717782557,outputs/tits_dynamic_graph_expanded/randomized_attribution_confirmatory_20260710/s_curve_scaled/n8/seed6108/summaries/dnq_w_o_hard_recovery_n8_seed6108.summary.json
dnq_w_o_quality_proposal,tracks/s_curve_scaled.npz,8,6108,1.0,1.0,1.0,0.33965516090393066,0.0,3,0.2,7,0.0,0.4048214326861004,outputs/tits_dynamic_graph_expanded/randomized_attribution_confirmatory_20260710/s_curve_scaled/n8/seed6108/summaries/dnq_w_o_quality_proposal_n8_seed6108.summary.json
dnq_w_o_risk_uncertainty,tracks/s_curve_scaled.npz,8,6108,1.0,1.0,1.0,0.6086207032203674,0.0,4,0.15833333333333333,6,0.49,0.4190450836159289,outputs/tits_dynamic_graph_expanded/randomized_attribution_confirmatory_20260710/s_curve_scaled/n8/seed6108/summaries/dnq_w_o_risk_uncertainty_n8_seed6108.summary.json
dnq_w_o_rule_anchor,tracks/s_curve_scaled.npz,8,6108,1.0,1.0,1.0,0.41551724076271057,0.0,4,0.19166666666666668,6,0.14666666666666667,0.6515594638170054,outputs/tits_dynamic_graph_expanded/randomized_attribution_confirmatory_20260710/s_curve_scaled/n8/seed6108/summaries/dnq_w_o_rule_anchor_n8_seed6108.summary.json
dnq_w_o_safety_quality,tracks/s_curve_scaled.npz,8,6108,1.0,0.6666666666666666,0.6666666666666666,0.5534482598304749,0.0,3,0.2375,9,0.0,0.6481914055192223,outputs/tits_dynamic_graph_expanded/randomized_attribution_confirmatory_20260710/s_curve_scaled/n8/seed6108/summaries/dnq_w_o_safety_quality_n8_seed6108.summary.json
