evaluation_seed,algorithm,training_seed,success,desirable_rate,target_grass_rate,rank_gain,completion_time,policy,source_suite
9801,v6_runtime_dynamic_neighborhood_safe,,1,0.0,0.9169724583625793,1.0,51.0,outputs/tits_dynamic_graph/models/ours_dynamic_graph_dlc_world/graph_risk_dlc_world.graphworld.pt,outputs/tits_dynamic_graph_expanded/dlc_jto_checkpoint_generalization_20260716/matched_eval/seed9801/online_suite_n4_seed9801.json
9801,rule_expert_gate,,0,0.0,0.8642202019691467,0.0,,telemetry_expert_gate,outputs/tits_dynamic_graph_expanded/dlc_jto_checkpoint_generalization_20260716/matched_eval/seed9801/online_suite_n4_seed9801.json
9801,dlc_jto_train_seed0,0.0,0,0.0,0.29174312949180603,0.0,,outputs/tits_dynamic_graph_expanded/paper_dlc_baselines_training/seed_0/models/joint_transition_observer.pt,outputs/tits_dynamic_graph_expanded/dlc_jto_checkpoint_generalization_20260716/matched_eval/seed9801/online_suite_n4_seed9801.json
9801,dlc_jto_train_seed1,1.0,0,0.0,0.2912844121456146,0.0,,outputs/tits_dynamic_graph_expanded/paper_dlc_baselines_training/seed_1/models/joint_transition_observer.pt,outputs/tits_dynamic_graph_expanded/dlc_jto_checkpoint_generalization_20260716/matched_eval/seed9801/online_suite_n4_seed9801.json
9801,dlc_jto_train_seed2,2.0,0,0.0,0.7298164963722229,0.0,,outputs/tits_dynamic_graph_expanded/paper_dlc_baselines_training/seed_2/models/joint_transition_observer.pt,outputs/tits_dynamic_graph_expanded/dlc_jto_checkpoint_generalization_20260716/matched_eval/seed9801/online_suite_n4_seed9801.json
9801,dlc_jto_train_seed3,3.0,0,0.0,0.0,0.0,,outputs/tits_dynamic_graph_expanded/paper_dlc_baselines_training/seed_3/models/joint_transition_observer.pt,outputs/tits_dynamic_graph_expanded/dlc_jto_checkpoint_generalization_20260716/matched_eval/seed9801/online_suite_n4_seed9801.json
9802,v6_runtime_dynamic_neighborhood_safe,,0,0.0,0.6596330404281616,0.0,,outputs/tits_dynamic_graph/models/ours_dynamic_graph_dlc_world/graph_risk_dlc_world.graphworld.pt,outputs/tits_dynamic_graph_expanded/dlc_jto_checkpoint_generalization_20260716/matched_eval/seed9802/online_suite_n4_seed9802.json
9802,rule_expert_gate,,0,0.0,0.24678899347782135,3.0,,telemetry_expert_gate,outputs/tits_dynamic_graph_expanded/dlc_jto_checkpoint_generalization_20260716/matched_eval/seed9802/online_suite_n4_seed9802.json
9802,dlc_jto_train_seed0,0.0,0,0.0,0.8724770545959473,0.0,,outputs/tits_dynamic_graph_expanded/paper_dlc_baselines_training/seed_0/models/joint_transition_observer.pt,outputs/tits_dynamic_graph_expanded/dlc_jto_checkpoint_generalization_20260716/matched_eval/seed9802/online_suite_n4_seed9802.json
9802,dlc_jto_train_seed1,1.0,0,0.0,0.8692660331726074,0.0,,outputs/tits_dynamic_graph_expanded/paper_dlc_baselines_training/seed_1/models/joint_transition_observer.pt,outputs/tits_dynamic_graph_expanded/dlc_jto_checkpoint_generalization_20260716/matched_eval/seed9802/online_suite_n4_seed9802.json
9802,dlc_jto_train_seed2,2.0,0,0.0,0.9018348455429077,0.0,,outputs/tits_dynamic_graph_expanded/paper_dlc_baselines_training/seed_2/models/joint_transition_observer.pt,outputs/tits_dynamic_graph_expanded/dlc_jto_checkpoint_generalization_20260716/matched_eval/seed9802/online_suite_n4_seed9802.json
9802,dlc_jto_train_seed3,3.0,0,0.0,0.5256880521774292,0.0,,outputs/tits_dynamic_graph_expanded/paper_dlc_baselines_training/seed_3/models/joint_transition_observer.pt,outputs/tits_dynamic_graph_expanded/dlc_jto_checkpoint_generalization_20260716/matched_eval/seed9802/online_suite_n4_seed9802.json
9803,v6_runtime_dynamic_neighborhood_safe,,1,0.0,0.43119266629219055,2.0,123.0,outputs/tits_dynamic_graph/models/ours_dynamic_graph_dlc_world/graph_risk_dlc_world.graphworld.pt,outputs/tits_dynamic_graph_expanded/dlc_jto_checkpoint_generalization_20260716/matched_eval/seed9803/online_suite_n4_seed9803.json
9803,rule_expert_gate,,1,0.5,0.18853211402893066,3.0,27.0,telemetry_expert_gate,outputs/tits_dynamic_graph_expanded/dlc_jto_checkpoint_generalization_20260716/matched_eval/seed9803/online_suite_n4_seed9803.json
9803,dlc_jto_train_seed0,0.0,0,0.0,0.5816513895988464,0.0,,outputs/tits_dynamic_graph_expanded/paper_dlc_baselines_training/seed_0/models/joint_transition_observer.pt,outputs/tits_dynamic_graph_expanded/dlc_jto_checkpoint_generalization_20260716/matched_eval/seed9803/online_suite_n4_seed9803.json
9803,dlc_jto_train_seed1,1.0,0,0.0,0.5816513895988464,0.0,,outputs/tits_dynamic_graph_expanded/paper_dlc_baselines_training/seed_1/models/joint_transition_observer.pt,outputs/tits_dynamic_graph_expanded/dlc_jto_checkpoint_generalization_20260716/matched_eval/seed9803/online_suite_n4_seed9803.json
9803,dlc_jto_train_seed2,2.0,0,0.0,0.8142201900482178,0.0,,outputs/tits_dynamic_graph_expanded/paper_dlc_baselines_training/seed_2/models/joint_transition_observer.pt,outputs/tits_dynamic_graph_expanded/dlc_jto_checkpoint_generalization_20260716/matched_eval/seed9803/online_suite_n4_seed9803.json
9803,dlc_jto_train_seed3,3.0,0,0.0,0.567889928817749,0.0,,outputs/tits_dynamic_graph_expanded/paper_dlc_baselines_training/seed_3/models/joint_transition_observer.pt,outputs/tits_dynamic_graph_expanded/dlc_jto_checkpoint_generalization_20260716/matched_eval/seed9803/online_suite_n4_seed9803.json
9804,v6_runtime_dynamic_neighborhood_safe,,1,0.0,0.5371559858322144,0.0,50.0,outputs/tits_dynamic_graph/models/ours_dynamic_graph_dlc_world/graph_risk_dlc_world.graphworld.pt,outputs/tits_dynamic_graph_expanded/dlc_jto_checkpoint_generalization_20260716/matched_eval/seed9804/online_suite_n4_seed9804.json
9804,rule_expert_gate,,1,0.0,0.1385321170091629,3.0,44.0,telemetry_expert_gate,outputs/tits_dynamic_graph_expanded/dlc_jto_checkpoint_generalization_20260716/matched_eval/seed9804/online_suite_n4_seed9804.json
9804,dlc_jto_train_seed0,0.0,0,0.0,0.5802752375602722,0.0,,outputs/tits_dynamic_graph_expanded/paper_dlc_baselines_training/seed_0/models/joint_transition_observer.pt,outputs/tits_dynamic_graph_expanded/dlc_jto_checkpoint_generalization_20260716/matched_eval/seed9804/online_suite_n4_seed9804.json
9804,dlc_jto_train_seed1,1.0,0,0.0,0.5798165202140808,0.0,,outputs/tits_dynamic_graph_expanded/paper_dlc_baselines_training/seed_1/models/joint_transition_observer.pt,outputs/tits_dynamic_graph_expanded/dlc_jto_checkpoint_generalization_20260716/matched_eval/seed9804/online_suite_n4_seed9804.json
9804,dlc_jto_train_seed2,2.0,0,0.0,0.8096330165863037,0.0,,outputs/tits_dynamic_graph_expanded/paper_dlc_baselines_training/seed_2/models/joint_transition_observer.pt,outputs/tits_dynamic_graph_expanded/dlc_jto_checkpoint_generalization_20260716/matched_eval/seed9804/online_suite_n4_seed9804.json
9804,dlc_jto_train_seed3,3.0,0,0.0,0.5706421732902527,0.0,,outputs/tits_dynamic_graph_expanded/paper_dlc_baselines_training/seed_3/models/joint_transition_observer.pt,outputs/tits_dynamic_graph_expanded/dlc_jto_checkpoint_generalization_20260716/matched_eval/seed9804/online_suite_n4_seed9804.json
9805,v6_runtime_dynamic_neighborhood_safe,,1,0.4,0.6559633016586304,1.0,177.0,outputs/tits_dynamic_graph/models/ours_dynamic_graph_dlc_world/graph_risk_dlc_world.graphworld.pt,outputs/tits_dynamic_graph_expanded/dlc_jto_checkpoint_generalization_20260716/matched_eval/seed9805/online_suite_n4_seed9805.json
9805,rule_expert_gate,,1,1.0,0.7729358077049255,1.0,27.0,telemetry_expert_gate,outputs/tits_dynamic_graph_expanded/dlc_jto_checkpoint_generalization_20260716/matched_eval/seed9805/online_suite_n4_seed9805.json
9805,dlc_jto_train_seed0,0.0,0,0.0,0.5646789073944092,0.0,,outputs/tits_dynamic_graph_expanded/paper_dlc_baselines_training/seed_0/models/joint_transition_observer.pt,outputs/tits_dynamic_graph_expanded/dlc_jto_checkpoint_generalization_20260716/matched_eval/seed9805/online_suite_n4_seed9805.json
9805,dlc_jto_train_seed1,1.0,0,0.0,0.5642201900482178,0.0,,outputs/tits_dynamic_graph_expanded/paper_dlc_baselines_training/seed_1/models/joint_transition_observer.pt,outputs/tits_dynamic_graph_expanded/dlc_jto_checkpoint_generalization_20260716/matched_eval/seed9805/online_suite_n4_seed9805.json
9805,dlc_jto_train_seed2,2.0,0,0.0,0.7853211164474487,0.0,,outputs/tits_dynamic_graph_expanded/paper_dlc_baselines_training/seed_2/models/joint_transition_observer.pt,outputs/tits_dynamic_graph_expanded/dlc_jto_checkpoint_generalization_20260716/matched_eval/seed9805/online_suite_n4_seed9805.json
9805,dlc_jto_train_seed3,3.0,0,0.0,0.45688074827194214,0.0,,outputs/tits_dynamic_graph_expanded/paper_dlc_baselines_training/seed_3/models/joint_transition_observer.pt,outputs/tits_dynamic_graph_expanded/dlc_jto_checkpoint_generalization_20260716/matched_eval/seed9805/online_suite_n4_seed9805.json
9806,v6_runtime_dynamic_neighborhood_safe,,1,0.0,0.43027523159980774,1.0,701.0,outputs/tits_dynamic_graph/models/ours_dynamic_graph_dlc_world/graph_risk_dlc_world.graphworld.pt,outputs/tits_dynamic_graph_expanded/dlc_jto_checkpoint_generalization_20260716/matched_eval/seed9806/online_suite_n4_seed9806.json
9806,rule_expert_gate,,1,1.0,0.7912843823432922,1.0,27.0,telemetry_expert_gate,outputs/tits_dynamic_graph_expanded/dlc_jto_checkpoint_generalization_20260716/matched_eval/seed9806/online_suite_n4_seed9806.json
9806,dlc_jto_train_seed0,0.0,0,0.0,0.565596342086792,0.0,,outputs/tits_dynamic_graph_expanded/paper_dlc_baselines_training/seed_0/models/joint_transition_observer.pt,outputs/tits_dynamic_graph_expanded/dlc_jto_checkpoint_generalization_20260716/matched_eval/seed9806/online_suite_n4_seed9806.json
9806,dlc_jto_train_seed1,1.0,0,0.0,0.565596342086792,0.0,,outputs/tits_dynamic_graph_expanded/paper_dlc_baselines_training/seed_1/models/joint_transition_observer.pt,outputs/tits_dynamic_graph_expanded/dlc_jto_checkpoint_generalization_20260716/matched_eval/seed9806/online_suite_n4_seed9806.json
9806,dlc_jto_train_seed2,2.0,0,0.0,0.8110091686248779,0.0,,outputs/tits_dynamic_graph_expanded/paper_dlc_baselines_training/seed_2/models/joint_transition_observer.pt,outputs/tits_dynamic_graph_expanded/dlc_jto_checkpoint_generalization_20260716/matched_eval/seed9806/online_suite_n4_seed9806.json
9806,dlc_jto_train_seed3,3.0,0,0.0,0.5004587173461914,0.0,,outputs/tits_dynamic_graph_expanded/paper_dlc_baselines_training/seed_3/models/joint_transition_observer.pt,outputs/tits_dynamic_graph_expanded/dlc_jto_checkpoint_generalization_20260716/matched_eval/seed9806/online_suite_n4_seed9806.json
9807,v6_runtime_dynamic_neighborhood_safe,,1,0.5,0.19266055524349213,1.0,689.0,outputs/tits_dynamic_graph/models/ours_dynamic_graph_dlc_world/graph_risk_dlc_world.graphworld.pt,outputs/tits_dynamic_graph_expanded/dlc_jto_checkpoint_generalization_20260716/matched_eval/seed9807/online_suite_n4_seed9807.json
9807,rule_expert_gate,,1,0.0,0.7472476959228516,1.0,59.0,telemetry_expert_gate,outputs/tits_dynamic_graph_expanded/dlc_jto_checkpoint_generalization_20260716/matched_eval/seed9807/online_suite_n4_seed9807.json
9807,dlc_jto_train_seed0,0.0,0,0.0,0.210550457239151,0.0,,outputs/tits_dynamic_graph_expanded/paper_dlc_baselines_training/seed_0/models/joint_transition_observer.pt,outputs/tits_dynamic_graph_expanded/dlc_jto_checkpoint_generalization_20260716/matched_eval/seed9807/online_suite_n4_seed9807.json
9807,dlc_jto_train_seed1,1.0,0,0.0,0.2100917398929596,0.0,,outputs/tits_dynamic_graph_expanded/paper_dlc_baselines_training/seed_1/models/joint_transition_observer.pt,outputs/tits_dynamic_graph_expanded/dlc_jto_checkpoint_generalization_20260716/matched_eval/seed9807/online_suite_n4_seed9807.json
9807,dlc_jto_train_seed2,2.0,0,0.0,0.7032110095024109,0.0,,outputs/tits_dynamic_graph_expanded/paper_dlc_baselines_training/seed_2/models/joint_transition_observer.pt,outputs/tits_dynamic_graph_expanded/dlc_jto_checkpoint_generalization_20260716/matched_eval/seed9807/online_suite_n4_seed9807.json
9807,dlc_jto_train_seed3,3.0,0,0.0,0.0,0.0,,outputs/tits_dynamic_graph_expanded/paper_dlc_baselines_training/seed_3/models/joint_transition_observer.pt,outputs/tits_dynamic_graph_expanded/dlc_jto_checkpoint_generalization_20260716/matched_eval/seed9807/online_suite_n4_seed9807.json
9808,v6_runtime_dynamic_neighborhood_safe,,1,0.5,0.46376147866249084,0.0,164.0,outputs/tits_dynamic_graph/models/ours_dynamic_graph_dlc_world/graph_risk_dlc_world.graphworld.pt,outputs/tits_dynamic_graph_expanded/dlc_jto_checkpoint_generalization_20260716/matched_eval/seed9808/online_suite_n4_seed9808.json
9808,rule_expert_gate,,1,1.0,0.7821100950241089,0.0,28.0,telemetry_expert_gate,outputs/tits_dynamic_graph_expanded/dlc_jto_checkpoint_generalization_20260716/matched_eval/seed9808/online_suite_n4_seed9808.json
9808,dlc_jto_train_seed0,0.0,0,0.0,0.5651376247406006,0.0,,outputs/tits_dynamic_graph_expanded/paper_dlc_baselines_training/seed_0/models/joint_transition_observer.pt,outputs/tits_dynamic_graph_expanded/dlc_jto_checkpoint_generalization_20260716/matched_eval/seed9808/online_suite_n4_seed9808.json
9808,dlc_jto_train_seed1,1.0,0,0.0,0.5646789073944092,0.0,,outputs/tits_dynamic_graph_expanded/paper_dlc_baselines_training/seed_1/models/joint_transition_observer.pt,outputs/tits_dynamic_graph_expanded/dlc_jto_checkpoint_generalization_20260716/matched_eval/seed9808/online_suite_n4_seed9808.json
9808,dlc_jto_train_seed2,2.0,0,0.0,0.7733945250511169,0.0,,outputs/tits_dynamic_graph_expanded/paper_dlc_baselines_training/seed_2/models/joint_transition_observer.pt,outputs/tits_dynamic_graph_expanded/dlc_jto_checkpoint_generalization_20260716/matched_eval/seed9808/online_suite_n4_seed9808.json
9808,dlc_jto_train_seed3,3.0,0,0.0,0.5357798337936401,0.0,,outputs/tits_dynamic_graph_expanded/paper_dlc_baselines_training/seed_3/models/joint_transition_observer.pt,outputs/tits_dynamic_graph_expanded/dlc_jto_checkpoint_generalization_20260716/matched_eval/seed9808/online_suite_n4_seed9808.json
