experiment_id,algorithm,reference,n_paired,d_race_speed_mean_mean,d_race_speed_mean_ci_low,d_race_speed_mean_ci_high,d_race_speed_mean_crosses_zero,d_race_speed_p10_mean,d_race_speed_p10_ci_low,d_race_speed_p10_ci_high,d_race_speed_p10_crosses_zero,d_race_lat_mean_mean,d_race_lat_mean_ci_low,d_race_lat_mean_ci_high,d_race_lat_mean_crosses_zero,d_race_lat_p90_mean,d_race_lat_p90_ci_low,d_race_lat_p90_ci_high,d_race_lat_p90_crosses_zero,d_target_lat_mean_mean,d_target_lat_mean_ci_low,d_target_lat_mean_ci_high,d_target_lat_mean_crosses_zero,d_target_lat_p90_mean,d_target_lat_p90_ci_low,d_target_lat_p90_ci_high,d_target_lat_p90_crosses_zero,d_target_lat_max_mean,d_target_lat_max_ci_low,d_target_lat_max_ci_high,d_target_lat_max_crosses_zero,d_target_grass_fraction_mean,d_target_grass_fraction_ci_low,d_target_grass_fraction_ci_high,d_target_grass_fraction_crosses_zero,d_target_contact_steps_mean,d_target_contact_steps_ci_low,d_target_contact_steps_ci_high,d_target_contact_steps_crosses_zero,d_episode_min_pair_gap_mean,d_episode_min_pair_gap_ci_low,d_episode_min_pair_gap_ci_high,d_episode_min_pair_gap_crosses_zero,d_guard_fraction_episode_mean,d_guard_fraction_episode_ci_low,d_guard_fraction_episode_ci_high,d_guard_fraction_episode_crosses_zero,d_best_lead_any_mean,d_best_lead_any_ci_low,d_best_lead_any_ci_high,d_best_lead_any_crosses_zero,d_lead_margin_to_pass_gate_mean,d_lead_margin_to_pass_gate_ci_low,d_lead_margin_to_pass_gate_ci_high,d_lead_margin_to_pass_gate_crosses_zero,d_neighbor_admitted_mean_mean,d_neighbor_admitted_mean_ci_low,d_neighbor_admitted_mean_ci_high,d_neighbor_admitted_mean_crosses_zero,d_neighbor_churn_rate_mean,d_neighbor_churn_rate_ci_low,d_neighbor_churn_rate_ci_high,d_neighbor_churn_rate_crosses_zero,d_neighbor_distinct_total_mean,d_neighbor_distinct_total_ci_low,d_neighbor_distinct_total_ci_high,d_neighbor_distinct_total_crosses_zero,d_neighbor_residence_mean_mean,d_neighbor_residence_mean_ci_low,d_neighbor_residence_mean_ci_high,d_neighbor_residence_mean_crosses_zero
M4_sparse,dlc_individual_transition,ours_dnq_dlc,12,-8.73422096664837,-13.238093035999905,-4.133715549165509,False,-6.12455758663561,-9.69551965282085,-2.3487347288307747,False,0.7112809325339765,0.22855226239439544,1.1698971431265013,False,0.7560195914159213,-0.2490551221556971,1.645941170463338,True,0.7138193695912927,0.26482294358784747,1.1397416817600796,False,0.8169551158944763,-0.15324935673425608,1.6721559316602836,True,-0.11529701451460521,-1.150501285865903,0.7559685483574861,True,0.4696212121212122,0.25287689393939394,0.6652272727272727,False,-13.666666666666666,-89.5,51.66874999999982,True,0.8825367207247354,0.26794327934893664,1.5016088180164604,False,-0.06806818181818182,-0.09102272727272727,-0.045909090909090906,False,-253.1666651393043,-298.0833345364123,-204.7499958337876,False,-253.1666651393043,-298.0833345364123,-204.7499958337876,False,nan,nan,nan,,nan,nan,nan,,nan,nan,nan,,nan,nan,nan,
M4_sparse,dlc_joint_transition,ours_dnq_dlc,12,-4.766927525448415,-8.061250635451161,-1.5293501074860503,False,-3.562138015626747,-6.2717788912988155,-0.6796322799362285,False,1.113210093677816,0.7718429329436638,1.4146795466446784,False,1.4933188070853545,0.565344141758978,2.1206367635478567,False,1.0279357837517225,0.7388733742046592,1.2850470395716236,False,1.5408197904626526,0.6519805376480021,2.1341762516895924,False,0.5299850602944692,-0.518348566070199,1.2873796297858158,True,0.6381818181818182,0.5496581439393939,0.7236003787878786,False,33.416666666666664,-73.83333333333333,157.7541666666663,True,0.9667004249505013,0.4494796519692313,1.5090745829506929,False,-0.06806818181818182,-0.09102272727272727,-0.045909090909090906,False,-237.99999998390612,-285.54166821872644,-189.8749979588247,False,-237.99999998390612,-285.54166821872644,-189.8749979588247,False,nan,nan,nan,,nan,nan,nan,,nan,nan,nan,,nan,nan,nan,
M4_sparse,dlc_joint_transition_observer,ours_dnq_dlc,12,-2.426388037095164,-4.493186489883578,-0.037198451958652526,False,-2.612611805147491,-5.457846415923908,0.3177958589920908,True,1.387819021704579,0.929278122369847,1.761160403839328,False,2.0790071601668996,1.378345265102883,2.6393758877242597,False,1.2229283003012101,0.8293532654313787,1.537865987446157,False,2.0392222464084626,1.401091938205063,2.5373704466347893,False,2.21097997824351,1.113125743965308,3.456967512890695,False,0.5643939393939394,0.4139753787878787,0.6811373106060605,False,105.75,-90.41875,424.3333333333333,True,0.6494002093701224,-0.005756608323254199,1.3368257984968637,True,-0.06806818181818182,-0.09102272727272727,-0.045909090909090906,False,-211.74999772087094,-253.4583326147469,-170.0416596707203,False,-211.74999772087094,-253.4583326147469,-170.0416596707203,False,nan,nan,nan,,nan,nan,nan,,nan,nan,nan,,nan,nan,nan,
M4_sparse,ppo_continuous,ours_dnq_dlc,12,-0.9439530044402803,-8.544661834906162,7.094774491052749,True,0.31752207312902686,-6.3580795670413295,7.7201646618853745,True,7.164060892680113,2.454228535648375,14.195294591612868,False,12.152240662276746,3.4783564438174173,25.338714226099338,False,6.307136813495522,2.2164429162014194,12.383470476239943,False,12.134495746592682,3.5391585615773997,25.23911412568142,False,13.413681497176489,4.547106094037494,26.59448980453113,False,0.6093939393939393,0.3926117424242424,0.7809469696969699,False,448.0833333333333,-96.5,1017.8354166666666,True,1.3169007495759908,0.6499193477205779,2.0505681707734515,False,-0.06806818181818182,-0.09102272727272727,-0.045909090909090906,False,-235.3749974401669,-278.54166565855763,-192.20833017373684,False,-235.3749974401669,-278.54166565855763,-192.20833017373684,False,nan,nan,nan,,nan,nan,nan,,nan,nan,nan,,nan,nan,nan,
M4_sparse,rule_expert_gate,ours_dnq_dlc,12,-1.7519553916651194,-4.431918343861146,1.0228266824697916,True,-0.6792575531159845,-3.4824815052429643,2.4566771387974407,True,1.0808512594961652,-0.28305314187503455,3.101284914892806,True,2.192411191016436,-0.2426626654341815,5.0384229957715885,True,0.9060139524818048,-0.26780305260264287,2.64495447560629,True,2.1666480256865426,-0.22946197664675616,4.99141919316103,True,2.1001157437761626,-0.2620687674731016,4.678084693786991,True,0.1450378787878788,-0.0009479166666666627,0.2996969696969697,True,1022.6666666666666,609.325,1449.4166666666667,False,-0.1346737505919555,-0.767315872326198,0.5294580244554596,True,-0.06806818181818182,-0.09102272727272727,-0.045909090909090906,False,-68.83333415328629,-149.33333146822372,11.083331042101761,True,-68.83333415328629,-149.33333146822372,11.083331042101761,True,nan,nan,nan,,nan,nan,nan,,nan,nan,nan,,nan,nan,nan,
M4_sparse,sac_continuous,ours_dnq_dlc,12,-15.568440134891278,-17.628307222965233,-12.986158696465992,False,-10.519345060487534,-12.633874622357366,-8.194971853397623,False,6.7351391212466885,5.697052752672551,7.568968287336134,False,6.462076156338056,5.18928054223458,7.510927816182372,False,6.093223292302775,5.1402807905206735,6.846741272529532,False,6.521288160979748,5.286416622760395,7.549582308282452,False,5.560610800981522,4.19898546251158,6.74641880095005,False,0.7508712121212122,0.6304138257575759,0.8464015151515153,False,-94.58333333333333,-144.50208333333333,-53.75,False,3.583269841892695,3.2191728125901693,3.9545963224427534,False,-0.06806818181818182,-0.09102272727272727,-0.045909090909090906,False,-265.9999978732596,-312.37499678731257,-215.24999703015345,False,-265.9999978732596,-312.37499678731257,-215.24999703015345,False,nan,nan,nan,,nan,nan,nan,,nan,nan,nan,,nan,nan,nan,
M4_sparse,td3_continuous,ours_dnq_dlc,12,-14.997034108734548,-16.908659021939993,-12.609032382322615,False,-10.519345060487533,-12.633874622357364,-8.194971853397623,False,1.4220203511719323,1.117919306134105,1.6736153015640511,False,1.0693463355302806,0.15633927676826656,1.679227668493985,False,1.2025492942758393,0.9485262639947806,1.4085463522827617,False,1.1241422201196347,0.24890788442144757,1.7093615920220808,False,0.03846092025438944,-0.9894226414461931,0.7991356659680602,True,0.5773863636363638,0.4967424242424243,0.6475397727272725,False,-94.58333333333333,-144.50208333333333,-53.75,False,3.5960295265742435,3.232621555770809,3.965740238511001,False,-0.06806818181818182,-0.09102272727272727,-0.045909090909090906,False,-267.1666650422436,-312.9583336659693,-217.29166196741252,False,-267.1666650422436,-312.9583336659693,-217.29166196741252,False,nan,nan,nan,,nan,nan,nan,,nan,nan,nan,,nan,nan,nan,
M6_dense,dlc_individual_transition,ours_dnq_dlc,12,-3.47669291154199,-6.406627577821829,-0.2945369658586515,False,-2.635348754460542,-5.695140321446599,0.7739089425578827,True,0.20993259413374113,-0.20595283237847004,0.7490168351979489,True,0.51804724385341,-0.39996163348356883,1.5903555968031282,True,0.16103286903628045,-0.19714932875549918,0.6286880303543793,True,0.5264587904016177,-0.38198793848355617,1.5843674874057363,True,0.14868373175462088,-0.8619308260579904,1.3038881755123535,True,0.05011363636363634,-0.1343948863636364,0.2433342803030302,True,543.1666666666666,202.66041666666666,878.3354166666666,False,-0.18873567228889468,-0.6853242405472504,0.3172603938976684,True,-0.04655303030303031,-0.05901515151515152,-0.0340899621212122,False,-207.66666558822172,-299.25728974995076,-116.6666672073593,False,-207.66666558822172,-299.25728974995076,-116.6666672073593,False,nan,nan,nan,,nan,nan,nan,,nan,nan,nan,,nan,nan,nan,
M6_dense,dlc_joint_transition,ours_dnq_dlc,12,-3.3628293784608445,-6.344481600400014,-0.04364086867747253,False,-1.0808764720402855,-3.6550546112597195,1.7588005215255784,True,0.48371905834064105,0.017978392196476643,0.9882802830387464,False,0.613012196620305,-0.11498199015855828,1.397069298600156,True,0.46037471571043637,0.05199609933630111,0.903419505919828,False,0.6638055140773452,-0.07190435609469825,1.4590783072262976,True,0.11636256178220113,-0.6065895220885674,0.8474642669161151,True,0.12397727272727271,-0.060417613636363644,0.3163267045454545,True,83.91666666666667,-97.58333333333333,288.0833333333333,True,-0.1838058000227484,-0.7528076641687098,0.4851809187776876,True,-0.04655303030303031,-0.05901515151515152,-0.0340899621212122,False,-137.08333120468356,-234.49999900380752,-14.284372453414957,False,-137.08333120468356,-234.49999900380752,-14.284372453414957,False,nan,nan,nan,,nan,nan,nan,,nan,nan,nan,,nan,nan,nan,
M6_dense,dlc_joint_transition_observer,ours_dnq_dlc,12,-3.0217073757077575,-6.220361010017365,-0.2529673004907968,False,-1.3562995416443206,-5.017967256631535,1.7516149263019831,True,0.24705010747542241,-0.1458729369196585,0.7578701114907522,True,0.5494111061096192,-0.294769277920326,1.5626330618808648,True,0.23031803759467664,-0.11532689772051428,0.679258353756007,True,0.4980637401342394,-0.2713021323333187,1.414288356415927,True,0.2662706474463145,-0.9165994171053171,1.684295340130725,True,0.11041666666666665,-0.049887310606060595,0.28746590909090874,True,210.25,11.497916666666669,443.3333333333333,False,0.05062617696043307,-0.6646036166437533,0.7688042803911402,True,-0.04655303030303031,-0.05901515151515152,-0.0340899621212122,False,-212.33333316998812,-310.34062534168504,-115.79166864388704,False,-212.33333316998812,-310.34062534168504,-115.79166864388704,False,nan,nan,nan,,nan,nan,nan,,nan,nan,nan,,nan,nan,nan,
M6_dense,ppo_continuous,ours_dnq_dlc,12,13.27265296370574,6.108985707705115,19.28430243660512,False,8.691087290298642,2.6556237468846264,14.417683954381705,False,14.203198938202624,9.232010573532408,19.71272532033982,False,29.26014747818311,18.285774740974112,41.80550588133434,False,12.45470547904145,8.166815420335242,17.210177868715082,False,28.69341949025791,17.899985429694254,40.94945033002642,False,34.577107191085815,21.562955629453064,49.139795808742434,False,0.6592424242424243,0.5762500000000002,0.7471240530303028,False,-200.41666666666666,-320.5,-89.58333333333333,False,2.8185982996876544,1.8067216973462028,3.6924186640397543,False,-0.04655303030303031,-0.05901515151515152,-0.0340899621212122,False,-309.7499973559193,-399.58333025263397,-219.33333023471383,False,-309.7499973559193,-399.58333025263397,-219.33333023471383,False,nan,nan,nan,,nan,nan,nan,,nan,nan,nan,,nan,nan,nan,
M6_dense,rule_expert_gate,ours_dnq_dlc,12,-1.2484337611530598,-4.208000102374095,1.6273590681449308,True,0.5269184834073682,-2.949504235830024,3.96433663742967,True,0.20469673130473773,-0.2221197616799805,0.6581151127815441,True,1.3002533311645192,0.10169627070426972,2.544757186155766,False,0.15763140341256113,-0.20372479809259278,0.540462677438618,True,1.2326839129130047,0.09857024778301515,2.42379874136299,False,2.2271865804990134,1.200995743771394,3.3318416588008386,False,0.055113636363636365,-0.07094886363636363,0.18696969696969698,True,1215.4166666666667,854.9145833333333,1533.5874999999996,False,-0.2972294827072359,-0.9982557522109407,0.4701275770746562,True,-0.04655303030303031,-0.05901515151515152,-0.0340899621212122,False,-145.54166623315373,-231.8822939080777,-61.541665217045356,False,-145.54166623315373,-231.8822939080777,-61.541665217045356,False,nan,nan,nan,,nan,nan,nan,,nan,nan,nan,,nan,nan,nan,
M6_dense,sac_continuous,ours_dnq_dlc,12,-7.105958266637605,-10.27035471481311,-4.227937086310336,False,-6.542749873192316,-9.210027134528854,-4.144268290741066,False,5.287852467238586,3.6112264835836956,7.268965435515434,False,6.7305888513724,4.326094625815749,9.626441881284117,False,4.549707204327882,3.101895996476896,6.266229778411039,False,6.770717348655065,4.377989073296388,9.660091301873328,False,6.317454735438029,3.9087496526539325,9.189224774142101,False,0.5251136363636364,0.4440132575757576,0.5963267045454544,False,-209.0,-325.17083333333335,-102.66666666666667,False,1.7028504061541483,0.6134726822844369,2.818106117789638,False,-0.04655303030303031,-0.05901515151515152,-0.0340899621212122,False,-300.70833438963786,-387.9166673740053,-214.66666632068305,False,-300.70833438963786,-387.9166673740053,-214.66666632068305,False,nan,nan,nan,,nan,nan,nan,,nan,nan,nan,,nan,nan,nan,
M6_dense,td3_continuous,ours_dnq_dlc,12,-8.413752277990984,-11.86780839099574,-5.084134063772066,False,-4.634460692667802,-7.832305760164398,-1.214671877099155,False,5.225022039136221,3.6576855022308776,7.022130653979361,False,5.083526915311814,3.3374111787726473,7.038897263829903,False,4.762053667552898,3.388272768685557,6.313936398976264,False,5.207156767447788,3.5335475307827187,7.1048183504616205,False,4.722203214963277,3.01863700846831,6.6694094606985574,False,0.7820833333333331,0.7003020833333333,0.8572348484848485,False,-206.91666666666666,-323.75,-100.5,False,3.3499896388719885,2.868286076238244,3.8307501024202555,False,-0.04655303030303031,-0.05901515151515152,-0.0340899621212122,False,-309.7499974162627,-399.5833304321558,-219.33333029354878,False,-309.7499974162627,-399.5833304321558,-219.33333029354878,False,nan,nan,nan,,nan,nan,nan,,nan,nan,nan,,nan,nan,nan,
M8_scale,dlc_individual_transition,ours_dnq_dlc,12,0.148876117489821,-1.8495965348066736,2.398576180752583,True,-0.019583516439451925,-2.716895859861996,2.531914381515611,True,-0.3699445424959582,-0.6469127830282332,-0.14973133989208756,False,-1.0657548641165102,-1.818314269930125,-0.4872177335992463,False,-0.3584628893720952,-0.6002561903200082,-0.16517479224775433,False,-0.9550145767629151,-1.6369908170029526,-0.4267790116804353,False,-1.829936092098554,-2.8228129060318072,-0.9849998676528542,False,-0.15276515151515152,-0.21628787878787872,-0.08363636363636363,False,69.83333333333333,-212.58333333333334,432.50208333333313,True,-0.018440731098372447,-0.5536606708880514,0.47473431660843995,True,-0.06583333333333334,-0.09045454545454545,-0.044015151515151514,False,2.624998875698452,-76.1249973887916,73.79166359553962,True,2.624998875698452,-76.1249973887916,73.79166359553962,True,nan,nan,nan,,nan,nan,nan,,nan,nan,nan,,nan,nan,nan,
M8_scale,dlc_joint_transition,ours_dnq_dlc,12,-0.9850573929911283,-2.879230937037777,1.0139115964753416,True,0.41835752696079226,-1.3797074416044393,2.3050809812971784,True,1.601806298658324,-0.4065535845695835,5.163470993568944,True,2.5580100536346437,-1.1101571108897532,8.649124569557605,True,1.4046827101510508,-0.3349012263165697,4.485425910669752,True,2.615296150743961,-0.962907029216488,8.623541360336045,True,2.2256913781166077,-1.8471804243822891,8.899339129279054,True,0.042272727272727274,-0.13306818181818184,0.21871401515151503,True,466.3333333333333,177.24375,793.5,False,-0.28018900522771745,-0.6993765287960398,0.06142093725351591,True,-0.06583333333333334,-0.09045454545454545,-0.044015151515151514,False,-35.58333259428667,-128.34062513578974,62.13229655568682,True,-35.58333259428667,-128.34062513578974,62.13229655568682,True,nan,nan,nan,,nan,nan,nan,,nan,nan,nan,,nan,nan,nan,
M8_scale,dlc_joint_transition_observer,ours_dnq_dlc,12,-1.0110948489660212,-2.9926589217857895,1.1301801025056866,True,0.30058114237632244,-1.6534820684392804,2.181993151872007,True,-0.1990872071168893,-0.6176620300828862,0.16997212574191523,True,-0.3191807225346568,-1.5198122031986718,0.9393570901950159,True,-0.20955229457234292,-0.5728158813506243,0.1093125079698907,True,-0.24541526287794144,-1.380584347744783,0.9776176336531829,True,-0.6950292984644572,-2.1305100413660205,0.8077070909241825,True,-0.07962121212121213,-0.19568276515151517,0.035152462121212036,True,551.8333333333334,259.9041666666667,863.0020833333332,False,-0.029886496829165405,-0.5858331611800661,0.5559985660776424,True,-0.06583333333333334,-0.09045454545454545,-0.044015151515151514,False,-55.708330745423645,-161.29166438957586,44.333338693540796,True,-55.708330745423645,-161.29166438957586,44.333338693540796,True,nan,nan,nan,,nan,nan,nan,,nan,nan,nan,,nan,nan,nan,
M8_scale,ppo_continuous,ours_dnq_dlc,12,-13.078284012992802,-15.14936876513719,-10.649826656097911,False,-8.533715999308805,-10.222943437747922,-6.579235885599475,False,2.529123247790299,2.0531387957846303,3.143216067222606,False,2.1306182508667306,0.6338192228476202,4.2236946434776,False,2.4845666451214665,2.074661227725615,3.0105710111481128,False,2.1407236074407896,0.8039827572678518,3.987912423610686,False,2.2848226130008698,-0.4584422374765078,6.665047937134899,True,0.7593181818181818,0.6756799242424242,0.8282585227272725,False,-272.0,-413.5833333333333,-141.99791666666684,False,3.8342228509755016,3.3415820554340505,4.191379126301332,False,-0.06583333333333334,-0.09045454545454545,-0.044015151515151514,False,-217.5833343271551,-302.45833595864514,-143.20833390064857,False,-217.5833343271551,-302.45833595864514,-143.20833390064857,False,nan,nan,nan,,nan,nan,nan,,nan,nan,nan,,nan,nan,nan,
M8_scale,rule_expert_gate,ours_dnq_dlc,12,2.5783724686497775,0.018743571477416933,5.178322962542646,False,0.8840636250440129,-0.9794827477605511,2.845542718060882,True,0.20447681874678278,-0.32237919590704844,0.8355233887209861,True,1.1970444398621718,-0.017026878272493634,2.5709018851319945,True,0.1846750776106807,-0.2721965375024849,0.7337785729660687,True,1.1005290279785802,-0.04918404391656244,2.424547054804862,True,1.7684212227662404,0.1617764932413896,3.4280612806479125,False,0.04829545454545453,-0.09659185606060607,0.22000094696969685,True,705.1666666666666,437.1625,1014.0833333333334,False,0.04341351461385364,-0.5034381996591072,0.6472056194522676,True,-0.06583333333333334,-0.09045454545454545,-0.044015151515151514,False,20.41666786453291,-73.79895678274346,104.999998062575,True,20.41666786453291,-73.79895678274346,104.999998062575,True,nan,nan,nan,,nan,nan,nan,,nan,nan,nan,,nan,nan,nan,
M8_scale,sac_continuous,ours_dnq_dlc,12,-8.187862489615636,-11.077919237905625,-4.993909555239888,False,-5.803723759750615,-7.996125942319764,-3.3797938036242003,False,3.58652843181461,2.601567707093474,4.681655599380525,False,5.21575751354297,3.4740817116945983,7.613570808085298,False,3.161976717765571,2.2680836783403424,4.144430871312439,False,5.32270654986302,3.612850270345808,7.687378147020933,False,4.4122913380463915,2.4347301344076793,7.074764575809239,False,0.44310606060606045,0.26867234848484856,0.616932765151515,False,-271.1666666666667,-413.25,-140.7458333333337,False,1.9105410000711862,1.0006831915814427,2.8551343704287664,False,-0.06583333333333334,-0.09045454545454545,-0.044015151515151514,False,-220.2083365378675,-305.3750023370619,-145.83333732625394,False,-220.2083365378675,-305.3750023370619,-145.83333732625394,False,nan,nan,nan,,nan,nan,nan,,nan,nan,nan,,nan,nan,nan,
M8_scale,td3_continuous,ours_dnq_dlc,12,-10.289711375972486,-13.372520902217627,-7.223369523594271,False,-6.171714845178936,-8.71261368055557,-3.6103273006748515,False,2.824588918330862,1.3064815488566854,4.454646903327629,False,2.1247333531578376,0.07150716681033298,4.194727253839374,False,2.737765555721112,1.3081909797316391,4.296930693731786,False,2.2481175000468885,0.2684137610346073,4.264368950289982,False,1.5228112836678822,-0.6631421340008576,3.5923867824176923,True,0.7471212121212121,0.661589015151515,0.8223863636363635,False,-231.16666666666666,-388.0895833333333,-82.08125000000018,False,2.09292178776122,1.2266516364250668,2.8881901068655482,False,-0.06583333333333334,-0.09045454545454545,-0.044015151515151514,False,-219.33333335350775,-304.49999911775035,-144.9583344127017,False,-219.33333335350775,-304.49999911775035,-144.9583344127017,False,nan,nan,nan,,nan,nan,nan,,nan,nan,nan,,nan,nan,nan,
M10_scale,dlc_individual_transition,ours_dnq_dlc,12,-1.876300777162329,-4.279367057356878,0.45589648576376307,True,-0.12753282255549403,-2.903619973700616,2.551032505697775,True,0.3235062225469771,0.07057521866754822,0.5793479815582525,False,0.6309004291892054,0.04707548667987196,1.2185531271124876,False,0.25668945275947996,0.04365865270404299,0.47291809822509195,False,0.6115669469038644,0.04428934718171771,1.188681822071472,False,0.650210569302241,-0.1525276760260264,1.4127216316759588,True,0.12867424242424244,0.005757575757575757,0.2583712121212121,False,180.25,-66.58541666666666,464.25208333333313,True,0.21363453135689003,-0.09528761621547452,0.5249415365542067,True,-0.05810606060606061,-0.0737121212121212,-0.044583333333333336,False,-2.3333323283902225,-50.16666409301499,47.5416660164752,True,-2.3333323283902225,-50.16666409301499,47.5416660164752,True,nan,nan,nan,,nan,nan,nan,,nan,nan,nan,,nan,nan,nan,
M10_scale,dlc_joint_transition,ours_dnq_dlc,12,1.7450913632186378,-1.21482430493468,5.059952750300143,True,4.8013252285758385,1.039053625109372,9.312823369894376,False,0.03472662061217854,-0.12709948387358136,0.20638930540412107,True,-0.023403465251128058,-0.528346250827114,0.6018415887032942,True,0.02633131515290833,-0.11451281044657122,0.17523794286737765,True,0.010768356919288393,-0.48038526277989185,0.6239141129453961,True,-0.365730161468188,-0.9252653747797013,0.29193294023474053,True,-0.06287175000349274,-0.14248610019629213,0.010909090909090912,True,-145.83333333333334,-410.92291666666665,136.50624999999945,True,0.2828138698860586,-0.19024417550249034,0.8346072949455082,True,-0.05810606060606061,-0.0737121212121212,-0.044583333333333336,False,100.33333397564371,24.201043719626224,182.87499670086265,False,100.33333397564371,24.201043719626224,182.87499670086265,False,nan,nan,nan,,nan,nan,nan,,nan,nan,nan,,nan,nan,nan,
M10_scale,dlc_joint_transition_observer,ours_dnq_dlc,12,2.1734522313204425,-0.19340941598137834,4.69366040464951,True,5.197410561775668,1.8143454633359388,8.785551736279901,False,1.5335632093849976,0.5294413770192631,2.62922471240682,False,3.8350531448920564,1.4021146775906286,6.309521673334136,False,1.3575321728494014,0.48526016734119076,2.308749794710749,False,3.8043828239043553,1.4301042530437316,6.229772728184856,False,4.2195265392462415,1.4995005622506143,6.885786716391642,False,0.3599621212121212,0.2116268939393939,0.4899251893939393,False,-26.666666666666668,-454.6666666666667,434.08541666666645,True,0.991163469294071,0.2078505786260079,1.7734229033326778,False,-0.05810606060606061,-0.0737121212121212,-0.044583333333333336,False,106.75000174660194,26.54166833955944,184.33333678005644,False,106.75000174660194,26.54166833955944,184.33333678005644,False,nan,nan,nan,,nan,nan,nan,,nan,nan,nan,,nan,nan,nan,
M10_scale,ppo_continuous,ours_dnq_dlc,12,8.916481993779618,5.091950858189115,12.960496301288275,False,8.0978024723429,3.6593086000757986,11.92581642219771,False,9.236038318547795,6.521190725211405,12.850315740977026,False,11.323165980974833,8.321698446584245,15.138272152654816,False,8.469681265626663,6.058920201924389,11.646754983001433,False,11.300819300115108,8.291230733556052,15.126952467535927,False,11.941613843043646,8.966934666534264,15.659434147179121,False,0.8188257575757575,0.7540142045454545,0.8818939393939393,False,-404.25,-631.8333333333334,-227.25,False,3.980584990662041,3.731975953083733,4.231999700962598,False,-0.05810606060606061,-0.0737121212121212,-0.044583333333333336,False,-151.9583326055744,-187.54166613292458,-102.9583342243184,False,-151.9583326055744,-187.54166613292458,-102.9583342243184,False,nan,nan,nan,,nan,nan,nan,,nan,nan,nan,,nan,nan,nan,
M10_scale,rule_expert_gate,ours_dnq_dlc,12,0.1342748123327683,-2.2837074034192812,2.937777563507132,True,2.350677766141818,-0.2961706865680738,5.200356998930526,True,0.6473977892573214,-0.03318008473370639,1.3279681441430553,True,1.4644498969117805,-0.08732141943027565,2.90101823280255,True,0.5410047476918782,-0.04126494638189455,1.1252931438463936,True,1.474284774065018,0.0018195900693534317,2.867632988790671,False,1.9793410400549571,0.5215226036806901,3.3154844177265956,False,0.23205372348660777,0.02952085928373373,0.4319031553047896,False,679.1666666666666,344.075,1018.3395833333328,False,0.13123632590538836,-0.2817503916864268,0.5802582625337894,True,-0.05810606060606061,-0.0737121212121212,-0.044583333333333336,False,-4.374996153096295,-80.49999721309811,84.29166924728266,True,-4.374996153096295,-80.49999721309811,84.29166924728266,True,nan,nan,nan,,nan,nan,nan,,nan,nan,nan,,nan,nan,nan,
M10_scale,sac_continuous,ours_dnq_dlc,12,-13.033382272145978,-14.470100387967985,-11.526311330776705,False,-6.498398490290131,-8.744044065932203,-4.268758862178194,False,0.5102939077379691,0.07764996356067715,1.027588034642497,False,1.1164413516720135,0.2294150070721905,2.1340472653259797,False,0.439971139530217,0.061349453358300825,0.8878944198750385,False,1.1853938549757002,0.2926583861807978,2.2069484260802468,False,0.6163388192653656,-0.2642483989397685,1.6602701167265526,True,0.16481060606060607,0.05420454545454545,0.2802660984848484,False,-219.58333333333334,-587.1708333333333,257.00208333333313,True,2.376704726966692,1.3434904770645728,3.4084609043083613,False,-0.05810606060606061,-0.0737121212121212,-0.044583333333333336,False,-176.75000075127448,-196.58333665388986,-157.79166517356038,False,-176.75000075127448,-196.58333665388986,-157.79166517356038,False,nan,nan,nan,,nan,nan,nan,,nan,nan,nan,,nan,nan,nan,
M10_scale,td3_continuous,ours_dnq_dlc,12,-9.353664430029285,-13.224008346440986,-5.163167531565702,False,-3.1743303625590134,-6.911668293474926,0.8381546345075397,True,3.680103189821166,2.224057860769631,5.241481625861323,False,3.8453094780445105,1.8914373104025914,5.814037791825829,False,3.4222647753154924,2.0961738969955386,4.8384239767007875,False,4.101816958685715,2.2466837071999906,5.975822360528011,False,4.0641108850638075,2.0989705125490823,5.976112962017454,False,0.7850757575757575,0.7065530303030303,0.8590918560606058,False,-53.416666666666664,-528.1687499999999,522.0937499999991,True,2.932294208923213,1.8887717010130338,3.8465424382496436,False,-0.05810606060606061,-0.0737121212121212,-0.044583333333333336,False,-172.66666585073645,-193.66666829942247,-152.24999734608468,False,-172.66666585073645,-193.66666829942247,-152.24999734608468,False,nan,nan,nan,,nan,nan,nan,,nan,nan,nan,,nan,nan,nan,
