experiment_id,algorithm,n_events,approach_steps_mean,approach_steps_median,approach_steps_n,alongside_steps_mean,alongside_steps_median,alongside_steps_n,time_to_pass_steps_mean,time_to_pass_steps_median,time_to_pass_steps_n,speed_advantage_alongside_mean,speed_advantage_alongside_median,speed_advantage_alongside_n,rival_speed_alongside_mean,rival_speed_alongside_median,rival_speed_alongside_n,peak_abs_lat_maneuver_mean,peak_abs_lat_maneuver_median,peak_abs_lat_maneuver_n,mean_abs_lat_maneuver_mean,mean_abs_lat_maneuver_median,mean_abs_lat_maneuver_n,min_gap_rival_maneuver_mean,min_gap_rival_maneuver_median,min_gap_rival_maneuver_n,min_gap_third_party_maneuver_mean,min_gap_third_party_maneuver_median,min_gap_third_party_maneuver_n,guard_fraction_window_mean,guard_fraction_window_median,guard_fraction_window_n,rival_admitted_fraction_mean,rival_admitted_fraction_median,rival_admitted_fraction_n
M4_sparse,dlc_individual_transition,8,13.875,14.0,8,79.75,37.5,8,93.625,49.5,8,7.687722573975204,11.20299115548794,8,10.304523319722424,11.430373977325933,8,0.7037573978304863,0.7257790267467499,8,0.3511387771692948,0.31878769381689803,8,4.303127616912551,4.079678760260697,8,51.589862367769626,49.17395696590759,8,0.0,0.0,8,nan,nan,0
M4_sparse,dlc_joint_transition,8,55.0,14.0,8,102.25,35.0,8,157.25,47.5,8,11.753726328583939,11.956543131664935,8,11.191273127558514,11.592833557201702,8,0.6623503342270851,0.43353669345378876,8,0.3789017609843718,0.3518407526223556,8,4.454000793514643,4.540710724848935,8,38.82181175699715,48.833937132898185,8,0.0,0.0,8,nan,nan,0
M4_sparse,dlc_joint_transition_observer,25,41.52,45.0,25,71.72,40.0,25,113.24,79.0,25,8.966971139199222,9.912673848987577,25,10.751538193820425,11.570116602321358,25,0.8515542888641358,0.7671061754226685,25,0.6471544053237384,0.5927591023260149,25,6.2028095529710905,4.660137135905343,25,25.14847141147508,11.449620141430419,25,0.0,0.0,25,nan,nan,0
M4_sparse,ours_dnq_dlc,34,104.1470588235294,72.0,34,107.82352941176471,85.5,34,211.97058823529412,137.0,34,6.342491232982516,4.340701565340851,34,9.733606535920288,11.464953914392702,34,1.0017275196664475,0.7240163683891296,34,0.5474458000261384,0.504349249282027,34,6.9206786452280475,5.064140141923245,34,21.694660187051234,11.41967089199072,34,0.10450761038444663,0.0735454837672774,34,1.0,1.0,34
M4_sparse,ppo_continuous,13,6.076923076923077,4.0,13,201.3846153846154,131.0,13,207.46153846153845,136.0,13,-1.6418742805210136,-1.8869892333613407,13,6.212180097330582,6.1513351328710595,13,3.153039437073928,3.4344844818115234,13,2.2843726944311205,2.8106232094314865,13,3.726843120457472,3.720878065838762,13,174.22104704778064,163.59951098438307,13,0.0,0.0,13,nan,nan,0
M4_sparse,rule_expert_gate,31,59.32258064516129,46.0,31,243.38709677419354,120.0,31,302.7096774193548,140.0,31,6.559487926844082,2.5557192237828197,31,8.416993948934563,8.151985998061397,31,2.427826093089196,1.110489845275879,31,1.1757482277607751,0.4142831958863618,31,4.83007596159983,3.860022569570559,31,28.233202593957976,8.902935594919313,31,0.0,0.0,31,nan,nan,0
M4_sparse,sac_continuous,0,nan,nan,0,nan,nan,0,nan,nan,0,nan,nan,0,nan,nan,0,nan,nan,0,nan,nan,0,nan,nan,0,nan,nan,0,nan,nan,0,nan,nan,0
M4_sparse,td3_continuous,0,nan,nan,0,nan,nan,0,nan,nan,0,nan,nan,0,nan,nan,0,nan,nan,0,nan,nan,0,nan,nan,0,nan,nan,0,nan,nan,0,nan,nan,0
M6_dense,dlc_individual_transition,32,120.6875,81.5,32,143.21875,58.0,32,263.90625,161.0,32,8.227230309023774,6.045933900776694,32,8.918369534243318,8.992756540259565,32,0.6055153338238597,0.4285060614347458,32,0.3882675296244684,0.2830251217494487,32,10.263155111594012,9.590766421077282,32,8.121535083224693,7.185416487970193,32,0.0,0.0,32,nan,nan,0
M6_dense,dlc_joint_transition,34,223.14705882352942,108.0,34,164.85294117647058,59.0,34,388.0,241.0,34,6.977548859706439,6.053989827077416,34,8.420383136101389,7.047019083284999,34,1.041875315939679,1.00888329744339,34,0.7300427591273032,0.7919967067176565,34,9.697466038614593,7.059174989956041,34,7.164693262932436,5.505590935424639,34,0.0,0.0,34,nan,nan,0
M6_dense,dlc_joint_transition_observer,38,154.02631578947367,88.5,38,215.07894736842104,81.5,38,369.10526315789474,196.0,38,5.140758678334334,4.205622514732303,38,9.323065814667709,9.487457236215025,38,1.4929101933774196,0.9841488897800446,38,0.8919053387451115,0.5905097327708069,38,7.778626230018951,5.4909799209393295,38,8.05251878963698,8.497772459219266,38,0.0,0.0,38,nan,nan,0
M6_dense,ours_dnq_dlc,43,155.25581395348837,91.0,43,115.97674418604652,72.0,43,271.2325581395349,186.0,43,7.735858052368247,6.747766769936984,43,10.056694796636709,11.274728117868465,43,0.8855344244213992,0.7331106066703796,43,0.5608357588956896,0.5250941829072933,43,7.515598107522305,4.996714982775867,43,8.081479234129462,7.8132404218412,43,0.047568864279336,0.0,43,0.9693214881866736,1.0,43
M6_dense,ppo_continuous,0,nan,nan,0,nan,nan,0,nan,nan,0,nan,nan,0,nan,nan,0,nan,nan,0,nan,nan,0,nan,nan,0,nan,nan,0,nan,nan,0,nan,nan,0
M6_dense,rule_expert_gate,35,101.6,53.0,35,184.57142857142858,44.0,35,286.1714285714286,99.0,35,8.226813845891385,7.289000197168123,35,9.040087814126924,8.446939388256915,35,1.4800511470862798,0.4914340078830719,35,0.6538217320567412,0.36123323019813086,35,7.459219476121836,4.942159762989347,35,7.135913341806741,5.811025163937907,35,0.0,0.0,35,nan,nan,0
M6_dense,sac_continuous,0,nan,nan,0,nan,nan,0,nan,nan,0,nan,nan,0,nan,nan,0,nan,nan,0,nan,nan,0,nan,nan,0,nan,nan,0,nan,nan,0,nan,nan,0
M6_dense,td3_continuous,1,103.0,103.0,1,75.0,75.0,1,178.0,178.0,1,2.834631943208519,2.834631943208519,1,14.405679007812056,14.405679007812056,1,0.8307913541793823,0.8307913541793823,1,0.3224051787131648,0.3224051787131648,1,4.964082730314191,4.964082730314191,1,37.32252593175309,37.32252593175309,1,0.0,0.0,1,nan,nan,0
M8_scale,dlc_individual_transition,70,132.9142857142857,60.0,70,83.52857142857142,44.0,70,216.44285714285715,105.0,70,8.69863953823538,8.76590596055057,70,10.497851896305024,10.388517350837727,70,0.6159496567078999,0.5926360785961151,70,0.45683109419258,0.4162741594136735,70,9.434497421794026,5.648643402103231,70,6.870075778818042,5.489438029684962,70,0.0,0.0,70,nan,nan,0
M8_scale,dlc_joint_transition,48,109.85416666666667,65.5,48,144.66666666666666,87.5,48,254.52083333333334,165.5,48,5.988401854143025,4.152671410636828,48,9.679624759565069,9.531833385427603,48,0.9631889757389823,0.9079353511333466,48,0.6590509897783625,0.6953785210226973,48,7.159842367908091,5.0273976784338945,48,6.905351392770208,5.101560693825463,48,0.0,0.0,48,nan,nan,0
M8_scale,dlc_joint_transition_observer,54,117.22222222222223,66.5,54,125.46296296296296,52.0,54,242.6851851851852,116.5,54,6.427603925126654,6.090373991281585,54,8.62922796827668,7.698171267374903,54,0.6820001580097057,0.6813162565231323,54,0.4897429036355322,0.5272980876449265,54,13.976757120662603,11.333011784797412,54,6.624598437336792,5.308747522453833,54,0.0,0.0,54,nan,nan,0
M8_scale,ours_dnq_dlc,65,153.72307692307692,97.0,65,108.33846153846154,83.0,65,262.0615384615385,186.0,65,6.25049059962408,4.470556065849137,65,9.79657544067258,9.459239485709412,65,1.0566650603826229,0.8369633555412292,65,0.6171960302196718,0.6161638079329005,65,8.161232094948193,5.803431670248637,65,6.966474090977571,5.069300585403772,65,0.0805245360653141,0.069164265129683,65,0.9182925626734539,0.9833333333333333,65
M8_scale,ppo_continuous,0,nan,nan,0,nan,nan,0,nan,nan,0,nan,nan,0,nan,nan,0,nan,nan,0,nan,nan,0,nan,nan,0,nan,nan,0,nan,nan,0,nan,nan,0
M8_scale,rule_expert_gate,68,98.13235294117646,53.5,68,162.9558823529412,71.5,68,261.0882352941176,163.0,68,7.815926078870435,5.978897138128223,68,9.31513255910098,9.164090858510022,68,1.416888263733948,0.4879314750432968,68,0.6723146701647816,0.3389116084149134,68,10.4214019705004,4.788540015796341,68,8.377462683338853,4.994173795108394,68,0.0,0.0,68,nan,nan,0
M8_scale,sac_continuous,0,nan,nan,0,nan,nan,0,nan,nan,0,nan,nan,0,nan,nan,0,nan,nan,0,nan,nan,0,nan,nan,0,nan,nan,0,nan,nan,0,nan,nan,0
M8_scale,td3_continuous,0,nan,nan,0,nan,nan,0,nan,nan,0,nan,nan,0,nan,nan,0,nan,nan,0,nan,nan,0,nan,nan,0,nan,nan,0,nan,nan,0,nan,nan,0
M10_scale,dlc_individual_transition,55,69.27272727272727,61.0,55,78.81818181818181,52.0,55,148.0909090909091,120.0,55,8.029738172206162,8.796049369197732,55,10.73837816514676,11.329148468296715,55,0.814437136054039,0.7171376943588257,55,0.5825678423407413,0.5697613847705553,55,6.34432703954964,4.995928343044491,55,11.002991867506886,6.626093162601407,55,0.0,0.0,55,nan,nan,0
M10_scale,dlc_joint_transition,79,123.24050632911393,69.0,79,98.45569620253164,52.0,79,221.69620253164558,119.0,79,8.544342725850354,8.40439424772333,79,10.814950872333268,11.435737906096776,79,0.8423496948767312,0.8245272636413574,79,0.6623474908720607,0.6901246872510257,79,10.292757732379071,5.709669406405858,79,8.732912692713782,5.512008195085281,79,0.0,0.0,79,nan,nan,0
M10_scale,dlc_joint_transition_observer,68,85.11764705882354,68.5,68,80.3970588235294,40.5,68,165.51470588235293,109.5,68,9.19194918098452,8.563655866401973,68,10.708973558014478,11.549470276108877,68,1.7720596737721388,1.2460304498672485,68,1.3757013394395483,0.8268310269906479,68,14.201715984967615,12.178447496118581,68,14.666707465350779,13.222845664694297,68,0.0,0.0,68,nan,nan,0
M10_scale,ours_dnq_dlc,85,120.47058823529412,71.0,85,108.48235294117647,55.0,85,228.95294117647057,139.0,85,5.954369223145118,6.280012752563836,85,9.7264227558203,10.192379863581742,85,1.0146299491910373,0.7799424529075623,85,0.6886528068589722,0.5819723595673009,85,10.0133978207912,5.920690662873088,85,10.838916945917815,5.292234228388259,85,0.06250015018361005,0.0,85,0.7623700285798019,0.8526603001364257,85
M10_scale,ppo_continuous,2,25.5,25.5,2,25.5,25.5,2,51.0,51.0,2,20.49011508601797,20.49011508601797,2,10.815798501123048,10.815798501123048,2,4.766454994678497,4.766454994678497,2,3.4726067564959795,3.4726067564959795,2,21.165834593935585,21.165834593935585,2,43.657402649891196,43.657402649891196,2,0.0,0.0,2,nan,nan,0
M10_scale,rule_expert_gate,64,79.09375,47.5,64,104.28125,44.0,64,183.375,104.0,64,8.130754164212226,6.207934082570141,64,9.99441604410847,10.19561064587825,64,0.9142578658647835,0.4506933391094208,64,0.4865703662550337,0.3093216641022618,64,9.580675030032882,4.456732343550529,64,9.279913081802594,5.59871042084094,64,0.0,0.0,64,nan,nan,0
M10_scale,sac_continuous,1,4.0,4.0,1,1219.0,1219.0,1,1223.0,1223.0,1,-0.29605463983527347,-0.29605463983527347,1,2.3604750921971664,2.3604750921971664,1,2.621730089187622,2.621730089187622,1,1.3703389488696274,1.3703389488696274,1,3.3842459262054456,3.3842459262054456,1,103.24989497984664,103.24989497984664,1,0.0,0.0,1,nan,nan,0
M10_scale,td3_continuous,1,26.0,26.0,1,465.0,465.0,1,491.0,491.0,1,-0.34826810793142626,-0.34826810793142626,1,2.063611063959459,2.063611063959459,1,3.229158639907837,3.229158639907837,1,2.2399632235368094,2.2399632235368094,1,3.426879193757004,3.426879193757004,1,95.19988552156273,95.19988552156273,1,0.0,0.0,1,nan,nan,0
