case,algorithm,overtake_success,elegant_overtake_count,target_grass_rate,rank_gain,target_progress,summary_json,rejection_reason
e6_monza_slow_n6_seed35000,low_budget_planner,True,5,0.2955882251262665,1,0.22535211267605634,outputs/tits_dynamic_graph_expanded/video_evidence_screening/e6_monza_slow_n6_seed35000/summaries/low_budget_planner_n6_seed35000.summary.json,Ablation contrast is insufficient or variants are cleaner than the full model.
e6_monza_slow_n6_seed35000,ours_full_v6_safe,True,5,0.03529411926865578,5,0.352112676056338,outputs/tits_dynamic_graph_expanded/video_evidence_screening/e6_monza_slow_n6_seed35000/summaries/ours_full_v6_safe_n6_seed35000.summary.json,Ablation contrast is insufficient or variants are cleaner than the full model.
e6_monza_slow_n6_seed35000,w_o_dynamic_neighborhood,True,5,0.46617648005485535,0,0.18779342723004694,outputs/tits_dynamic_graph_expanded/video_evidence_screening/e6_monza_slow_n6_seed35000/summaries/w_o_dynamic_neighborhood_n6_seed35000.summary.json,Ablation contrast is insufficient or variants are cleaner than the full model.
e6_monza_slow_n6_seed35000,w_o_quality_proposal,True,5,0.6911764740943909,0,0.19718309859154928,outputs/tits_dynamic_graph_expanded/video_evidence_screening/e6_monza_slow_n6_seed35000/summaries/w_o_quality_proposal_n6_seed35000.summary.json,Ablation contrast is insufficient or variants are cleaner than the full model.
e6_monza_slow_n6_seed35000,w_o_safety_quality_terms,True,5,0.2955882251262665,2,0.20657276995305165,outputs/tits_dynamic_graph_expanded/video_evidence_screening/e6_monza_slow_n6_seed35000/summaries/w_o_safety_quality_terms_n6_seed35000.summary.json,Ablation contrast is insufficient or variants are cleaner than the full model.
e6_monza_slow_seed33000,low_budget_planner,False,0,0.0,7,0.2863849765258216,outputs/tits_dynamic_graph_expanded/video_evidence_screening/e6_monza_slow_seed33000/summaries/low_budget_planner_n8_seed33000.summary.json,Full model off-track exposure exceeds main-video threshold.
e6_monza_slow_seed33000,ours_full_v6_safe,True,1,0.12941177189350128,7,0.29107981220657275,outputs/tits_dynamic_graph_expanded/video_evidence_screening/e6_monza_slow_seed33000/summaries/ours_full_v6_safe_n8_seed33000.summary.json,Full model off-track exposure exceeds main-video threshold.
e6_monza_slow_seed33000,w_o_dynamic_neighborhood,True,4,0.0,6,0.27699530516431925,outputs/tits_dynamic_graph_expanded/video_evidence_screening/e6_monza_slow_seed33000/summaries/w_o_dynamic_neighborhood_n8_seed33000.summary.json,Full model off-track exposure exceeds main-video threshold.
e6_monza_slow_seed33000,w_o_quality_proposal,True,5,0.02500000037252903,7,0.28169014084507044,outputs/tits_dynamic_graph_expanded/video_evidence_screening/e6_monza_slow_seed33000/summaries/w_o_quality_proposal_n8_seed33000.summary.json,Full model off-track exposure exceeds main-video threshold.
e6_monza_slow_seed33000,w_o_safety_quality_terms,True,1,0.0,6,0.2676056338028169,outputs/tits_dynamic_graph_expanded/video_evidence_screening/e6_monza_slow_seed33000/summaries/w_o_safety_quality_terms_n8_seed33000.summary.json,Full model off-track exposure exceeds main-video threshold.
e6_scurve_slow_n6_seed34000,low_budget_planner,True,6,0.16911764442920685,4,0.2375,outputs/tits_dynamic_graph_expanded/video_evidence_screening/e6_scurve_slow_n6_seed34000/summaries/low_budget_planner_n6_seed34000.summary.json,Full model off-track exposure exceeds main-video threshold.
e6_scurve_slow_n6_seed34000,ours_full_v6_safe,True,5,0.6367647051811218,3,0.15,outputs/tits_dynamic_graph_expanded/video_evidence_screening/e6_scurve_slow_n6_seed34000/summaries/ours_full_v6_safe_n6_seed34000.summary.json,Full model off-track exposure exceeds main-video threshold.
e6_scurve_slow_n6_seed34000,w_o_dynamic_neighborhood,True,5,0.7735294103622437,1,0.09583333333333334,outputs/tits_dynamic_graph_expanded/video_evidence_screening/e6_scurve_slow_n6_seed34000/summaries/w_o_dynamic_neighborhood_n6_seed34000.summary.json,Full model off-track exposure exceeds main-video threshold.
e6_scurve_slow_n6_seed34000,w_o_quality_proposal,True,4,0.5573529601097107,5,0.30833333333333335,outputs/tits_dynamic_graph_expanded/video_evidence_screening/e6_scurve_slow_n6_seed34000/summaries/w_o_quality_proposal_n6_seed34000.summary.json,Full model off-track exposure exceeds main-video threshold.
e6_scurve_slow_n6_seed34000,w_o_safety_quality_terms,True,4,0.19705882668495178,1,0.25,outputs/tits_dynamic_graph_expanded/video_evidence_screening/e6_scurve_slow_n6_seed34000/summaries/w_o_safety_quality_terms_n6_seed34000.summary.json,Full model off-track exposure exceeds main-video threshold.
