algorithm,endpoint,n,count,rate,wilson_low,wilson_high
dlc_joint_transition_observer,strict_completion,10,0,0.0,0.0,0.2775327998628892
dlc_joint_transition_observer,physical_pass,10,0,0.0,0.0,0.2775327998628892
dlc_joint_transition_observer,event_contact_free,10,0,0.0,0.0,0.2775327998628892
dlc_joint_transition_observer,event_on_track,10,0,0.0,0.0,0.2775327998628892
dlc_joint_transition_observer,sustained_lead,10,0,0.0,0.0,0.2775327998628892
dlc_joint_transition_observer,post_pass_stable,10,0,0.0,0.0,0.2775327998628892
ppo_continuous,strict_completion,10,0,0.0,0.0,0.2775327998628892
ppo_continuous,physical_pass,10,0,0.0,0.0,0.2775327998628892
ppo_continuous,event_contact_free,10,0,0.0,0.0,0.2775327998628892
ppo_continuous,event_on_track,10,0,0.0,0.0,0.2775327998628892
ppo_continuous,sustained_lead,10,0,0.0,0.0,0.2775327998628892
ppo_continuous,post_pass_stable,10,0,0.0,0.0,0.2775327998628892
rule_expert_gate,strict_completion,10,0,0.0,0.0,0.2775327998628892
rule_expert_gate,physical_pass,10,0,0.0,0.0,0.2775327998628892
rule_expert_gate,event_contact_free,10,0,0.0,0.0,0.2775327998628892
rule_expert_gate,event_on_track,10,0,0.0,0.0,0.2775327998628892
rule_expert_gate,sustained_lead,10,0,0.0,0.0,0.2775327998628892
rule_expert_gate,post_pass_stable,10,0,0.0,0.0,0.2775327998628892
rule_safety_gate,strict_completion,10,0,0.0,0.0,0.2775327998628892
rule_safety_gate,physical_pass,10,0,0.0,0.0,0.2775327998628892
rule_safety_gate,event_contact_free,10,0,0.0,0.0,0.2775327998628892
rule_safety_gate,event_on_track,10,0,0.0,0.0,0.2775327998628892
rule_safety_gate,sustained_lead,10,0,0.0,0.0,0.2775327998628892
rule_safety_gate,post_pass_stable,10,0,0.0,0.0,0.2775327998628892
sac_continuous,strict_completion,10,0,0.0,0.0,0.2775327998628892
sac_continuous,physical_pass,10,0,0.0,0.0,0.2775327998628892
sac_continuous,event_contact_free,10,0,0.0,0.0,0.2775327998628892
sac_continuous,event_on_track,10,0,0.0,0.0,0.2775327998628892
sac_continuous,sustained_lead,10,0,0.0,0.0,0.2775327998628892
sac_continuous,post_pass_stable,10,0,0.0,0.0,0.2775327998628892
td3_continuous,strict_completion,10,0,0.0,0.0,0.2775327998628892
td3_continuous,physical_pass,10,5,0.5,0.236593090512564,0.7634069094874361
td3_continuous,event_contact_free,10,0,0.0,0.0,0.2775327998628892
td3_continuous,event_on_track,10,5,0.5,0.236593090512564,0.7634069094874361
td3_continuous,sustained_lead,10,0,0.0,0.0,0.2775327998628892
td3_continuous,post_pass_stable,10,5,0.5,0.236593090512564,0.7634069094874361
v6_runtime_dynamic_neighborhood_safe,strict_completion,10,1,0.1,0.0178762130950728,0.4041500267952385
v6_runtime_dynamic_neighborhood_safe,physical_pass,10,5,0.5,0.236593090512564,0.7634069094874361
v6_runtime_dynamic_neighborhood_safe,event_contact_free,10,5,0.5,0.236593090512564,0.7634069094874361
v6_runtime_dynamic_neighborhood_safe,event_on_track,10,1,0.1,0.0178762130950728,0.4041500267952385
v6_runtime_dynamic_neighborhood_safe,sustained_lead,10,1,0.1,0.0178762130950728,0.4041500267952385
v6_runtime_dynamic_neighborhood_safe,post_pass_stable,10,3,0.3,0.1077912674063009,0.6032218525388546
