dataset,algorithm,endpoint,n,count,rate,wilson_low,wilson_high,ok_rows,censored_rows
E6,low_budget_planner,strict_completion,30,0,0.0,0.0,0.1135133931739687,30,0
E6,low_budget_planner,physical_pass,30,26,0.8666666666666667,0.703186733179637,0.9469034451594526,30,0
E6,low_budget_planner,event_contact_free,30,16,0.5333333333333333,0.3614229961987329,0.6976761109230025,30,0
E6,low_budget_planner,event_on_track,30,11,0.3666666666666666,0.218739208061007,0.5448643634520511,30,0
E6,low_budget_planner,sustained_lead,30,16,0.5333333333333333,0.3614229961987329,0.6976761109230025,30,0
E6,low_budget_planner,post_pass_stable,30,25,0.8333333333333334,0.6643564949358398,0.9266345762815144,30,0
E6,ours_full_v6_safe,strict_completion,30,0,0.0,0.0,0.1135133931739687,30,0
E6,ours_full_v6_safe,physical_pass,30,30,1.0,0.8864866068260312,1.0,30,0
E6,ours_full_v6_safe,event_contact_free,30,9,0.3,0.1666474826824379,0.4787578745871494,30,0
E6,ours_full_v6_safe,event_on_track,30,7,0.2333333333333333,0.1179238814448949,0.4092832615812216,30,0
E6,ours_full_v6_safe,sustained_lead,30,8,0.2666666666666666,0.1418266331959631,0.4444796169518888,30,0
E6,ours_full_v6_safe,post_pass_stable,30,21,0.7,0.5212421254128504,0.8333525173175619,30,0
E6,w_o_dynamic_neighborhood,strict_completion,30,0,0.0,0.0,0.1135133931739687,30,0
E6,w_o_dynamic_neighborhood,physical_pass,30,28,0.9333333333333332,0.7867654163738308,0.9815229762087296,30,0
E6,w_o_dynamic_neighborhood,event_contact_free,30,12,0.4,0.2459062811680185,0.5767963974667752,30,0
E6,w_o_dynamic_neighborhood,event_on_track,30,6,0.2,0.0950510717728987,0.3730569641314825,30,0
E6,w_o_dynamic_neighborhood,sustained_lead,30,11,0.3666666666666666,0.218739208061007,0.5448643634520511,30,0
E6,w_o_dynamic_neighborhood,post_pass_stable,30,14,0.4666666666666667,0.3023238890769975,0.638577003801267,30,0
E6,w_o_interaction_neighbor_selection,strict_completion,30,0,0.0,0.0,0.1135133931739687,30,0
E6,w_o_interaction_neighbor_selection,physical_pass,30,28,0.9333333333333332,0.7867654163738308,0.9815229762087296,30,0
E6,w_o_interaction_neighbor_selection,event_contact_free,30,10,0.3333333333333333,0.1923049808367613,0.5121994835545616,30,0
E6,w_o_interaction_neighbor_selection,event_on_track,30,13,0.4333333333333333,0.2737748557646652,0.6080269299918639,30,0
E6,w_o_interaction_neighbor_selection,sustained_lead,30,6,0.2,0.0950510717728987,0.3730569641314825,30,0
E6,w_o_interaction_neighbor_selection,post_pass_stable,30,25,0.8333333333333334,0.6643564949358398,0.9266345762815144,30,0
E6,w_o_overtake_aware_planner,strict_completion,30,0,0.0,0.0,0.1135133931739687,30,0
E6,w_o_overtake_aware_planner,physical_pass,30,24,0.8,0.6269430358685175,0.9049489282271012,30,0
E6,w_o_overtake_aware_planner,event_contact_free,30,11,0.3666666666666666,0.218739208061007,0.5448643634520511,30,0
E6,w_o_overtake_aware_planner,event_on_track,30,9,0.3,0.1666474826824379,0.4787578745871494,30,0
E6,w_o_overtake_aware_planner,sustained_lead,30,13,0.4333333333333333,0.2737748557646652,0.6080269299918639,30,0
E6,w_o_overtake_aware_planner,post_pass_stable,30,24,0.8,0.6269430358685175,0.9049489282271012,30,0
E6,w_o_quality_proposal,strict_completion,30,0,0.0,0.0,0.1135133931739687,30,0
E6,w_o_quality_proposal,physical_pass,30,29,0.9666666666666668,0.8332960900859082,0.9940914096183874,30,0
E6,w_o_quality_proposal,event_contact_free,30,19,0.6333333333333333,0.4551356365479487,0.7812607919389929,30,0
E6,w_o_quality_proposal,event_on_track,30,5,0.1666666666666666,0.0733654237184855,0.3356435050641603,30,0
E6,w_o_quality_proposal,sustained_lead,30,13,0.4333333333333333,0.2737748557646652,0.6080269299918639,30,0
E6,w_o_quality_proposal,post_pass_stable,30,22,0.7333333333333333,0.555520383048111,0.8581733668040368,30,0
E6,w_o_risk_penalty,strict_completion,30,5,0.1666666666666666,0.0733654237184855,0.3356435050641603,30,0
E6,w_o_risk_penalty,physical_pass,30,24,0.8,0.6269430358685175,0.9049489282271012,30,0
E6,w_o_risk_penalty,event_contact_free,30,12,0.4,0.2459062811680185,0.5767963974667752,30,0
E6,w_o_risk_penalty,event_on_track,30,15,0.5,0.3315412564053376,0.6684587435946623,30,0
E6,w_o_risk_penalty,sustained_lead,30,10,0.3333333333333333,0.1923049808367613,0.5121994835545616,30,0
E6,w_o_risk_penalty,post_pass_stable,30,22,0.7333333333333333,0.555520383048111,0.8581733668040368,30,0
E6,w_o_safety_quality_terms,strict_completion,30,0,0.0,0.0,0.1135133931739687,30,0
E6,w_o_safety_quality_terms,physical_pass,30,28,0.9333333333333332,0.7867654163738308,0.9815229762087296,30,0
E6,w_o_safety_quality_terms,event_contact_free,30,11,0.3666666666666666,0.218739208061007,0.5448643634520511,30,0
E6,w_o_safety_quality_terms,event_on_track,30,11,0.3666666666666666,0.218739208061007,0.5448643634520511,30,0
E6,w_o_safety_quality_terms,sustained_lead,30,15,0.5,0.3315412564053376,0.6684587435946623,30,0
E6,w_o_safety_quality_terms,post_pass_stable,30,25,0.8333333333333334,0.6643564949358398,0.9266345762815144,30,0
