protocol,experiment_id,track_id,num_agents,algorithm,method,n,nominal_count,nominal_rate,mean_rank_gain,mean_target_progress,stratum
E1,E1_basic_effectiveness,procedural,4,dlc_joint_transition_observer,DLC-JTO,5,0,0.0,0.0,0.0347141801316189,E1 / procedural / N=4
E1,E1_basic_effectiveness,procedural,4,ppo_continuous,PPO,5,1,0.2,0.4,0.0654113036004823,E1 / procedural / N=4
E1,E1_basic_effectiveness,procedural,4,rule_expert_gate,Rule Expert,5,4,0.8,1.8,0.4564210309143127,E1 / procedural / N=4
E1,E1_basic_effectiveness,procedural,4,rule_safety_gate,Safety Rule,5,5,1.0,2.4,0.694817026448462,E1 / procedural / N=4
E1,E1_basic_effectiveness,procedural,4,sac_continuous,SAC,5,0,0.0,0.0,0.063510252112566,E1 / procedural / N=4
E1,E1_basic_effectiveness,procedural,4,td3_continuous,TD3,5,3,0.6,0.0,0.0746015148282693,E1 / procedural / N=4
E1,E1_basic_effectiveness,procedural,4,v6_runtime_dynamic_neighborhood_safe,DRQ-DLC,5,5,1.0,0.0,0.2546113009428817,E1 / procedural / N=4
E1,E1_basic_effectiveness,procedural,5,dlc_joint_transition_observer,DLC-JTO,39,0,0.0,0.0,0.0395774414893842,E1 / procedural / N=5
E1,E1_basic_effectiveness,procedural,5,ppo_continuous,PPO,39,1,0.0256410256410256,0.0256410256410256,0.0301651524493162,E1 / procedural / N=5
E1,E1_basic_effectiveness,procedural,5,rule_expert_gate,Rule Expert,39,23,0.5897435897435898,3.1538461538461537,0.5919544120817902,E1 / procedural / N=5
E1,E1_basic_effectiveness,procedural,5,rule_safety_gate,Safety Rule,39,15,0.3846153846153846,3.282051282051282,0.62215952769633,E1 / procedural / N=5
E1,E1_basic_effectiveness,procedural,5,sac_continuous,SAC,39,8,0.2051282051282051,0.6153846153846154,0.1131206394134295,E1 / procedural / N=5
E1,E1_basic_effectiveness,procedural,5,td3_continuous,TD3,39,28,0.717948717948718,0.2051282051282051,0.0886146899691314,E1 / procedural / N=5
E1,E1_basic_effectiveness,procedural,5,v6_runtime_dynamic_neighborhood_safe,DRQ-DLC,39,36,0.9230769230769232,1.3846153846153846,0.2783551469241139,E1 / procedural / N=5
E1,E1_basic_effectiveness,procedural,6,dlc_joint_transition_observer,DLC-JTO,40,0,0.0,0.0,0.0407794312803674,E1 / procedural / N=6
E1,E1_basic_effectiveness,procedural,6,ppo_continuous,PPO,40,32,0.8,0.1,0.0305615837572124,E1 / procedural / N=6
E1,E1_basic_effectiveness,procedural,6,rule_expert_gate,Rule Expert,40,40,1.0,3.425,0.5309024761025871,E1 / procedural / N=6
E1,E1_basic_effectiveness,procedural,6,rule_safety_gate,Safety Rule,40,39,0.975,3.85,0.5895263183652373,E1 / procedural / N=6
E1,E1_basic_effectiveness,procedural,6,sac_continuous,SAC,40,8,0.2,0.725,0.1041177814278744,E1 / procedural / N=6
E1,E1_basic_effectiveness,procedural,6,td3_continuous,TD3,40,25,0.625,0.475,0.0971268011402053,E1 / procedural / N=6
E1,E1_basic_effectiveness,procedural,6,v6_runtime_dynamic_neighborhood_safe,DRQ-DLC,40,39,0.975,1.525,0.2818856762209875,E1 / procedural / N=6
E1,E1_basic_effectiveness,procedural,7,dlc_joint_transition_observer,DLC-JTO,40,0,0.0,0.0,0.0353523339128363,E1 / procedural / N=7
E1,E1_basic_effectiveness,procedural,7,ppo_continuous,PPO,40,5,0.125,0.225,0.0309328331309238,E1 / procedural / N=7
E1,E1_basic_effectiveness,procedural,7,rule_expert_gate,Rule Expert,40,31,0.775,4.375,0.5906347351306844,E1 / procedural / N=7
E1,E1_basic_effectiveness,procedural,7,rule_safety_gate,Safety Rule,40,25,0.625,4.5,0.6131327488194688,E1 / procedural / N=7
E1,E1_basic_effectiveness,procedural,7,sac_continuous,SAC,40,1,0.025,0.1,0.0391438814156934,E1 / procedural / N=7
E1,E1_basic_effectiveness,procedural,7,td3_continuous,TD3,40,6,0.15,0.05,0.0338837302125545,E1 / procedural / N=7
E1,E1_basic_effectiveness,procedural,7,v6_runtime_dynamic_neighborhood_safe,DRQ-DLC,40,38,0.95,1.8,0.3065013214893176,E1 / procedural / N=7
E1,E1_basic_effectiveness,procedural,8,dlc_joint_transition_observer,DLC-JTO,40,0,0.0,0.0,0.0381404416906176,E1 / procedural / N=8
E1,E1_basic_effectiveness,procedural,8,ppo_continuous,PPO,40,11,0.275,0.375,0.0647106380524666,E1 / procedural / N=8
E1,E1_basic_effectiveness,procedural,8,rule_expert_gate,Rule Expert,40,26,0.65,4.525,0.5213610519029918,E1 / procedural / N=8
E1,E1_basic_effectiveness,procedural,8,rule_safety_gate,Safety Rule,40,30,0.75,4.7,0.5653857665557204,E1 / procedural / N=8
E1,E1_basic_effectiveness,procedural,8,sac_continuous,SAC,40,2,0.05,0.025,0.0828365850035538,E1 / procedural / N=8
E1,E1_basic_effectiveness,procedural,8,td3_continuous,TD3,40,6,0.15,0.025,0.0335893930669032,E1 / procedural / N=8
E1,E1_basic_effectiveness,procedural,8,v6_runtime_dynamic_neighborhood_safe,DRQ-DLC,40,39,0.975,2.225,0.251203426202065,E1 / procedural / N=8
E2,E2_environment_generalization,china_gp,4,dlc_joint_transition_observer,DLC-JTO,5,0,0.0,0.0,0.0738636363636363,E2 / china_gp / N=4
E2,E2_environment_generalization,china_gp,4,ppo_continuous,PPO,5,5,1.0,0.0,0.03125,E2 / china_gp / N=4
E2,E2_environment_generalization,china_gp,4,rule_expert_gate,Rule Expert,5,5,1.0,2.0,0.1193181818181818,E2 / china_gp / N=4
E2,E2_environment_generalization,china_gp,4,rule_safety_gate,Safety Rule,5,5,1.0,3.0,0.6278409090909091,E2 / china_gp / N=4
E2,E2_environment_generalization,china_gp,4,sac_continuous,SAC,5,0,0.0,0.0,0.0284090909090909,E2 / china_gp / N=4
E2,E2_environment_generalization,china_gp,4,v6_runtime_dynamic_neighborhood_safe,DRQ-DLC,5,5,1.0,1.0,0.1789772727272727,E2 / china_gp / N=4
E2,E2_environment_generalization,china_gp,6,dlc_joint_transition_observer,DLC-JTO,5,0,0.0,0.0,0.0454545454545454,E2 / china_gp / N=6
E2,E2_environment_generalization,china_gp,6,ppo_continuous,PPO,5,0,0.0,0.0,0.0369318181818181,E2 / china_gp / N=6
E2,E2_environment_generalization,china_gp,6,rule_expert_gate,Rule Expert,5,5,1.0,2.0,0.1051136363636362,E2 / china_gp / N=6
E2,E2_environment_generalization,china_gp,6,rule_safety_gate,Safety Rule,5,5,1.0,4.0,0.4147727272727273,E2 / china_gp / N=6
E2,E2_environment_generalization,china_gp,6,sac_continuous,SAC,5,0,0.0,0.0,0.1107954545454545,E2 / china_gp / N=6
E2,E2_environment_generalization,china_gp,6,v6_runtime_dynamic_neighborhood_safe,DRQ-DLC,5,5,1.0,1.0,0.1846590909090909,E2 / china_gp / N=6
E2,E2_environment_generalization,china_gp,8,dlc_joint_transition_observer,DLC-JTO,5,0,0.0,0.0,0.0482954545454545,E2 / china_gp / N=8
E2,E2_environment_generalization,china_gp,8,ppo_continuous,PPO,5,5,1.0,3.0,0.1420454545454545,E2 / china_gp / N=8
E2,E2_environment_generalization,china_gp,8,rule_expert_gate,Rule Expert,5,5,1.0,1.0,0.2784090909090909,E2 / china_gp / N=8
E2,E2_environment_generalization,china_gp,8,rule_safety_gate,Safety Rule,5,5,1.0,6.0,0.3948863636363636,E2 / china_gp / N=8
E2,E2_environment_generalization,china_gp,8,sac_continuous,SAC,5,0,0.0,0.0,0.1193181818181818,E2 / china_gp / N=8
E2,E2_environment_generalization,china_gp,8,v6_runtime_dynamic_neighborhood_safe,DRQ-DLC,5,5,1.0,6.0,0.375,E2 / china_gp / N=8
E2,E2_environment_generalization,imola,4,dlc_joint_transition_observer,DLC-JTO,5,0,0.0,0.0,0.0511627906976744,E2 / imola / N=4
E2,E2_environment_generalization,imola,4,ppo_continuous,PPO,5,5,1.0,0.0,0.0883720930232558,E2 / imola / N=4
E2,E2_environment_generalization,imola,4,rule_expert_gate,Rule Expert,5,5,1.0,3.0,1.0,E2 / imola / N=4
E2,E2_environment_generalization,imola,4,rule_safety_gate,Safety Rule,5,5,1.0,3.0,0.9488372093023256,E2 / imola / N=4
E2,E2_environment_generalization,imola,4,sac_continuous,SAC,5,0,0.0,0.0,0.041860465116279,E2 / imola / N=4
E2,E2_environment_generalization,imola,4,v6_runtime_dynamic_neighborhood_safe,DRQ-DLC,5,5,1.0,0.0,0.2651162790697674,E2 / imola / N=4
E2,E2_environment_generalization,imola,6,dlc_joint_transition_observer,DLC-JTO,5,0,0.0,0.0,0.0651162790697674,E2 / imola / N=6
E2,E2_environment_generalization,imola,6,ppo_continuous,PPO,5,0,0.0,0.0,0.0372093023255813,E2 / imola / N=6
E2,E2_environment_generalization,imola,6,rule_expert_gate,Rule Expert,5,0,0.0,1.0,0.1581395348837209,E2 / imola / N=6
E2,E2_environment_generalization,imola,6,rule_safety_gate,Safety Rule,5,0,0.0,5.0,1.0,E2 / imola / N=6
E2,E2_environment_generalization,imola,6,sac_continuous,SAC,5,0,0.0,0.0,0.0744186046511627,E2 / imola / N=6
E2,E2_environment_generalization,imola,6,v6_runtime_dynamic_neighborhood_safe,DRQ-DLC,5,5,1.0,2.0,0.386046511627907,E2 / imola / N=6
E2,E2_environment_generalization,imola,8,dlc_joint_transition_observer,DLC-JTO,5,0,0.0,0.0,0.0697674418604651,E2 / imola / N=8
E2,E2_environment_generalization,imola,8,ppo_continuous,PPO,5,0,0.0,0.0,0.041860465116279,E2 / imola / N=8
E2,E2_environment_generalization,imola,8,rule_expert_gate,Rule Expert,5,5,1.0,7.0,1.0,E2 / imola / N=8
E2,E2_environment_generalization,imola,8,rule_safety_gate,Safety Rule,5,5,1.0,6.0,0.874418604651163,E2 / imola / N=8
E2,E2_environment_generalization,imola,8,sac_continuous,SAC,5,0,0.0,0.0,0.055813953488372,E2 / imola / N=8
E2,E2_environment_generalization,imola,8,v6_runtime_dynamic_neighborhood_safe,DRQ-DLC,5,5,1.0,0.0,0.0883720930232558,E2 / imola / N=8
E2,E2_environment_generalization,indianapolis_sp,4,dlc_joint_transition_observer,DLC-JTO,5,0,0.0,0.0,0.0424528301886792,E2 / indianapolis_sp / N=4
E2,E2_environment_generalization,indianapolis_sp,4,ppo_continuous,PPO,5,5,1.0,0.0,0.0330188679245283,E2 / indianapolis_sp / N=4
E2,E2_environment_generalization,indianapolis_sp,4,rule_expert_gate,Rule Expert,5,5,1.0,1.0,0.2075471698113207,E2 / indianapolis_sp / N=4
E2,E2_environment_generalization,indianapolis_sp,4,rule_safety_gate,Safety Rule,5,5,1.0,1.0,0.1084905660377358,E2 / indianapolis_sp / N=4
E2,E2_environment_generalization,indianapolis_sp,4,sac_continuous,SAC,5,0,0.0,0.0,0.1132075471698113,E2 / indianapolis_sp / N=4
E2,E2_environment_generalization,indianapolis_sp,4,v6_runtime_dynamic_neighborhood_safe,DRQ-DLC,5,5,1.0,2.0,0.3443396226415094,E2 / indianapolis_sp / N=4
E2,E2_environment_generalization,indianapolis_sp,6,dlc_joint_transition_observer,DLC-JTO,5,0,0.0,0.0,0.0613207547169811,E2 / indianapolis_sp / N=6
E2,E2_environment_generalization,indianapolis_sp,6,ppo_continuous,PPO,5,5,1.0,0.0,0.0330188679245283,E2 / indianapolis_sp / N=6
E2,E2_environment_generalization,indianapolis_sp,6,rule_expert_gate,Rule Expert,5,5,1.0,4.0,0.2924528301886792,E2 / indianapolis_sp / N=6
E2,E2_environment_generalization,indianapolis_sp,6,rule_safety_gate,Safety Rule,5,5,1.0,2.0,0.1320754716981132,E2 / indianapolis_sp / N=6
E2,E2_environment_generalization,indianapolis_sp,6,sac_continuous,SAC,5,0,0.0,1.0,0.160377358490566,E2 / indianapolis_sp / N=6
E2,E2_environment_generalization,indianapolis_sp,6,v6_runtime_dynamic_neighborhood_safe,DRQ-DLC,5,5,1.0,2.0,0.231132075471698,E2 / indianapolis_sp / N=6
E2,E2_environment_generalization,indianapolis_sp,8,dlc_joint_transition_observer,DLC-JTO,5,0,0.0,0.0,0.0566037735849056,E2 / indianapolis_sp / N=8
E2,E2_environment_generalization,indianapolis_sp,8,ppo_continuous,PPO,5,5,1.0,0.0,0.0330188679245283,E2 / indianapolis_sp / N=8
E2,E2_environment_generalization,indianapolis_sp,8,rule_expert_gate,Rule Expert,5,5,1.0,7.0,0.9386792452830188,E2 / indianapolis_sp / N=8
E2,E2_environment_generalization,indianapolis_sp,8,rule_safety_gate,Safety Rule,5,5,1.0,3.0,0.1792452830188679,E2 / indianapolis_sp / N=8
E2,E2_environment_generalization,indianapolis_sp,8,sac_continuous,SAC,5,5,1.0,3.0,0.1933962264150943,E2 / indianapolis_sp / N=8
E2,E2_environment_generalization,indianapolis_sp,8,v6_runtime_dynamic_neighborhood_safe,DRQ-DLC,5,5,1.0,4.0,0.4433962264150943,E2 / indianapolis_sp / N=8
E2,E2_environment_generalization,monaco,4,dlc_joint_transition_observer,DLC-JTO,5,0,0.0,0.0,0.0802919708029197,E2 / monaco / N=4
E2,E2_environment_generalization,monaco,4,ppo_continuous,PPO,5,5,1.0,0.0,0.0510948905109489,E2 / monaco / N=4
E2,E2_environment_generalization,monaco,4,rule_expert_gate,Rule Expert,5,5,1.0,1.0,0.1277372262773722,E2 / monaco / N=4
E2,E2_environment_generalization,monaco,4,rule_safety_gate,Safety Rule,5,5,1.0,1.0,0.1021897810218978,E2 / monaco / N=4
E2,E2_environment_generalization,monaco,4,sac_continuous,SAC,5,0,0.0,0.0,0.0328467153284671,E2 / monaco / N=4
E2,E2_environment_generalization,monaco,4,v6_runtime_dynamic_neighborhood_safe,DRQ-DLC,5,5,1.0,2.0,0.5437956204379562,E2 / monaco / N=4
E2,E2_environment_generalization,monaco,6,dlc_joint_transition_observer,DLC-JTO,5,0,0.0,0.0,0.0948905109489051,E2 / monaco / N=6
E2,E2_environment_generalization,monaco,6,ppo_continuous,PPO,5,5,1.0,0.0,0.0547445255474452,E2 / monaco / N=6
E2,E2_environment_generalization,monaco,6,rule_expert_gate,Rule Expert,5,5,1.0,0.0,0.0875912408759124,E2 / monaco / N=6
E2,E2_environment_generalization,monaco,6,rule_safety_gate,Safety Rule,5,5,1.0,0.0,0.0948905109489051,E2 / monaco / N=6
E2,E2_environment_generalization,monaco,6,sac_continuous,SAC,5,0,0.0,0.0,0.083941605839416,E2 / monaco / N=6
E2,E2_environment_generalization,monaco,6,v6_runtime_dynamic_neighborhood_safe,DRQ-DLC,5,5,1.0,2.0,0.2883211678832116,E2 / monaco / N=6
E2,E2_environment_generalization,monaco,8,dlc_joint_transition_observer,DLC-JTO,5,0,0.0,0.0,0.0766423357664233,E2 / monaco / N=8
E2,E2_environment_generalization,monaco,8,ppo_continuous,PPO,5,5,1.0,0.0,0.0583941605839416,E2 / monaco / N=8
E2,E2_environment_generalization,monaco,8,rule_expert_gate,Rule Expert,5,5,1.0,7.0,0.656934306569343,E2 / monaco / N=8
E2,E2_environment_generalization,monaco,8,rule_safety_gate,Safety Rule,5,0,0.0,2.0,0.1313868613138686,E2 / monaco / N=8
E2,E2_environment_generalization,monaco,8,sac_continuous,SAC,5,0,0.0,0.0,0.010948905109489,E2 / monaco / N=8
E2,E2_environment_generalization,monaco,8,v6_runtime_dynamic_neighborhood_safe,DRQ-DLC,5,5,1.0,7.0,0.5766423357664233,E2 / monaco / N=8
E2,E2_environment_generalization,monza,4,dlc_joint_transition_observer,DLC-JTO,5,0,0.0,0.0,0.0892018779342723,E2 / monza / N=4
E2,E2_environment_generalization,monza,4,ppo_continuous,PPO,5,5,1.0,0.0,0.0375586854460093,E2 / monza / N=4
E2,E2_environment_generalization,monza,4,rule_expert_gate,Rule Expert,5,5,1.0,3.0,0.4647887323943662,E2 / monza / N=4
E2,E2_environment_generalization,monza,4,rule_safety_gate,Safety Rule,5,5,1.0,0.0,0.1596244131455399,E2 / monza / N=4
E2,E2_environment_generalization,monza,4,sac_continuous,SAC,5,0,0.0,0.0,0.1032863849765258,E2 / monza / N=4
E2,E2_environment_generalization,monza,4,v6_runtime_dynamic_neighborhood_safe,DRQ-DLC,5,5,1.0,3.0,0.8591549295774648,E2 / monza / N=4
E2,E2_environment_generalization,monza,6,dlc_joint_transition_observer,DLC-JTO,5,0,0.0,0.0,0.0657276995305164,E2 / monza / N=6
E2,E2_environment_generalization,monza,6,ppo_continuous,PPO,5,5,1.0,0.0,0.0328638497652582,E2 / monza / N=6
E2,E2_environment_generalization,monza,6,rule_expert_gate,Rule Expert,5,5,1.0,3.0,0.6525821596244131,E2 / monza / N=6
E2,E2_environment_generalization,monza,6,rule_safety_gate,Safety Rule,5,5,1.0,5.0,0.8591549295774648,E2 / monza / N=6
E2,E2_environment_generalization,monza,6,sac_continuous,SAC,5,0,0.0,0.0,0.0281690140845069,E2 / monza / N=6
E2,E2_environment_generalization,monza,6,v6_runtime_dynamic_neighborhood_safe,DRQ-DLC,5,5,1.0,0.0,0.1502347417840375,E2 / monza / N=6
E2,E2_environment_generalization,monza,8,dlc_joint_transition_observer,DLC-JTO,5,0,0.0,0.0,0.0657276995305164,E2 / monza / N=8
E2,E2_environment_generalization,monza,8,ppo_continuous,PPO,5,0,0.0,1.0,0.0610328638497652,E2 / monza / N=8
E2,E2_environment_generalization,monza,8,rule_expert_gate,Rule Expert,5,0,0.0,4.0,0.3004694835680751,E2 / monza / N=8
E2,E2_environment_generalization,monza,8,rule_safety_gate,Safety Rule,5,0,0.0,3.0,0.3615023474178404,E2 / monza / N=8
E2,E2_environment_generalization,monza,8,sac_continuous,SAC,5,0,0.0,0.0,0.0516431924882629,E2 / monza / N=8
E2,E2_environment_generalization,monza,8,v6_runtime_dynamic_neighborhood_safe,DRQ-DLC,5,5,1.0,1.0,0.2394366197183098,E2 / monza / N=8
E3,E3_scale_extension,monza,4,dlc_joint_transition_observer,DLC-JTO,5,0,0.0,0.0,0.0892018779342723,E3 / monza / N=4
E3,E3_scale_extension,monza,4,ppo_continuous,PPO,5,5,1.0,0.0,0.0375586854460093,E3 / monza / N=4
E3,E3_scale_extension,monza,4,rule_expert_gate,Rule Expert,5,5,1.0,3.0,0.4647887323943662,E3 / monza / N=4
E3,E3_scale_extension,monza,4,rule_safety_gate,Safety Rule,5,5,1.0,0.0,0.1596244131455399,E3 / monza / N=4
E3,E3_scale_extension,monza,4,v6_runtime_dynamic_neighborhood_safe,DRQ-DLC,5,5,1.0,3.0,0.8591549295774648,E3 / monza / N=4
E3,E3_scale_extension,monza,6,dlc_joint_transition_observer,DLC-JTO,5,0,0.0,0.0,0.0657276995305164,E3 / monza / N=6
E3,E3_scale_extension,monza,6,ppo_continuous,PPO,5,5,1.0,0.0,0.0328638497652582,E3 / monza / N=6
E3,E3_scale_extension,monza,6,rule_expert_gate,Rule Expert,5,5,1.0,3.0,0.6525821596244131,E3 / monza / N=6
E3,E3_scale_extension,monza,6,rule_safety_gate,Safety Rule,5,5,1.0,5.0,0.8591549295774648,E3 / monza / N=6
E3,E3_scale_extension,monza,6,v6_runtime_dynamic_neighborhood_safe,DRQ-DLC,5,5,1.0,0.0,0.1502347417840375,E3 / monza / N=6
E3,E3_scale_extension,monza,8,dlc_joint_transition_observer,DLC-JTO,5,0,0.0,0.0,0.0657276995305164,E3 / monza / N=8
E3,E3_scale_extension,monza,8,ppo_continuous,PPO,5,0,0.0,1.0,0.0610328638497652,E3 / monza / N=8
E3,E3_scale_extension,monza,8,rule_expert_gate,Rule Expert,5,0,0.0,4.0,0.3004694835680751,E3 / monza / N=8
E3,E3_scale_extension,monza,8,rule_safety_gate,Safety Rule,5,0,0.0,3.0,0.3615023474178404,E3 / monza / N=8
E3,E3_scale_extension,monza,8,v6_runtime_dynamic_neighborhood_safe,DRQ-DLC,5,5,1.0,1.0,0.2394366197183098,E3 / monza / N=8
E3,E3_scale_extension,monza,10,dlc_joint_transition_observer,DLC-JTO,5,0,0.0,0.0,0.0234741784037558,E3 / monza / N=10
E3,E3_scale_extension,monza,10,ppo_continuous,PPO,5,0,0.0,0.0,0.0281690140845069,E3 / monza / N=10
E3,E3_scale_extension,monza,10,rule_expert_gate,Rule Expert,5,5,1.0,3.0,0.3145539906103286,E3 / monza / N=10
E3,E3_scale_extension,monza,10,rule_safety_gate,Safety Rule,5,5,1.0,1.0,0.2488262910798122,E3 / monza / N=10
E3,E3_scale_extension,monza,10,v6_runtime_dynamic_neighborhood_safe,DRQ-DLC,5,5,1.0,1.0,0.3051643192488263,E3 / monza / N=10
E3,E3_scale_extension,monza,12,dlc_joint_transition_observer,DLC-JTO,5,0,0.0,0.0,0.0610328638497652,E3 / monza / N=12
E3,E3_scale_extension,monza,12,ppo_continuous,PPO,5,0,0.0,0.0,0.0375586854460093,E3 / monza / N=12
E3,E3_scale_extension,monza,12,rule_expert_gate,Rule Expert,5,5,1.0,10.0,0.7887323943661971,E3 / monza / N=12
E3,E3_scale_extension,monza,12,rule_safety_gate,Safety Rule,5,5,1.0,11.0,0.9953051643192488,E3 / monza / N=12
E3,E3_scale_extension,monza,12,v6_runtime_dynamic_neighborhood_safe,DRQ-DLC,5,5,1.0,4.0,0.5023474178403756,E3 / monza / N=12
E3,E3_scale_extension,procedural,4,dlc_joint_transition_observer,DLC-JTO,5,0,0.0,0.0,0.0389075493100105,E3 / procedural / N=4
E3,E3_scale_extension,procedural,4,ppo_continuous,PPO,5,1,0.2,0.2,0.0656175834982341,E3 / procedural / N=4
E3,E3_scale_extension,procedural,4,rule_expert_gate,Rule Expert,5,5,1.0,1.6,0.4459961933163163,E3 / procedural / N=4
E3,E3_scale_extension,procedural,4,rule_safety_gate,Safety Rule,5,5,1.0,2.2,0.5764953435575161,E3 / procedural / N=4
E3,E3_scale_extension,procedural,4,v6_runtime_dynamic_neighborhood_safe,DRQ-DLC,5,5,1.0,0.2,0.3943949590003568,E3 / procedural / N=4
E3,E3_scale_extension,procedural,6,dlc_joint_transition_observer,DLC-JTO,5,0,0.0,0.0,0.039620414031496,E3 / procedural / N=6
E3,E3_scale_extension,procedural,6,ppo_continuous,PPO,5,5,1.0,0.0,0.026792364696349,E3 / procedural / N=6
E3,E3_scale_extension,procedural,6,rule_expert_gate,Rule Expert,5,5,1.0,2.2,0.2897729567658286,E3 / procedural / N=6
E3,E3_scale_extension,procedural,6,rule_safety_gate,Safety Rule,5,5,1.0,4.4,0.7463069585025537,E3 / procedural / N=6
E3,E3_scale_extension,procedural,6,v6_runtime_dynamic_neighborhood_safe,DRQ-DLC,5,5,1.0,0.4,0.2651633687684315,E3 / procedural / N=6
E3,E3_scale_extension,procedural,8,dlc_joint_transition_observer,DLC-JTO,5,0,0.0,0.0,0.0407895083403795,E3 / procedural / N=8
E3,E3_scale_extension,procedural,8,ppo_continuous,PPO,5,2,0.4,0.2,0.0723142057602578,E3 / procedural / N=8
E3,E3_scale_extension,procedural,8,rule_expert_gate,Rule Expert,5,5,1.0,4.4,0.516885858495917,E3 / procedural / N=8
E3,E3_scale_extension,procedural,8,rule_safety_gate,Safety Rule,5,4,0.8,3.6,0.475096303338566,E3 / procedural / N=8
E3,E3_scale_extension,procedural,8,v6_runtime_dynamic_neighborhood_safe,DRQ-DLC,5,5,1.0,1.4,0.2961156722628332,E3 / procedural / N=8
E3,E3_scale_extension,procedural,10,dlc_joint_transition_observer,DLC-JTO,5,0,0.0,0.0,0.0203290818174149,E3 / procedural / N=10
E3,E3_scale_extension,procedural,10,ppo_continuous,PPO,5,0,0.0,0.0,0.0134156877469902,E3 / procedural / N=10
E3,E3_scale_extension,procedural,10,rule_expert_gate,Rule Expert,5,5,1.0,4.2,0.2801807758533114,E3 / procedural / N=10
E3,E3_scale_extension,procedural,10,rule_safety_gate,Safety Rule,5,5,1.0,5.6,0.5236680898268566,E3 / procedural / N=10
E3,E3_scale_extension,procedural,10,v6_runtime_dynamic_neighborhood_safe,DRQ-DLC,5,5,1.0,0.6,0.2025710991450908,E3 / procedural / N=10
E3,E3_scale_extension,procedural,12,dlc_joint_transition_observer,DLC-JTO,5,0,0.0,0.0,0.0322902241098597,E3 / procedural / N=12
E3,E3_scale_extension,procedural,12,ppo_continuous,PPO,5,0,0.0,0.0,0.0163432305073586,E3 / procedural / N=12
E3,E3_scale_extension,procedural,12,rule_expert_gate,Rule Expert,5,5,1.0,2.4,0.1790658660585856,E3 / procedural / N=12
E3,E3_scale_extension,procedural,12,rule_safety_gate,Safety Rule,5,5,1.0,7.8,0.6325413964749897,E3 / procedural / N=12
E3,E3_scale_extension,procedural,12,v6_runtime_dynamic_neighborhood_safe,DRQ-DLC,5,5,1.0,2.0,0.219573180512135,E3 / procedural / N=12
