protocol,method,endpoint,count,n,rate,low,high
E1,DLC-JTO,Nominal crossing,0.0,164.0,0.0,0.0,0.022887425119427582
E1,PPO,Nominal crossing,50.0,164.0,0.3048780487804878,0.23955551652293688,0.379132259133425
E1,Rule Expert,Nominal crossing,124.0,164.0,0.7560975609756098,0.6850048764595837,0.8154674179914412
E1,Safety Rule,Nominal crossing,114.0,164.0,0.6951219512195121,0.6208677408665749,0.7604444834770631
E1,SAC,Nominal crossing,19.0,164.0,0.11585365853658537,0.07543504158252853,0.1738565167409341
E1,TD3,Nominal crossing,68.0,164.0,0.4146341463414634,0.3420300175034561,0.4911458843462022
E1,DRQ-DLC,Nominal crossing,157.0,164.0,0.9573170731707317,0.9145275253974305,0.9791730004079708
E2,DLC-JTO,Nominal crossing,0.0,75.0,0.0,3.469446951953614e-18,0.04872384248280587
E2,PPO,Nominal crossing,55.0,75.0,0.7333333333333333,0.6236920098227623,0.8202368636852615
E2,Rule Expert,Nominal crossing,65.0,75.0,0.8666666666666667,0.7716683625530486,0.9259341529595605
E2,Safety Rule,Nominal crossing,60.0,75.0,0.8,0.6958871716522836,0.8748785228580329
E2,SAC,Nominal crossing,5.0,75.0,0.06666666666666667,0.02881006289949372,0.14675060058560468
E2,DRQ-DLC,Nominal crossing,75.0,75.0,1.0,0.9512761575171942,1.0
E3,DLC-JTO,Nominal crossing,0.0,50.0,0.0,6.938893903907228e-18,0.07134759913335872
E3,PPO,Nominal crossing,18.0,50.0,0.36,0.24138749651846741,0.49858983123887307
E3,Rule Expert,Nominal crossing,45.0,50.0,0.9,0.7863976856252035,0.9565242350681096
E3,Safety Rule,Nominal crossing,44.0,50.0,0.88,0.7619518261679701,0.9438239984906773
E3,DRQ-DLC,Nominal crossing,50.0,50.0,1.0,0.9286524008666414,1.0
E1,DLC-JTO,Physical pass,0.0,164.0,0.0,-1.734723475976807e-18,0.0228874251194275
E1,PPO,Physical pass,12.0,164.0,0.073170731707317,0.0423492978013665,0.1235302114469252
E1,Rule Expert,Physical pass,155.0,164.0,0.945121951219512,0.8990054569513506,0.9708630548325734
E1,Safety Rule,Physical pass,161.0,164.0,0.9817073170731708,0.9476049010042732,0.9937596528440829
E1,SAC,Physical pass,0.0,164.0,0.0,-1.734723475976807e-18,0.0228874251194275
E1,TD3,Physical pass,38.0,164.0,0.2317073170731707,0.1737221609294149,0.3019735305980828
E1,DRQ-DLC,Physical pass,149.0,164.0,0.9085365853658536,0.8545843843745378,0.9437880853449544
E2,DLC-JTO,Physical pass,0.0,75.0,0.0,3.469446951953614e-18,0.0487238424828058
E2,PPO,Physical pass,5.0,75.0,0.0666666666666666,0.0288100628994937,0.1467506005856046
E2,Rule Expert,Physical pass,55.0,75.0,0.7333333333333333,0.6236920098227623,0.8202368636852615
E2,Safety Rule,Physical pass,50.0,75.0,0.6666666666666666,0.5541742611414865,0.7629177913642448
E2,SAC,Physical pass,5.0,75.0,0.0666666666666666,0.0288100628994937,0.1467506005856046
E2,DRQ-DLC,Physical pass,60.0,75.0,0.8,0.6958871716522836,0.8748785228580329
E3,DLC-JTO,Physical pass,0.0,50.0,0.0,6.938893903907228e-18,0.0713475991333587
E3,PPO,Physical pass,16.0,50.0,0.32,0.2075821626065684,0.4581029730814407
E3,Rule Expert,Physical pass,40.0,50.0,0.8,0.6696289406777459,0.887562499842239
E3,Safety Rule,Physical pass,40.0,50.0,0.8,0.6696289406777459,0.887562499842239
E3,DRQ-DLC,Physical pass,45.0,50.0,0.9,0.7863976856252035,0.9565242350681096
E1,DLC-JTO,Strict completion,0.0,164.0,0.0,-1.734723475976807e-18,0.0228874251194275
E1,PPO,Strict completion,0.0,164.0,0.0,-1.734723475976807e-18,0.0228874251194275
E1,Rule Expert,Strict completion,4.0,164.0,0.024390243902439,0.009524838224461,0.0610266149379212
E1,Safety Rule,Strict completion,1.0,164.0,0.0060975609756097,0.0010771813904626,0.0337262507397036
E1,SAC,Strict completion,0.0,164.0,0.0,-1.734723475976807e-18,0.0228874251194275
E1,TD3,Strict completion,0.0,164.0,0.0,-1.734723475976807e-18,0.0228874251194275
E1,DRQ-DLC,Strict completion,2.0,164.0,0.0121951219512195,0.0033507380935597,0.0433687010473451
E2,DLC-JTO,Strict completion,0.0,75.0,0.0,3.469446951953614e-18,0.0487238424828058
E2,PPO,Strict completion,0.0,75.0,0.0,3.469446951953614e-18,0.0487238424828058
E2,Rule Expert,Strict completion,0.0,75.0,0.0,3.469446951953614e-18,0.0487238424828058
E2,Safety Rule,Strict completion,0.0,75.0,0.0,3.469446951953614e-18,0.0487238424828058
E2,SAC,Strict completion,0.0,75.0,0.0,3.469446951953614e-18,0.0487238424828058
E2,DRQ-DLC,Strict completion,5.0,75.0,0.0666666666666666,0.0288100628994937,0.1467506005856046
E3,DLC-JTO,Strict completion,0.0,50.0,0.0,6.938893903907228e-18,0.0713475991333587
E3,PPO,Strict completion,0.0,50.0,0.0,6.938893903907228e-18,0.0713475991333587
E3,Rule Expert,Strict completion,0.0,50.0,0.0,6.938893903907228e-18,0.0713475991333587
E3,Safety Rule,Strict completion,0.0,50.0,0.0,6.938893903907228e-18,0.0713475991333587
E3,DRQ-DLC,Strict completion,1.0,50.0,0.02,0.0035392592716462,0.1049544358963781
