algorithm,n_cases,n_events,race_speed_mean_mean,race_speed_mean_ci_low,race_speed_mean_ci_high,race_speed_p10_mean,race_speed_p10_ci_low,race_speed_p10_ci_high,race_speed_p50_mean,race_speed_p50_ci_low,race_speed_p50_ci_high,race_speed_p90_mean,race_speed_p90_ci_low,race_speed_p90_ci_high,race_lat_mean_mean,race_lat_mean_ci_low,race_lat_mean_ci_high,race_lat_p90_mean,race_lat_p90_ci_low,race_lat_p90_ci_high,best_lead_any_mean,best_lead_any_ci_low,best_lead_any_ci_high,lead_margin_to_pass_gate_mean,lead_margin_to_pass_gate_ci_low,lead_margin_to_pass_gate_ci_high,target_speed_mean_mean,target_speed_mean_ci_low,target_speed_mean_ci_high,target_speed_p10_mean,target_speed_p10_ci_low,target_speed_p10_ci_high,target_speed_p50_mean,target_speed_p50_ci_low,target_speed_p50_ci_high,target_speed_p90_mean,target_speed_p90_ci_low,target_speed_p90_ci_high,target_speed_std_mean,target_speed_std_ci_low,target_speed_std_ci_high,target_lat_mean_mean,target_lat_mean_ci_low,target_lat_mean_ci_high,target_lat_p90_mean,target_lat_p90_ci_low,target_lat_p90_ci_high,target_lat_max_mean,target_lat_max_ci_low,target_lat_max_ci_high,target_grass_fraction_mean,target_grass_fraction_ci_low,target_grass_fraction_ci_high,episode_min_pair_gap_mean,episode_min_pair_gap_ci_low,episode_min_pair_gap_ci_high,target_contact_steps_mean,target_contact_steps_ci_low,target_contact_steps_ci_high,guard_fraction_episode_mean,guard_fraction_episode_ci_low,guard_fraction_episode_ci_high,neighbor_admitted_mean_mean,neighbor_admitted_mean_ci_low,neighbor_admitted_mean_ci_high,neighbor_churn_rate_mean,neighbor_churn_rate_ci_low,neighbor_churn_rate_ci_high,neighbor_distinct_total_mean,neighbor_distinct_total_ci_low,neighbor_distinct_total_ci_high,neighbor_residence_mean_mean,neighbor_residence_mean_ci_low,neighbor_residence_mean_ci_high,lead_max_maneuver_median,lead_max_maneuver_mean,lead_min_maneuver_median,lead_min_maneuver_mean,approach_steps_median,approach_steps_mean,alongside_steps_median,alongside_steps_mean,maneuver_steps_median,maneuver_steps_mean,time_to_pass_steps_median,time_to_pass_steps_mean,target_speed_approach_median,target_speed_approach_mean,rival_speed_approach_median,rival_speed_approach_mean,speed_advantage_approach_median,speed_advantage_approach_mean,target_speed_alongside_median,target_speed_alongside_mean,rival_speed_alongside_median,rival_speed_alongside_mean,speed_advantage_alongside_median,speed_advantage_alongside_mean,rival_speed_drop_median,rival_speed_drop_mean,peak_abs_lat_maneuver_median,peak_abs_lat_maneuver_mean,mean_abs_lat_maneuver_median,mean_abs_lat_maneuver_mean,min_gap_rival_maneuver_median,min_gap_rival_maneuver_mean,min_gap_rival_window_median,min_gap_rival_window_mean,min_gap_third_party_maneuver_median,min_gap_third_party_maneuver_mean,guard_fraction_window_median,guard_fraction_window_mean,rival_admitted_fraction_median,rival_admitted_fraction_mean,heading_cos_min_maneuver_median,heading_cos_min_maneuver_mean,rival_admitted_rate,rival_admitted_rate_ci_low,rival_admitted_rate_ci_high
dlc_individual_transition,192,668,12.875277743152134,12.160675046820492,13.589880439483776,7.652596801900631,7.047031092296824,8.25816251150444,12.408944062006299,11.567902699062016,13.249985424950582,19.56623966035819,18.60837538737929,20.524103933337088,1.271703246426404,1.0865876637407612,1.4568188291120467,2.2368240577013547,1.942862696521423,2.5307854188812864,167.78125195332197,147.05861296699356,188.50389093965038,163.78125195332197,143.05861296699356,184.50389093965038,13.630209614333728,12.961332107057027,14.299087121610428,7.720006140481565,7.122327294267018,8.317684986696111,12.850060335283175,12.022213798577061,13.677906871989288,20.954937641794984,20.104916288702093,21.804958994887876,5.347953922875306,5.109734935169836,5.5861729105807765,1.1642318569242491,1.0023016711079886,1.3261620427405096,2.183692289112757,1.8940735067914714,2.4733110714340425,2.6692075363049903,2.347382371192355,2.9910327014176255,0.3111268939393939,0.2660120944860097,0.3562416933927781,3.5886207503924474,3.467862999635501,3.709378501149394,468.90625,386.9539578291102,550.8585421708898,0.0,0.0,0.0,nan,nan,nan,nan,nan,nan,nan,nan,nan,nan,nan,nan,7.000000366494817,7.345808233174918,-17.500000762542868,-16.63024098552299,54.0,88.33832335329342,44.0,96.80538922155688,105.5,186.1437125748503,104.5,185.1437125748503,21.219776678999374,19.646407017884126,10.941859191965015,10.330339031737214,10.410989472871496,9.31606798614691,21.366004943038035,19.240127392252486,11.00957315085353,10.295068711400987,10.102959338425748,8.945058680851497,0.03619207509875677,0.03527032033622722,0.7302492260932922,0.7871438218447977,0.553834286651441,0.559591060973632,5.404492725078218,8.688221389205797,5.404492725078218,8.685060116918397,6.690643740693837,12.357777015750527,0.0,0.0,nan,nan,0.921236515045166,0.824395581656052,,,
dlc_joint_transition,192,752,13.281367183274446,12.696024342991107,13.866710023557784,8.564707955137564,8.00799088186785,9.121425028407279,12.334775304963088,11.716678644852113,12.952871965074063,20.02056446299417,19.168704219484727,20.87242470650361,2.136845609055215,1.6934255877798108,2.580265630330619,3.5321349458768965,2.817935972364923,4.24633391938887,200.22916849609018,171.9695194142975,228.48881757788286,196.22916849609018,167.9695194142975,224.48881757788286,13.80538343325719,13.249196690601025,14.361570175913354,8.382790292516772,7.870826629728126,8.894753955305417,12.658214615269301,12.03020976928178,13.286219461256822,20.870596804007977,20.04414470069041,21.697048907325545,5.016196759437698,4.787765547747877,5.24462797112752,1.9264040240950706,1.5414638194205552,2.311344228769586,3.498225299951931,2.7907071511462624,4.205743448757599,3.9492944087833166,3.1723210596796894,4.726267757886943,0.364309591855624,0.31686370114970175,0.41175548256154626,3.6941204521207496,3.5531149163997258,3.8351259878417734,339.3854166666667,273.57051295572506,405.2003203776083,0.0,0.0,0.0,nan,nan,nan,nan,nan,nan,nan,nan,nan,nan,nan,nan,7.000000122203687,10.788563314029501,-17.50000135093393,-16.764629693800426,60.0,111.67553191489361,50.0,104.90425531914893,119.0,217.57978723404256,118.0,216.57978723404256,20.242754444528963,19.026967128020456,11.077534069714467,10.406155811106562,9.225332602257957,8.620811316913896,19.316681669796445,18.508188178524726,10.713375744218224,10.172597922172908,8.481642939177917,8.33559025635182,0.03563531892727223,0.2335578889336526,0.8216108083724976,1.0286555652050895,0.6649465331233534,0.7743581338808002,5.674663882399536,10.143983798159018,5.669846430127057,10.117447430467767,6.37639144495342,12.24986364406346,0.0,0.0,nan,nan,0.8830534219741821,0.822569648551933,,,
dlc_joint_transition_observer,192,750,13.101579175098573,12.563407487761955,13.639750862435191,8.70158936725153,8.108757340053344,9.294421394449717,12.616837503551807,11.936513537516756,13.297161469586857,18.341960375920074,17.65217499991086,19.03174575192929,1.880028811925132,1.6517921844308459,2.1082654394194185,3.7446457007899885,3.3050227623457014,4.184268639234276,180.72396116467098,152.90998944500353,208.53793288433843,176.72396116467098,148.90998944500353,204.53793288433843,13.659180332633852,13.176558168655578,14.141802496612126,8.581795674283233,7.993474996021973,9.170116352544493,12.997705406738675,12.345210861935932,13.650199951541417,19.745671016562397,19.19079477347823,20.300547259646564,4.576342109168707,4.289764726954125,4.862919491383289,1.6898540642783832,1.491478108182193,1.8882300203745734,3.623449152801186,3.195780237526471,4.051118068075901,4.633322441329558,4.115004232397163,5.151640650261954,0.45734848484848484,0.4141370487374859,0.5005599209594838,3.7615371933162227,3.604137341496213,3.9189370451362326,517.6354166666666,430.48853603424834,604.7822972990849,0.0,0.0,0.0,nan,nan,nan,nan,nan,nan,nan,nan,nan,nan,nan,nan,7.000000288664182,12.24533309372939,-17.500000593204277,-16.016002046425374,62.0,92.10133333333333,47.0,101.832,113.0,194.93333333333334,112.0,193.93333333333334,18.282083166172665,17.73508281639809,10.019813411926332,9.841707912282448,7.6304029964178515,7.893374904115643,18.764490378287938,17.836427515978315,10.343465485322108,9.817754717875719,7.945584653074647,8.018672798102596,0.03163944354936632,0.023953194406728318,0.9147346615791321,1.30602612777551,0.6557473814350435,0.9500881274448817,8.571724984106543,11.99521626443884,8.560045819409575,11.929216029818674,8.632912276776997,12.956442596394796,0.0,0.0,nan,nan,0.912800669670105,0.6978094687610865,,,
ours_dnq_dlc_seed13,48,206,15.268706215324281,14.180641955045278,16.356770475603284,8.657575647943943,7.414292004996224,9.900859290891663,15.334984217566904,13.975663148123502,16.694305287010305,21.90982931217191,21.20742207339249,22.612236550951334,0.8664733284821452,0.6703126138413064,1.062634043122984,1.6561664121846362,1.143770565402132,2.1685622589671407,245.07291810582694,205.41347649967355,284.73235971198034,241.07291810582694,201.41347649967355,280.73235971198034,15.68408112951414,14.771102445222844,16.597059813805437,8.703264516400054,7.529693241238323,9.876835791561785,15.901511344926163,14.656166040647966,17.146856649204363,22.698029226739237,22.424964898877306,22.97109355460117,5.414954877175532,5.067428908524511,5.762480845826553,0.8140562488869598,0.6452430201344971,0.9828694776394226,1.5932481660197182,1.1056418796275367,2.0808544524118995,2.3667516807715097,1.7423505394530934,2.991152822089926,0.12411931818181816,0.07359517497190488,0.17464346139173145,3.12216572387031,2.945058097256941,3.2992733504836793,321.75,226.18505884690768,417.3149411530923,0.06386363636363636,0.05405760771942837,0.07366966500784435,2.360501893939394,2.1557298897430295,2.565273898135758,0.03154843110504775,0.02448879112869408,0.03860807108140142,5.916666666666667,5.291310370179706,6.542022963153628,137.17676466989508,81.91732963782366,192.4361997019665,6.9999998147656015,6.999999092170411,-17.50000131026411,-16.29369161260411,73.0,124.11650485436893,69.5,108.22330097087378,159.0,233.3398058252427,158.0,232.3398058252427,18.395139830564737,17.10822147806626,10.152497299570989,9.771129025871435,6.974468651633508,7.337092452194823,16.577923490098577,16.645371032103046,9.969680488106599,9.608927147389407,6.172220090677835,7.03644388471364,0.047338069764592206,0.16220187848202908,0.7547723352909088,0.8813746348746772,0.5607137437277325,0.5765219767150984,5.02695032570222,7.925476772577327,5.02695032570222,7.873892024799371,7.546282341569032,12.713952913924079,0.031190492268215277,0.07017300102966591,1.0,0.9048703849702217,0.8495324850082397,0.7792192392403857,1.0,0.981693518324343,0.9999999999999999
ours_dnq_dlc_seed21,48,174,13.703822260603326,12.92217406334515,14.485470457861503,8.59604341133036,7.703391762104438,9.488695060556282,13.222365039171066,12.249247553527786,14.195482524814347,19.89944987080727,19.05155051725933,20.74734922435521,1.504569089738314,0.8369995411001752,2.1721386383764525,3.076720056061944,1.5683677893159431,4.585072322807944,141.31250217042256,111.78754589508864,170.83745844575648,137.31250217042256,107.78754589508864,166.83745844575648,13.89215174872629,13.204487419778062,14.579816077674518,8.658106014863066,7.788838439343472,9.527373590382659,13.293102510672307,12.349199546047522,14.237005475297092,20.288501829780586,19.602539495853637,20.974464163707534,4.642189066416069,4.394980001728483,4.889398131103656,1.378986559914716,0.8027319750276048,1.955241144801827,2.9988765272001427,1.5208828774635867,4.476870176936699,3.8928928561508656,2.2140628648058778,5.571722847495853,0.17048295454545456,0.1098932523049076,0.23107265678600153,2.9940534065421436,2.8449782478077825,3.1431285652765046,577.7916666666666,446.04034253655425,709.542990796779,0.0975568181818182,0.0863804323647915,0.10873320399884491,2.7327462121212123,2.623834817860415,2.8416576063820096,0.030468394724874944,0.023405444757555533,0.03753134469219435,5.729166666666667,5.137656189856853,6.320677143476481,279.3592597631702,122.53127707095263,436.1872424553878,6.999999842921852,7.42241307320182,-17.500001042287977,-16.232760562348854,100.0,160.5632183908046,92.0,171.83333333333334,210.5,333.3965517241379,209.5,332.3965517241379,15.531824056032628,15.442274774602742,10.322379496455671,9.762074708558469,5.205272740766965,5.6802000660442715,14.392924357529356,15.08952936730893,10.150227786337492,9.600898050784972,4.147910625048409,5.488631316523957,0.018669785042506604,0.16117665777349724,0.8734406530857086,1.0608239214995812,0.5787932027028284,0.6232794660634119,5.0066662081217075,9.737656561693363,5.000298849295222,9.698240644673888,5.479037217410097,12.853258797948683,0.08745759226894212,0.08864901297450477,0.981601836940556,0.8690240212028432,0.8639043271541595,0.7555045094448088,0.9885057471264368,0.9590654074816999,0.9968421808124327
ours_dnq_dlc_seed47,48,200,14.333783060256458,13.175090084923367,15.492476035589549,9.073227760950514,7.943091658945747,10.203363862955282,13.813152514432373,12.410385839413056,15.21591918945169,20.67852595161344,19.59272281488221,21.76432908834467,1.3329328974967052,0.7074821782890013,1.958383616704409,2.584924564386408,1.291327351738176,3.8785217770346394,225.31250186921218,181.26523202849592,269.35977170992845,221.31250186921218,177.26523202849592,265.35977170992845,14.753500893496922,13.735208923746004,15.771792863247839,8.99406106225897,7.921379752951946,10.066742371565994,14.212998003369934,12.844145901987842,15.581850104752027,21.756621118922055,20.969233649109317,22.544008588734794,4.942899121725069,4.674659600083106,5.211138643367032,1.2097677003226364,0.6711367220778558,1.7483986785674168,2.488371971249581,1.2351840110335501,3.741559931465612,3.2897809954981008,1.818975238733868,4.760586752262333,0.1624621212121212,0.0994156151813361,0.2255086272429063,3.218965587493615,3.010531336594748,3.427399838392482,384.9375,245.19802536009112,524.6769746399088,0.08945075757575759,0.07386485285093035,0.10503666230058482,2.3878125000000003,2.186950538223797,2.5886744617762036,0.03641806881916023,0.02737371367730374,0.045462423961016726,5.791666666666667,5.185319117045549,6.398014216287785,167.05587162956294,98.20764578509845,235.90409747402742,7.000000177204129,7.332499916190117,-17.500001043587133,-16.240001874744248,70.5,127.57,56.0,128.23,149.0,256.8,148.0,255.8,14.949988501994188,15.521043351091262,9.758365352185429,9.722358801582734,4.901304350779918,5.798684549508527,15.860669670604384,16.34201610270709,10.288081009423347,9.764590084829406,5.87611244260093,6.577426017877681,-0.01027830367825544,-0.042231283246673496,0.8302091360092163,0.9756670437008143,0.6000411646067294,0.5863077947304616,5.315059455356211,10.388364587288525,5.315059455356211,10.352006669277818,7.842756676968496,16.729218537501133,0.07734918065852327,0.08947780307307672,0.9727455529775715,0.8928155254898901,0.8348428010940552,0.7165747755393386,1.0,0.9811546736227335,1.0
ours_dnq_dlc_seed71,48,195,13.641053330824912,12.47722920783568,14.804877453814143,8.304262811158013,7.232605977347693,9.375919644968334,12.971433735179039,11.517322107750688,14.425545362607389,20.201338921379108,19.01498433216038,21.387693510597835,1.3543520142968548,0.7919024111048483,1.9168016174888614,2.610327376921972,1.4631407798996985,3.7575139739442456,190.31250183142353,158.08979369728638,222.53520996556068,186.31250183142353,154.08979369728638,218.53520996556068,14.112234107066584,13.079465522422291,15.145002691710877,8.383604653510504,7.331454620088119,9.435754686932889,13.560004753850158,12.277752022784687,14.84225748491563,21.279005176814795,20.38056105212481,22.17744930150478,4.988010012917592,4.688986757318465,5.28703326851672,1.2492777746231387,0.7650078470234255,1.733547702222852,2.5472869850695137,1.4280195556850415,3.666554414453986,3.4570624170204005,2.147294547840078,4.766830286200723,0.19922348484848484,0.13445497116280117,0.26399199853416855,3.0409444802818553,2.8715768576165557,3.210312102947155,400.2916666666667,282.01563170190985,518.5677016314236,0.08657196969696969,0.07597705581856465,0.09716688357537473,2.5000473484848484,2.3298777890609608,2.670216907908736,0.034409580112172204,0.02614362621989399,0.04267553400445041,5.895833333333333,5.277579861143422,6.514086805523244,224.34661195204694,92.27469435228588,356.418529551808,7.000000167744929,7.753846042440489,-17.500001493445097,-16.243591835468383,77.0,122.82564102564102,61.0,125.62051282051281,157.0,249.44615384615383,156.0,248.44615384615383,15.181251626601352,15.538378694650069,10.039802803935244,9.815417819474218,5.330520419724886,5.722960875175849,16.31403280300307,16.610679838550794,10.568084765663635,9.896781314909216,6.524669099451657,6.713898523641578,0.01208121317175781,-0.08136349543499703,0.9010807275772095,1.0823213103489997,0.6101859131362289,0.6603198808548972,4.907802396647454,10.027264191980656,4.907802396647454,9.924291201724584,6.410340949511925,13.86035489178727,0.096579476861167,0.09875178348095152,1.0,0.8751476402213175,0.8327099084854126,0.7101824156939983,0.9692307692307692,0.9345077803834483,0.9858234276319828
ours_dnq_dlc_seed99,48,197,14.610116829597715,13.541892736399515,15.678340922795915,9.639865783659255,8.482052435609262,10.797679131709248,14.151182465228379,12.770027694987581,15.532337235469177,20.753259998036246,19.875160979864503,21.631359016207988,0.93181362539232,0.6830588137318332,1.180568437052807,1.6331476543098689,1.0846278936941007,2.181667414925637,234.57291784285235,196.34628128911243,272.79955439659227,230.57291784285235,192.34628128911243,268.79955439659227,15.084381876222869,14.147793320223961,16.020970432221777,9.574547273578986,8.481840784970624,10.667253762187348,14.531410372776477,13.18023688244655,15.882583863106404,21.997209558138994,21.4245593901763,22.56985972610169,4.856051099318775,4.531982756993518,5.180119441644033,0.8731722219537797,0.6579202107603728,1.0884242331471867,1.5921780166526638,1.0649585249770581,2.1193975083282695,2.2019043415784836,1.5630951366576424,2.840713546499325,0.13195075757575758,0.07565745317841138,0.18824406197310378,3.4815519619339526,3.2167786923457884,3.7463252315221167,318.5833333333333,200.27979143933408,436.88687522733255,0.0846780303030303,0.07325664852038119,0.0960994120856794,2.400085227272727,2.1823734512206743,2.61779700332478,0.03460853418220403,0.026864743624331604,0.04235232474007646,5.8125,5.182199651866032,6.442800348133968,207.67034171004357,101.1535182022429,314.18716521784427,7.000000512232418,12.27664952315621,-17.500001917638883,-16.203048100103437,67.0,115.03553299492386,57.0,115.34010152284264,137.0,231.37563451776649,136.0,230.37563451776649,15.266216832023169,15.566872376952043,9.152634784655376,9.231737617793597,5.917979963904349,6.335134759158448,16.166407545247935,16.33774326486999,9.590286340950506,9.358970863573129,6.182391970885192,6.978772401296862,0.04744138980247392,-0.12723324577953415,0.8880197405815125,0.98227719614651,0.645629375847311,0.6251560231288003,6.962850592702608,11.89253166101878,6.962850592702608,11.850689156427539,8.202959973518968,15.561855758456542,0.09821428571428571,0.0950809989996344,0.9805825242718447,0.8485309675095204,0.8675891160964966,0.7882799557622919,0.9898477157360406,0.963745523475584,0.9972114479249535
rule_expert_gate,48,198,14.881958425873174,13.64213402470242,16.12178282704393,9.624948943083265,8.370377597207998,10.879520288958531,14.42106321086357,12.928671786558366,15.913454635168774,20.87066113720448,19.220417500600654,22.520904773808304,1.3697141776546011,0.8627001322021797,1.8767282231070226,3.176603880772989,2.355237804225936,3.997969957320042,196.87500220874855,153.75047865888627,239.99952575861084,192.87500220874855,149.75047865888627,235.99952575861084,15.564558887524493,14.457690387993374,16.671427387055612,9.552332388226752,8.402093110375988,10.702571666077516,14.82187069423036,13.345501194518176,16.298240193942544,22.799393687988594,21.311801244105393,24.286986131871796,5.378450696063932,4.915403316135107,5.841498075992757,1.2349563596907362,0.7970216975986013,1.6728910217828712,3.053676181007177,2.2467496067878554,3.8606027552264988,4.504859426990151,3.72276684890525,5.286952005075053,0.2990929763261974,0.22465614376300314,0.3735298088893917,3.2775432088180683,3.0470095963554065,3.50807682128073,1150.5625,970.6641347206432,1330.4608652793568,0.0,0.0,0.0,nan,nan,nan,nan,nan,nan,nan,nan,nan,nan,nan,nan,7.000000396546056,8.431818007731884,-17.500000760291414,-16.19192134500066,50.0,86.51515151515152,59.5,160.40404040404042,117.5,247.91919191919192,116.5,246.91919191919192,22.010311932126804,20.230535604030543,10.42267173215484,10.136276004864833,10.843505377158234,10.094259599165712,15.360809587863383,17.13906756042606,8.970801552413388,9.345462256329407,5.995255863095453,7.793605304096652,0.5422092137089995,0.7908137485354244,0.49685242772102356,1.4238651736517145,0.32922654317813527,0.6878275590610974,4.55345926880479,8.750624102979751,4.47495526776304,8.631300065198072,5.191950824136939,11.55842498524415,0.0,0.0,nan,nan,0.49973687529563904,0.31196740859028216,,,
