experiment_id,case,algorithm,num_agents,seed,target_agent,opponent,start_index,complete_index,man_start_index,stop_index,window_steps,set_changes_in_window,admitted_mean_in_window,admitted_empty_share,partner_in_window_any,partner_in_window_share,partner_at_complete,partner_at_window_start,partner_in_approach_any
M10_scale,M10_scale_n10_seed21,ours_dnq_dlc,10,21,9,0,1837,1962,1937,2012,76,9,3.0,0.0,True,0.4605263157894737,False,True,True
M10_scale,M10_scale_n10_seed21,ours_dnq_dlc,10,21,9,4,825,1962,1937,2012,76,9,3.0,0.0,True,0.39473684210526316,True,False,True
M10_scale,M10_scale_n10_seed21,ours_dnq_dlc,10,21,9,5,825,1535,1510,1585,76,10,3.0,0.0,True,0.5263157894736842,True,False,True
M10_scale,M10_scale_n10_seed21,ours_dnq_dlc,10,21,9,6,1773,1962,1937,2012,76,9,3.0,0.0,False,0.0,False,False,True
M10_scale,M10_scale_n10_seed21,ours_dnq_dlc,10,21,9,7,426,629,604,679,76,20,3.0,0.0,True,1.0,True,True,True
M10_scale,M10_scale_n10_seed21,ours_dnq_dlc,10,21,9,8,0,254,229,304,76,0,3.0,0.0,True,1.0,True,True,True
M10_scale,M10_scale_n10_seed22,ours_dnq_dlc,10,22,9,0,1536,1703,1678,1753,76,0,3.0,0.0,True,1.0,True,True,True
M10_scale,M10_scale_n10_seed22,ours_dnq_dlc,10,22,9,2,860,940,915,990,76,9,3.0,0.0,True,0.3157894736842105,False,True,True
M10_scale,M10_scale_n10_seed22,ours_dnq_dlc,10,22,9,3,860,1054,1029,1104,76,4,3.0,0.0,True,0.9736842105263158,True,True,True
M10_scale,M10_scale_n10_seed22,ours_dnq_dlc,10,22,9,4,841,927,902,977,76,9,3.0,0.0,True,0.19736842105263158,False,True,True
M10_scale,M10_scale_n10_seed22,ours_dnq_dlc,10,22,9,5,802,1370,1345,1420,76,7,3.0,0.0,True,1.0,True,True,True
M10_scale,M10_scale_n10_seed22,ours_dnq_dlc,10,22,9,6,581,1313,1288,1363,76,8,3.0,0.0,True,0.8552631578947368,True,True,True
M10_scale,M10_scale_n10_seed22,ours_dnq_dlc,10,22,9,7,192,360,335,410,76,4,3.0,0.0,True,0.3815789473684211,True,True,True
M10_scale,M10_scale_n10_seed23,ours_dnq_dlc,10,23,9,0,1855,1921,1896,1971,76,13,3.0,0.0,True,0.18421052631578946,False,False,True
M10_scale,M10_scale_n10_seed23,ours_dnq_dlc,10,23,9,2,539,705,680,755,76,2,3.0,0.0,True,0.06578947368421052,False,True,True
M10_scale,M10_scale_n10_seed23,ours_dnq_dlc,10,23,9,3,1855,1921,1896,1971,76,13,3.0,0.0,True,0.23684210526315788,False,True,True
M10_scale,M10_scale_n10_seed23,ours_dnq_dlc,10,23,9,4,1855,1921,1896,1971,76,13,3.0,0.0,True,0.17105263157894737,False,False,True
M10_scale,M10_scale_n10_seed23,ours_dnq_dlc,10,23,9,5,1600,1912,1887,1962,76,14,3.0,0.0,True,0.5789473684210527,False,True,True
M10_scale,M10_scale_n10_seed23,ours_dnq_dlc,10,23,9,6,550,1912,1887,1962,76,14,3.0,0.0,True,0.8289473684210527,True,True,True
M10_scale,M10_scale_n10_seed23,ours_dnq_dlc,10,23,9,7,207,333,308,383,76,3,3.0,0.0,True,0.039473684210526314,True,False,True
M10_scale,M10_scale_n10_seed24,ours_dnq_dlc,10,24,9,2,1175,2002,1977,2052,76,10,2.1578947368421053,0.0,True,0.9342105263157895,False,True,True
M10_scale,M10_scale_n10_seed24,ours_dnq_dlc,10,24,9,7,172,273,248,323,76,7,3.0,0.0,True,0.9078947368421053,True,True,True
M10_scale,M10_scale_n10_seed25,ours_dnq_dlc,10,25,9,2,531,623,598,673,76,2,3.0,0.0,True,0.05263157894736842,False,True,True
M10_scale,M10_scale_n10_seed25,ours_dnq_dlc,10,25,9,3,518,638,613,688,76,0,3.0,0.0,False,0.0,False,False,True
M10_scale,M10_scale_n10_seed25,ours_dnq_dlc,10,25,9,4,685,748,723,798,76,0,3.0,0.0,True,1.0,True,True,True
M10_scale,M10_scale_n10_seed25,ours_dnq_dlc,10,25,9,5,675,760,735,810,76,0,3.0,0.0,True,1.0,True,True,True
M10_scale,M10_scale_n10_seed25,ours_dnq_dlc,10,25,9,6,1780,2129,2104,2179,76,0,3.0,0.0,True,1.0,True,True,True
M10_scale,M10_scale_n10_seed25,ours_dnq_dlc,10,25,9,7,173,300,275,350,76,1,3.0,0.0,True,0.039473684210526314,False,True,True
M10_scale,M10_scale_n10_seed26,ours_dnq_dlc,10,26,9,0,886,1063,1038,1113,76,0,3.0,0.0,True,1.0,True,True,True
M10_scale,M10_scale_n10_seed26,ours_dnq_dlc,10,26,9,0,2004,2077,2052,2127,76,0,3.0,0.0,False,0.0,False,False,True
M10_scale,M10_scale_n10_seed26,ours_dnq_dlc,10,26,9,1,1044,1364,1339,1414,76,1,3.0,0.0,True,1.0,True,True,True
M10_scale,M10_scale_n10_seed26,ours_dnq_dlc,10,26,9,2,743,828,803,878,76,4,3.0,0.0,True,0.07894736842105263,False,False,True
M10_scale,M10_scale_n10_seed26,ours_dnq_dlc,10,26,9,3,746,833,808,883,76,4,3.0,0.0,True,0.25,False,True,True
M10_scale,M10_scale_n10_seed26,ours_dnq_dlc,10,26,9,4,746,886,861,936,76,0,3.0,0.0,True,1.0,True,True,True
M10_scale,M10_scale_n10_seed26,ours_dnq_dlc,10,26,9,4,1995,2084,2059,2134,76,1,3.0,0.0,False,0.0,False,False,True
M10_scale,M10_scale_n10_seed26,ours_dnq_dlc,10,26,9,5,740,823,798,873,76,4,3.0,0.0,False,0.0,False,False,True
M10_scale,M10_scale_n10_seed26,ours_dnq_dlc,10,26,9,5,1633,1658,1633,1708,76,11,3.0,0.0,True,0.05263157894736842,True,True,True
M10_scale,M10_scale_n10_seed26,ours_dnq_dlc,10,26,9,5,1852,2117,2092,2167,76,4,3.0,0.0,True,0.9342105263157895,True,True,True
M10_scale,M10_scale_n10_seed26,ours_dnq_dlc,10,26,9,6,621,833,808,883,76,4,3.0,0.0,True,0.23684210526315788,False,True,True
M10_scale,M10_scale_n10_seed26,ours_dnq_dlc,10,26,9,6,2004,2084,2059,2134,76,1,3.0,0.0,True,0.9868421052631579,False,True,True
M10_scale,M10_scale_n10_seed26,ours_dnq_dlc,10,26,9,7,233,392,367,442,76,6,3.0,0.0,True,0.6710526315789473,True,False,True
M10_scale,M10_scale_n10_seed26,ours_dnq_dlc,10,26,9,8,0,58,33,108,76,0,3.0,0.0,True,1.0,True,True,True
M10_scale,M10_scale_n10_seed27,ours_dnq_dlc,10,27,9,2,737,866,841,916,76,0,3.0,0.0,False,0.0,False,False,True
M10_scale,M10_scale_n10_seed27,ours_dnq_dlc,10,27,9,3,748,876,851,926,76,0,3.0,0.0,False,0.0,False,False,True
M10_scale,M10_scale_n10_seed27,ours_dnq_dlc,10,27,9,5,483,680,655,730,76,16,3.0,0.0,False,0.0,False,False,True
M10_scale,M10_scale_n10_seed27,ours_dnq_dlc,10,27,9,5,1931,2136,2111,2186,76,4,3.0,0.0,True,1.0,True,True,True
M10_scale,M10_scale_n10_seed27,ours_dnq_dlc,10,27,9,7,161,354,329,404,76,3,3.0,0.0,True,0.42105263157894735,True,False,True
M10_scale,M10_scale_n10_seed28,ours_dnq_dlc,10,28,9,2,703,815,790,865,76,2,3.0,0.0,False,0.0,False,False,True
M10_scale,M10_scale_n10_seed28,ours_dnq_dlc,10,28,9,3,715,825,800,875,76,0,3.0,0.0,False,0.0,False,False,True
M10_scale,M10_scale_n10_seed28,ours_dnq_dlc,10,28,9,5,555,694,669,744,76,15,3.0,0.0,False,0.0,False,False,True
M10_scale,M10_scale_n10_seed28,ours_dnq_dlc,10,28,9,7,191,305,280,355,76,2,3.0,0.0,True,0.3684210526315789,True,True,True
M10_scale,M10_scale_n10_seed29,ours_dnq_dlc,10,29,9,2,629,694,669,744,76,3,3.0,0.0,False,0.0,False,False,True
M10_scale,M10_scale_n10_seed29,ours_dnq_dlc,10,29,9,3,629,694,669,744,76,3,3.0,0.0,True,0.2236842105263158,False,True,True
M10_scale,M10_scale_n10_seed29,ours_dnq_dlc,10,29,9,4,629,703,678,753,76,3,3.0,0.0,True,0.15789473684210525,False,True,True
M10_scale,M10_scale_n10_seed29,ours_dnq_dlc,10,29,9,5,621,703,678,753,76,3,3.0,0.0,True,0.11842105263157894,False,True,True
M10_scale,M10_scale_n10_seed29,ours_dnq_dlc,10,29,9,6,345,646,621,696,76,11,3.0,0.0,True,0.09210526315789473,True,False,True
M10_scale,M10_scale_n10_seed29,ours_dnq_dlc,10,29,9,6,967,1100,1075,1150,76,5,3.0,0.0,True,1.0,True,True,True
M10_scale,M10_scale_n10_seed29,ours_dnq_dlc,10,29,9,7,172,288,263,338,76,5,3.0,0.0,True,0.15789473684210525,False,True,True
M10_scale,M10_scale_n10_seed30,ours_dnq_dlc,10,30,9,0,921,1220,1195,1270,76,6,3.0,0.0,True,1.0,True,True,True
M10_scale,M10_scale_n10_seed30,ours_dnq_dlc,10,30,9,2,681,773,748,823,76,12,3.0,0.0,False,0.0,False,False,True
M10_scale,M10_scale_n10_seed30,ours_dnq_dlc,10,30,9,3,681,773,748,823,76,12,3.0,0.0,True,0.07894736842105263,False,True,True
M10_scale,M10_scale_n10_seed30,ours_dnq_dlc,10,30,9,4,672,773,748,823,76,12,3.0,0.0,True,0.10526315789473684,False,False,True
M10_scale,M10_scale_n10_seed30,ours_dnq_dlc,10,30,9,5,672,773,748,823,76,12,3.0,0.0,True,0.02631578947368421,False,False,True
M10_scale,M10_scale_n10_seed30,ours_dnq_dlc,10,30,9,6,616,1292,1267,1342,76,2,3.0,0.0,True,0.7631578947368421,False,True,True
M10_scale,M10_scale_n10_seed30,ours_dnq_dlc,10,30,9,7,251,377,352,427,76,10,3.0,0.0,True,0.4868421052631579,True,True,True
M10_scale,M10_scale_n10_seed31,ours_dnq_dlc,10,31,9,0,1530,1671,1646,1721,76,8,3.0,0.0,True,0.17105263157894737,False,True,True
M10_scale,M10_scale_n10_seed31,ours_dnq_dlc,10,31,9,1,1769,1959,1934,2009,76,0,3.0,0.0,True,1.0,True,True,True
M10_scale,M10_scale_n10_seed31,ours_dnq_dlc,10,31,9,2,1791,1983,1958,2033,76,0,3.0,0.0,True,1.0,True,True,True
M10_scale,M10_scale_n10_seed31,ours_dnq_dlc,10,31,9,4,1402,1671,1646,1721,76,8,3.0,0.0,True,0.35526315789473684,False,True,True
M10_scale,M10_scale_n10_seed31,ours_dnq_dlc,10,31,9,5,971,1738,1713,1788,76,1,3.0,0.0,True,0.13157894736842105,False,True,True
M10_scale,M10_scale_n10_seed31,ours_dnq_dlc,10,31,9,6,948,1727,1702,1777,76,1,3.0,0.0,True,0.7236842105263158,True,False,True
M10_scale,M10_scale_n10_seed31,ours_dnq_dlc,10,31,9,7,287,543,518,593,76,0,3.0,0.0,True,1.0,True,True,True
M10_scale,M10_scale_n10_seed31,ours_dnq_dlc,10,31,9,8,6,138,113,188,76,0,3.0,0.0,True,1.0,True,True,True
M10_scale,M10_scale_n10_seed32,ours_dnq_dlc,10,32,9,0,1036,1202,1177,1252,76,5,3.0,0.0,True,0.3026315789473684,False,True,True
M10_scale,M10_scale_n10_seed32,ours_dnq_dlc,10,32,9,1,1428,1687,1662,1737,76,0,3.0,0.0,True,1.0,True,True,True
M10_scale,M10_scale_n10_seed32,ours_dnq_dlc,10,32,9,2,725,854,829,904,76,3,3.0,0.0,True,0.07894736842105263,False,True,True
M10_scale,M10_scale_n10_seed32,ours_dnq_dlc,10,32,9,3,972,1202,1177,1252,76,5,3.0,0.0,True,0.9078947368421053,True,True,True
M10_scale,M10_scale_n10_seed32,ours_dnq_dlc,10,32,9,4,922,1191,1166,1241,76,5,3.0,0.0,True,0.8289473684210527,True,True,True
M10_scale,M10_scale_n10_seed32,ours_dnq_dlc,10,32,9,5,738,862,837,912,76,2,3.0,0.0,True,0.10526315789473684,False,True,True
M10_scale,M10_scale_n10_seed32,ours_dnq_dlc,10,32,9,5,1950,1995,1970,2045,76,0,3.0,0.0,True,1.0,True,True,True
M10_scale,M10_scale_n10_seed32,ours_dnq_dlc,10,32,9,6,497,862,837,912,76,2,3.0,0.0,True,0.19736842105263158,False,True,True
M10_scale,M10_scale_n10_seed32,ours_dnq_dlc,10,32,9,6,1968,1993,1968,2043,76,0,3.0,0.0,True,1.0,True,True,True
M10_scale,M10_scale_n10_seed32,ours_dnq_dlc,10,32,9,7,211,352,327,402,76,4,3.0,0.0,True,0.07894736842105263,True,False,True
M4_sparse,M4_sparse_n4_seed21,ours_dnq_dlc,4,21,3,0,377,447,422,497,76,0,2.0,0.0,True,1.0,True,True,True
M4_sparse,M4_sparse_n4_seed21,ours_dnq_dlc,4,21,3,1,387,447,422,497,76,0,2.0,0.0,True,1.0,True,True,True
M4_sparse,M4_sparse_n4_seed21,ours_dnq_dlc,4,21,3,2,0,126,101,176,76,0,3.0,0.0,True,1.0,True,True,True
M4_sparse,M4_sparse_n4_seed22,ours_dnq_dlc,4,22,3,0,435,540,515,590,76,0,3.0,0.0,True,1.0,True,True,True
M4_sparse,M4_sparse_n4_seed22,ours_dnq_dlc,4,22,3,1,466,614,589,664,76,0,3.0,0.0,True,1.0,True,True,True
M4_sparse,M4_sparse_n4_seed22,ours_dnq_dlc,4,22,3,2,0,325,300,375,76,0,3.0,0.0,True,1.0,True,True,True
M4_sparse,M4_sparse_n4_seed23,ours_dnq_dlc,4,23,3,0,410,931,906,981,76,0,2.0,0.0,True,1.0,True,True,True
M4_sparse,M4_sparse_n4_seed23,ours_dnq_dlc,4,23,3,1,893,1068,1043,1118,76,0,2.0,0.0,True,1.0,True,True,True
M4_sparse,M4_sparse_n4_seed23,ours_dnq_dlc,4,23,3,2,0,125,100,175,76,0,3.0,0.0,True,1.0,True,True,True
M4_sparse,M4_sparse_n4_seed24,ours_dnq_dlc,4,24,3,0,386,596,571,646,76,0,3.0,0.0,True,1.0,True,True,True
M4_sparse,M4_sparse_n4_seed24,ours_dnq_dlc,4,24,3,1,386,596,571,646,76,0,3.0,0.0,True,1.0,True,True,True
M4_sparse,M4_sparse_n4_seed25,ours_dnq_dlc,4,25,3,0,441,728,703,778,76,0,3.0,0.0,True,1.0,True,True,True
M4_sparse,M4_sparse_n4_seed25,ours_dnq_dlc,4,25,3,1,516,1148,1123,1198,76,0,3.0,0.0,True,1.0,True,True,True
M4_sparse,M4_sparse_n4_seed25,ours_dnq_dlc,4,25,3,2,0,289,264,339,76,0,3.0,0.0,True,1.0,True,True,True
M4_sparse,M4_sparse_n4_seed26,ours_dnq_dlc,4,26,3,0,339,401,376,451,76,0,2.0,0.0,True,1.0,True,True,True
M4_sparse,M4_sparse_n4_seed26,ours_dnq_dlc,4,26,3,1,339,401,376,451,76,0,2.0,0.0,True,1.0,True,True,True
M4_sparse,M4_sparse_n4_seed26,ours_dnq_dlc,4,26,3,2,0,114,89,164,76,0,3.0,0.0,True,1.0,True,True,True
M4_sparse,M4_sparse_n4_seed27,ours_dnq_dlc,4,27,3,0,395,750,725,800,76,0,3.0,0.0,True,1.0,True,True,True
M4_sparse,M4_sparse_n4_seed27,ours_dnq_dlc,4,27,3,1,380,1000,975,1050,76,0,3.0,0.0,True,1.0,True,True,True
M4_sparse,M4_sparse_n4_seed27,ours_dnq_dlc,4,27,3,2,0,106,81,156,76,0,3.0,0.0,True,1.0,True,True,True
M4_sparse,M4_sparse_n4_seed28,ours_dnq_dlc,4,28,3,1,423,782,757,832,76,0,3.0,0.0,True,1.0,True,True,True
M4_sparse,M4_sparse_n4_seed28,ours_dnq_dlc,4,28,3,2,0,59,34,109,76,0,3.0,0.0,True,1.0,True,True,True
M4_sparse,M4_sparse_n4_seed29,ours_dnq_dlc,4,29,3,0,521,681,656,731,76,0,3.0,0.0,True,1.0,True,True,True
M4_sparse,M4_sparse_n4_seed29,ours_dnq_dlc,4,29,3,1,587,849,824,899,76,0,3.0,0.0,True,1.0,True,True,True
M4_sparse,M4_sparse_n4_seed29,ours_dnq_dlc,4,29,3,2,0,681,656,731,76,0,3.0,0.0,True,1.0,True,True,True
M4_sparse,M4_sparse_n4_seed30,ours_dnq_dlc,4,30,3,0,319,434,409,484,76,0,3.0,0.0,True,1.0,True,True,True
M4_sparse,M4_sparse_n4_seed30,ours_dnq_dlc,4,30,3,1,327,434,409,484,76,0,3.0,0.0,True,1.0,True,True,True
M4_sparse,M4_sparse_n4_seed30,ours_dnq_dlc,4,30,3,2,0,197,172,247,76,0,3.0,0.0,True,1.0,True,True,True
M4_sparse,M4_sparse_n4_seed31,ours_dnq_dlc,4,31,3,0,458,570,545,620,76,0,3.0,0.0,True,1.0,True,True,True
M4_sparse,M4_sparse_n4_seed31,ours_dnq_dlc,4,31,3,1,470,589,564,639,76,0,3.0,0.0,True,1.0,True,True,True
M4_sparse,M4_sparse_n4_seed31,ours_dnq_dlc,4,31,3,2,0,116,91,166,76,0,3.0,0.0,True,1.0,True,True,True
M4_sparse,M4_sparse_n4_seed32,ours_dnq_dlc,4,32,3,0,318,390,365,440,76,0,3.0,0.0,True,1.0,True,True,True
M4_sparse,M4_sparse_n4_seed32,ours_dnq_dlc,4,32,3,1,327,390,365,440,76,0,3.0,0.0,True,1.0,True,True,True
M4_sparse,M4_sparse_n4_seed32,ours_dnq_dlc,4,32,3,2,0,183,158,233,76,0,3.0,0.0,True,1.0,True,True,True
M6_dense,M6_dense_n6_seed21,ours_dnq_dlc,6,21,5,0,663,1003,978,1053,76,4,3.0,0.0,True,1.0,True,True,True
M6_dense,M6_dense_n6_seed21,ours_dnq_dlc,6,21,5,1,960,1273,1248,1323,76,0,3.0,0.0,True,1.0,True,True,True
M6_dense,M6_dense_n6_seed21,ours_dnq_dlc,6,21,5,2,442,975,950,1025,76,7,3.0,0.0,True,0.039473684210526314,False,True,True
M6_dense,M6_dense_n6_seed22,ours_dnq_dlc,6,22,5,0,465,644,619,694,76,1,3.0,0.0,True,1.0,True,True,True
M6_dense,M6_dense_n6_seed22,ours_dnq_dlc,6,22,5,1,522,1005,980,1055,76,0,2.0,0.0,True,1.0,True,True,True
M6_dense,M6_dense_n6_seed22,ours_dnq_dlc,6,22,5,2,173,320,295,370,76,1,3.0,0.0,True,0.5394736842105263,True,False,True
M6_dense,M6_dense_n6_seed22,ours_dnq_dlc,6,22,5,3,150,284,259,334,76,15,3.0,0.0,True,0.868421052631579,False,True,True
M6_dense,M6_dense_n6_seed23,ours_dnq_dlc,6,23,5,2,178,235,210,285,76,2,3.0,0.0,True,0.47368421052631576,False,True,True
M6_dense,M6_dense_n6_seed23,ours_dnq_dlc,6,23,5,3,953,1304,1279,1354,76,0,3.0,0.0,True,1.0,True,True,True
M6_dense,M6_dense_n6_seed24,ours_dnq_dlc,6,24,5,0,585,1554,1529,1604,76,0,3.0,0.0,True,1.0,True,True,True
M6_dense,M6_dense_n6_seed24,ours_dnq_dlc,6,24,5,0,1957,2026,2001,2076,76,0,3.0,0.0,True,1.0,True,True,True
M6_dense,M6_dense_n6_seed24,ours_dnq_dlc,6,24,5,1,585,1565,1540,1615,76,0,3.0,0.0,True,1.0,True,True,True
M6_dense,M6_dense_n6_seed24,ours_dnq_dlc,6,24,5,1,1948,2011,1986,2061,76,0,3.0,0.0,True,1.0,True,True,True
M6_dense,M6_dense_n6_seed24,ours_dnq_dlc,6,24,5,2,321,402,377,452,76,4,3.0,0.0,True,0.2894736842105263,False,True,True
M6_dense,M6_dense_n6_seed24,ours_dnq_dlc,6,24,5,3,328,425,400,475,76,0,3.0,0.0,True,1.0,True,True,True
M6_dense,M6_dense_n6_seed25,ours_dnq_dlc,6,25,5,0,591,862,837,912,76,0,3.0,0.0,True,1.0,True,True,True
M6_dense,M6_dense_n6_seed25,ours_dnq_dlc,6,25,5,1,736,1406,1381,1456,76,0,3.0,0.0,True,1.0,True,True,True
M6_dense,M6_dense_n6_seed25,ours_dnq_dlc,6,25,5,2,149,225,200,275,76,4,3.0,0.0,True,0.2894736842105263,False,True,True
M6_dense,M6_dense_n6_seed25,ours_dnq_dlc,6,25,5,3,125,225,200,275,76,4,3.0,0.0,True,0.9210526315789473,True,True,True
M6_dense,M6_dense_n6_seed26,ours_dnq_dlc,6,26,5,0,400,450,425,500,76,1,3.0,0.0,True,1.0,True,True,True
M6_dense,M6_dense_n6_seed26,ours_dnq_dlc,6,26,5,1,400,450,425,500,76,1,3.0,0.0,True,1.0,True,True,True
M6_dense,M6_dense_n6_seed26,ours_dnq_dlc,6,26,5,2,173,324,299,374,76,1,3.0,0.0,True,0.35526315789473684,True,False,True
M6_dense,M6_dense_n6_seed26,ours_dnq_dlc,6,26,5,3,147,296,271,346,76,11,3.0,0.0,True,0.9473684210526315,True,True,True
M6_dense,M6_dense_n6_seed27,ours_dnq_dlc,6,27,5,0,427,659,634,709,76,0,3.0,0.0,True,1.0,True,True,True
M6_dense,M6_dense_n6_seed27,ours_dnq_dlc,6,27,5,1,588,962,937,1012,76,0,3.0,0.0,True,1.0,True,True,True
M6_dense,M6_dense_n6_seed27,ours_dnq_dlc,6,27,5,2,163,245,220,295,76,7,3.0,0.0,True,0.47368421052631576,False,True,True
M6_dense,M6_dense_n6_seed27,ours_dnq_dlc,6,27,5,3,172,276,251,326,76,3,3.0,0.0,True,1.0,True,True,True
M6_dense,M6_dense_n6_seed28,ours_dnq_dlc,6,28,5,0,656,1046,1021,1096,76,0,3.0,0.0,True,1.0,True,True,True
M6_dense,M6_dense_n6_seed28,ours_dnq_dlc,6,28,5,1,993,1419,1394,1469,76,0,3.0,0.0,True,1.0,True,True,True
M6_dense,M6_dense_n6_seed28,ours_dnq_dlc,6,28,5,2,175,249,224,299,76,10,3.0,0.0,True,0.7763157894736842,False,True,True
M6_dense,M6_dense_n6_seed28,ours_dnq_dlc,6,28,5,3,175,249,224,299,76,10,3.0,0.0,True,1.0,True,True,True
M6_dense,M6_dense_n6_seed29,ours_dnq_dlc,6,29,5,0,545,682,657,732,76,0,3.0,0.0,True,1.0,True,True,True
M6_dense,M6_dense_n6_seed29,ours_dnq_dlc,6,29,5,1,610,1822,1797,1872,76,0,3.0,0.0,True,1.0,True,True,True
M6_dense,M6_dense_n6_seed29,ours_dnq_dlc,6,29,5,2,263,507,482,557,76,4,3.0,0.0,True,0.3684210526315789,False,True,True
M6_dense,M6_dense_n6_seed29,ours_dnq_dlc,6,29,5,3,248,489,464,539,76,5,3.0,0.0,True,0.5526315789473685,False,True,True
M6_dense,M6_dense_n6_seed29,ours_dnq_dlc,6,29,5,4,1368,1790,1765,1840,76,0,3.0,0.0,True,1.0,True,True,True
M6_dense,M6_dense_n6_seed30,ours_dnq_dlc,6,30,5,0,448,515,490,565,76,2,3.0,0.0,True,0.9868421052631579,True,True,True
M6_dense,M6_dense_n6_seed30,ours_dnq_dlc,6,30,5,1,457,535,510,585,76,1,3.0,0.0,True,1.0,True,True,True
M6_dense,M6_dense_n6_seed30,ours_dnq_dlc,6,30,5,2,222,438,413,488,76,4,3.0,0.0,True,0.40789473684210525,True,True,True
M6_dense,M6_dense_n6_seed30,ours_dnq_dlc,6,30,5,3,180,413,388,463,76,2,3.0,0.0,True,0.5789473684210527,False,False,True
M6_dense,M6_dense_n6_seed31,ours_dnq_dlc,6,31,5,0,608,794,769,844,76,0,3.0,0.0,False,0.0,False,False,True
M6_dense,M6_dense_n6_seed31,ours_dnq_dlc,6,31,5,1,684,997,972,1047,76,0,3.0,0.0,True,1.0,True,True,True
M6_dense,M6_dense_n6_seed31,ours_dnq_dlc,6,31,5,2,137,382,357,432,76,15,3.0,0.0,True,1.0,True,True,True
M8_scale,M8_scale_n8_seed21,ours_dnq_dlc,8,21,7,0,616,912,887,962,76,7,3.0,0.0,True,1.0,True,True,True
M8_scale,M8_scale_n8_seed21,ours_dnq_dlc,8,21,7,1,1317,1577,1552,1627,76,0,3.0,0.0,True,1.0,True,True,True
M8_scale,M8_scale_n8_seed21,ours_dnq_dlc,8,21,7,2,518,1352,1327,1402,76,8,3.0,0.0,True,1.0,True,True,True
M8_scale,M8_scale_n8_seed21,ours_dnq_dlc,8,21,7,4,223,301,276,351,76,2,3.0,0.0,True,0.8289473684210527,False,True,True
M8_scale,M8_scale_n8_seed21,ours_dnq_dlc,8,21,7,5,223,301,276,351,76,2,3.0,0.0,True,0.02631578947368421,False,True,True
M8_scale,M8_scale_n8_seed21,ours_dnq_dlc,8,21,7,6,1062,1325,1300,1375,76,9,3.0,0.0,True,0.10526315789473684,False,True,True
M8_scale,M8_scale_n8_seed23,ours_dnq_dlc,8,23,7,0,1650,1778,1753,1828,76,3,3.0,0.0,True,0.2894736842105263,False,True,True
M8_scale,M8_scale_n8_seed23,ours_dnq_dlc,8,23,7,1,1815,2035,2010,2085,76,0,2.0,0.0,True,1.0,True,True,True
M8_scale,M8_scale_n8_seed23,ours_dnq_dlc,8,23,7,2,303,466,441,516,76,5,3.0,0.0,True,0.3157894736842105,False,True,True
M8_scale,M8_scale_n8_seed23,ours_dnq_dlc,8,23,7,3,1570,1778,1753,1828,76,3,3.0,0.0,True,0.7236842105263158,False,True,True
M8_scale,M8_scale_n8_seed23,ours_dnq_dlc,8,23,7,4,1407,1759,1734,1809,76,2,3.0,0.0,True,0.5657894736842105,True,False,True
M8_scale,M8_scale_n8_seed23,ours_dnq_dlc,8,23,7,5,190,911,886,961,76,7,3.0,0.0,True,0.6973684210526315,True,True,True
M8_scale,M8_scale_n8_seed24,ours_dnq_dlc,8,24,7,0,840,1026,1001,1076,76,0,3.0,0.0,True,1.0,True,True,True
M8_scale,M8_scale_n8_seed24,ours_dnq_dlc,8,24,7,1,824,989,964,1039,76,1,3.0,0.0,True,1.0,True,True,True
M8_scale,M8_scale_n8_seed24,ours_dnq_dlc,8,24,7,2,669,737,712,787,76,8,3.0,0.0,True,0.39473684210526316,False,True,True
M8_scale,M8_scale_n8_seed24,ours_dnq_dlc,8,24,7,3,677,744,719,794,76,7,3.0,0.0,True,0.8552631578947368,True,False,True
M8_scale,M8_scale_n8_seed24,ours_dnq_dlc,8,24,7,4,396,556,531,606,76,5,3.0,0.0,True,0.8026315789473685,False,True,True
M8_scale,M8_scale_n8_seed24,ours_dnq_dlc,8,24,7,5,396,548,523,598,76,7,3.0,0.0,True,0.19736842105263158,False,True,True
M8_scale,M8_scale_n8_seed25,ours_dnq_dlc,8,25,7,0,1076,1517,1492,1567,76,0,3.0,0.0,True,1.0,True,True,True
M8_scale,M8_scale_n8_seed25,ours_dnq_dlc,8,25,7,1,1581,1781,1756,1831,76,0,3.0,0.0,True,1.0,True,True,True
M8_scale,M8_scale_n8_seed25,ours_dnq_dlc,8,25,7,2,379,439,414,489,76,3,3.0,0.0,True,0.18421052631578946,False,True,True
M8_scale,M8_scale_n8_seed25,ours_dnq_dlc,8,25,7,3,379,439,414,489,76,3,3.0,0.0,True,0.15789473684210525,False,True,True
M8_scale,M8_scale_n8_seed25,ours_dnq_dlc,8,25,7,4,205,413,388,463,76,3,3.0,0.0,True,0.7894736842105263,True,False,True
M8_scale,M8_scale_n8_seed25,ours_dnq_dlc,8,25,7,5,197,367,342,417,76,9,3.0,0.0,True,0.2894736842105263,False,False,True
M8_scale,M8_scale_n8_seed26,ours_dnq_dlc,8,26,7,0,642,1046,1021,1096,76,26,3.0,0.0,True,0.5657894736842105,True,False,True
M8_scale,M8_scale_n8_seed26,ours_dnq_dlc,8,26,7,2,536,1119,1094,1169,76,12,3.0,0.0,True,1.0,True,True,True
M8_scale,M8_scale_n8_seed26,ours_dnq_dlc,8,26,7,3,520,1195,1170,1245,76,13,3.0,0.0,True,0.6052631578947368,False,True,True
M8_scale,M8_scale_n8_seed26,ours_dnq_dlc,8,26,7,4,221,536,511,586,76,10,3.0,0.0,False,0.0,False,False,True
M8_scale,M8_scale_n8_seed26,ours_dnq_dlc,8,26,7,5,195,411,386,461,76,6,3.0,0.0,True,0.07894736842105263,False,False,True
M8_scale,M8_scale_n8_seed27,ours_dnq_dlc,8,27,7,0,873,1115,1090,1165,76,4,3.0,0.0,True,1.0,True,True,True
M8_scale,M8_scale_n8_seed27,ours_dnq_dlc,8,27,7,1,1075,1503,1478,1553,76,0,3.0,0.0,True,1.0,True,True,True
M8_scale,M8_scale_n8_seed27,ours_dnq_dlc,8,27,7,2,536,591,566,641,76,3,3.0,0.0,True,0.2631578947368421,False,True,True
M8_scale,M8_scale_n8_seed27,ours_dnq_dlc,8,27,7,3,544,616,591,666,76,0,3.0,0.0,True,1.0,True,True,True
M8_scale,M8_scale_n8_seed27,ours_dnq_dlc,8,27,7,4,167,388,363,438,76,1,3.0,0.0,True,0.8947368421052632,False,True,True
M8_scale,M8_scale_n8_seed27,ours_dnq_dlc,8,27,7,5,175,332,307,382,76,8,3.0,0.0,True,0.47368421052631576,False,True,True
M8_scale,M8_scale_n8_seed28,ours_dnq_dlc,8,28,7,0,830,1059,1034,1109,76,0,3.0,0.0,True,1.0,True,True,True
M8_scale,M8_scale_n8_seed28,ours_dnq_dlc,8,28,7,1,1022,1240,1215,1290,76,0,3.0,0.0,True,1.0,True,True,True
M8_scale,M8_scale_n8_seed28,ours_dnq_dlc,8,28,7,2,559,623,598,673,76,8,3.0,0.0,True,0.4473684210526316,False,True,True
M8_scale,M8_scale_n8_seed28,ours_dnq_dlc,8,28,7,3,559,623,598,673,76,8,3.0,0.0,True,0.7236842105263158,False,True,True
M8_scale,M8_scale_n8_seed28,ours_dnq_dlc,8,28,7,4,166,427,402,477,76,13,3.0,0.0,True,0.7763157894736842,False,True,True
M8_scale,M8_scale_n8_seed28,ours_dnq_dlc,8,28,7,5,174,326,301,376,76,2,3.0,0.0,True,0.5394736842105263,False,True,True
M8_scale,M8_scale_n8_seed29,ours_dnq_dlc,8,29,7,2,598,686,661,736,76,2,3.0,0.0,True,0.013157894736842105,False,True,True
M8_scale,M8_scale_n8_seed29,ours_dnq_dlc,8,29,7,3,598,686,661,736,76,2,3.0,0.0,True,0.10526315789473684,False,True,True
M8_scale,M8_scale_n8_seed29,ours_dnq_dlc,8,29,7,4,229,363,338,413,76,14,3.0,0.0,True,0.3815789473684211,False,True,True
M8_scale,M8_scale_n8_seed29,ours_dnq_dlc,8,29,7,4,1981,2147,2122,2197,76,1,3.0,0.0,True,1.0,True,True,True
M8_scale,M8_scale_n8_seed29,ours_dnq_dlc,8,29,7,5,229,348,323,398,76,21,3.0,0.0,True,0.3684210526315789,False,True,True
M8_scale,M8_scale_n8_seed29,ours_dnq_dlc,8,29,7,5,1981,2147,2122,2197,76,1,3.0,0.0,True,0.618421052631579,False,True,True
M8_scale,M8_scale_n8_seed30,ours_dnq_dlc,8,30,7,0,877,1150,1125,1200,76,7,3.0,0.0,True,1.0,True,True,True
M8_scale,M8_scale_n8_seed30,ours_dnq_dlc,8,30,7,1,1515,1880,1855,1930,76,0,3.0,0.0,True,1.0,True,True,True
M8_scale,M8_scale_n8_seed30,ours_dnq_dlc,8,30,7,2,642,718,693,768,76,2,3.0,0.0,True,0.11842105263157894,False,True,True
M8_scale,M8_scale_n8_seed30,ours_dnq_dlc,8,30,7,3,642,718,693,768,76,2,3.0,0.0,True,0.18421052631578946,False,True,True
M8_scale,M8_scale_n8_seed30,ours_dnq_dlc,8,30,7,4,244,383,358,433,76,10,3.0,0.0,True,0.47368421052631576,False,True,True
M8_scale,M8_scale_n8_seed30,ours_dnq_dlc,8,30,7,5,235,368,343,418,76,10,3.0,0.0,True,0.3815789473684211,False,True,True
M8_scale,M8_scale_n8_seed31,ours_dnq_dlc,8,31,7,0,869,1044,1019,1094,76,20,3.0,0.0,False,0.0,False,False,True
M8_scale,M8_scale_n8_seed31,ours_dnq_dlc,8,31,7,1,1016,2068,2043,2118,76,0,3.0,0.0,True,1.0,True,True,True
M8_scale,M8_scale_n8_seed31,ours_dnq_dlc,8,31,7,2,1044,2130,2105,2180,76,1,3.0,0.0,True,1.0,True,True,True
M8_scale,M8_scale_n8_seed31,ours_dnq_dlc,8,31,7,4,166,1006,981,1056,76,4,3.0,0.0,True,0.47368421052631576,False,False,True
M8_scale,M8_scale_n8_seed31,ours_dnq_dlc,8,31,7,5,173,555,530,605,76,4,3.0,0.0,False,0.0,False,False,True
M8_scale,M8_scale_n8_seed32,ours_dnq_dlc,8,32,7,0,1145,1506,1481,1556,76,0,3.0,0.0,True,1.0,True,True,True
M8_scale,M8_scale_n8_seed32,ours_dnq_dlc,8,32,7,1,1566,1820,1795,1870,76,0,3.0,0.0,True,1.0,True,True,True
M8_scale,M8_scale_n8_seed32,ours_dnq_dlc,8,32,7,2,535,717,692,767,76,12,3.0,0.0,True,0.9342105263157895,True,True,True
M8_scale,M8_scale_n8_seed32,ours_dnq_dlc,8,32,7,3,520,748,723,798,76,9,3.0,0.0,True,0.7368421052631579,False,True,True
M8_scale,M8_scale_n8_seed32,ours_dnq_dlc,8,32,7,4,223,322,297,372,76,4,3.0,0.0,True,0.5921052631578947,False,True,True
M8_scale,M8_scale_n8_seed32,ours_dnq_dlc,8,32,7,5,223,312,287,362,76,4,3.0,0.0,True,0.15789473684210525,False,True,True
M8_scale,M8_scale_n8_seed32,ours_dnq_dlc,8,32,7,6,870,1439,1414,1489,76,0,3.0,0.0,True,1.0,True,True,True
