case,algorithm,num_agents,seed,P,L,C,T_v3,S_v3,E_pass,E_valid,E_full,E_race,grass_fraction,rank_gain,time_to_pass_steps,in_corridor_fraction,steps_recorded,admitted_mean,admitted_max,budget
M8_scale_n8_seed21,ours_dnq_dlc,8,21,True,True,True,True,True,True,True,True,True,0.17785608158972366,7,301.5,,2200,2.949090909090909,3,k3_released
M8_scale_n8_seed22,ours_dnq_dlc,8,22,False,False,False,False,False,False,False,False,False,nan,0,nan,,2200,1.345909090909091,3,k3_released
M8_scale_n8_seed23,ours_dnq_dlc,8,23,True,True,True,True,True,True,True,True,True,0.020826271528416703,7,298.6666666666667,,2200,2.8877272727272727,3,k3_released
M8_scale_n8_seed24,ours_dnq_dlc,8,24,True,True,True,True,True,True,True,True,True,0.0,7,133.0,,2200,2.600909090909091,3,k3_released
M10_scale_n10_seed21,ours_dnq_dlc,10,21,True,True,True,True,True,True,False,False,False,0.25157821830511273,9,436.3333333333333,,2200,3.0,3,k3_released
M10_scale_n10_seed22,ours_dnq_dlc,10,22,True,True,True,True,True,False,False,False,False,0.0,9,285.0,,2200,3.0,3,k3_released
M10_scale_n10_seed23,ours_dnq_dlc,10,23,True,True,True,True,True,False,False,False,False,0.007380446870892731,9,309.14285714285717,,2200,2.8945454545454545,3,k3_released
M10_scale_n10_seed24,ours_dnq_dlc,10,24,True,True,False,True,True,False,False,False,False,0.003416856492027335,8,464.0,,2200,2.956818181818182,3,k3_released
M8_scale_n8_seed21,ours_dnq_dlc,8,21,True,True,True,True,True,True,True,True,True,0.07939039517986886,7,186.33333333333334,,2200,1.9190909090909092,2,k2
M8_scale_n8_seed22,ours_dnq_dlc,8,22,True,True,False,False,True,False,False,False,False,0.4160194796872998,2,161.0,,2200,2.0,2,k2
M8_scale_n8_seed23,ours_dnq_dlc,8,23,True,False,True,True,True,False,False,False,False,0.15891924303012264,6,701.3333333333334,,2200,2.0,2,k2
M8_scale_n8_seed24,ours_dnq_dlc,8,24,True,True,True,True,True,True,True,True,False,0.0,6,119.5,,2200,2.0,2,k2
M10_scale_n10_seed21,ours_dnq_dlc,10,21,True,True,True,True,True,True,True,True,True,0.03426791277258567,6,106.16666666666667,,2200,2.0,2,k2
M10_scale_n10_seed22,ours_dnq_dlc,10,22,True,True,True,True,True,False,False,False,False,0.021938293395801292,9,525.8333333333334,,2200,2.0,2,k2
M10_scale_n10_seed23,ours_dnq_dlc,10,23,True,True,True,True,True,False,False,False,False,0.22556610161429982,9,355.14285714285717,,2200,2.0,2,k2
M10_scale_n10_seed24,ours_dnq_dlc,10,24,True,False,True,True,True,False,False,False,False,0.03130511463844797,9,315.6666666666667,,2200,2.0,2,k2
M8_scale_n8_seed21,ours_dnq_dlc,8,21,True,True,True,True,True,True,True,True,True,0.10758039816232771,6,225.5,,2200,1.0,1,k1
M8_scale_n8_seed22,ours_dnq_dlc,8,22,True,True,False,True,True,False,False,False,False,0.0032733224222585926,7,322.1666666666667,,2200,1.0,1,k1
M8_scale_n8_seed23,ours_dnq_dlc,8,23,True,True,False,True,True,False,False,False,False,0.3773895847066579,1,784.0,,2200,1.0,1,k1
M8_scale_n8_seed24,ours_dnq_dlc,8,24,True,True,True,True,True,True,True,True,True,0.3059645417044557,4,323.25,,2200,1.0,1,k1
M10_scale_n10_seed21,ours_dnq_dlc,10,21,True,False,True,True,True,False,False,False,False,0.0,8,461.0,,2200,1.0,1,k1
M10_scale_n10_seed22,ours_dnq_dlc,10,22,True,True,True,True,True,False,False,False,False,0.06252492838754124,9,242.5,,2200,1.0,1,k1
M10_scale_n10_seed23,ours_dnq_dlc,10,23,True,False,True,True,True,False,False,False,False,0.011485451761102604,7,443.5,,2200,1.0,1,k1
M10_scale_n10_seed24,ours_dnq_dlc,10,24,True,True,True,True,True,True,False,False,False,0.4,3,254.8,,2200,1.0,1,k1
