step,neighbor_set,changed_from_previous,set_cardinality,top1_neighbor,top2_neighbor,top3_neighbor,target_lateral_error,target_off_track,target_progress_tiles,target_speed
1,8 7 6 5 4 3 2 1 0,0,9,8,7,6,-0.28201186656951904,0,3.0,2.1334028263893217
2,8 7 6 5 4 3 2 1 0,0,9,8,7,6,-0.2663760483264923,0,3.0,2.8371123329891934
3,8 7 6 5 4 3 2 1 0,0,9,8,7,6,-0.2530331313610077,0,3.0,3.3078301170685975
4,8 7 6 5 4 3 2 1 0,0,9,8,7,6,-0.24010376632213593,0,3.0,3.647997146277119
5,8 7 6 5 4 3 2 1 0,0,9,8,7,6,-0.2267405390739441,0,3.0,4.070177662012419
6,8 7 6 5 4 3 2 1 0,0,9,8,7,6,-0.21001964807510376,0,3.0,5.34965045782422
7,8 7 6 5 4 3 2 1 0,0,9,8,7,6,-0.19145464897155762,0,3.0,6.0670767005292365
8,8 7 6 5 4 3 2 1 0,0,9,8,7,6,-0.17072969675064087,0,3.0,6.846419990071429
9,8 7 6 5 4 3 2 1 0,0,9,8,7,6,-0.14780959486961365,0,3.0,7.604476505425895
10,8 7 6 5 4 3 2 1 0,0,9,8,7,6,-0.1227109357714653,0,3.0,8.371526262887304
11,8 7 6 5 4 3 2 1 0,0,9,8,7,6,-0.09551108628511429,0,3.0,9.075601732546154
12,8 7 6 5 4 3 2 1 0,0,9,8,7,6,-0.06628192961215973,0,3.0,9.74803371513616
13,8 7 6 5 4 3 2 1 0,0,9,8,7,6,-0.03585416451096535,0,3.0,10.168526205826115
14,8 7 6 5 4 3 2 1 0,0,9,8,7,6,-0.003140124725177884,0,3.0,10.911910047807611
15,8 7 6 5 4 3 2 1 0,0,9,8,7,6,0.032373543828725815,0,3.0,11.835658282053542
16,8 7 6 5 4 3 2 1 0,0,9,8,7,6,0.06972235441207886,0,3.0,12.444575020457147
17,8 7 6 5 4 3 2 1 0,0,9,8,7,6,0.10921312868595123,0,3.0,13.156349047211375
18,8 7 6 5 4 3 2 1 0,0,9,8,7,6,0.15090158581733704,0,3.0,13.892293308222504
19,8 7 6 5 4 3 2 1 0,0,9,8,7,6,0.19372457265853882,0,3.0,14.2697940982613
20,8 7 6 5 4 3 2 1 0,0,9,8,7,6,0.2392730414867401,0,3.0,15.17638317362094
21,8 7 6 5 4 3 2 1 0,0,9,8,7,6,0.2874372601509094,0,3.0,16.04965430812729
22,8 7 6 5 4 3 2 1 0,0,9,8,7,6,-0.3093551993370056,0,3.0,14.092280671598298
23,8 7 6 5 4 3 2 1 0,0,9,8,7,6,-0.26830703020095825,0,4.0,13.69754733973933
24,8 7 6 5 4 3 2 1 0,0,9,8,7,6,-0.22676174342632294,0,4.0,13.861091604689276
25,8 7 6 5 4 3 2 1 0,0,9,8,7,6,-0.1863977313041687,0,4.0,13.521583544018549
26,8 7 6 5 4 3 2 1 0,0,9,8,7,6,-0.14564156532287598,0,4.0,13.634716915200809
27,8 7 6 5 4 3 2 1 0,0,9,8,7,6,-0.10412882268428802,0,4.0,13.864820500624353
28,8 7 6 5 4 3 2 1 0,0,9,8,7,6,-0.06203148886561394,0,4.0,14.045352261099657
29,8 7 6 5 4 3 2 1 0,0,9,8,7,6,-0.01942833885550499,0,4.0,14.209259861118696
30,8 7 6 5 4 3 2 1 0,0,9,8,7,6,0.02295367419719696,0,4.0,14.131083066540723
31,8 7 6 5 4 3 2 1 0,0,9,8,7,6,0.0641428679227829,0,4.0,13.756385126765167
32,8 7 6 5 4 3 2 1 0,0,9,8,7,6,0.10447967797517776,0,4.0,13.459943481155461
33,8 7 6 5 4 3 2 1 0,0,9,8,7,6,0.1441347450017929,0,4.0,13.23087510914537
34,8 7 6 5 4 3 2 1 0,0,9,8,7,6,0.18413661420345306,0,4.0,13.34871861308282
35,8 7 6 5 4 3 2 1 0,0,9,8,7,6,0.2249870002269745,0,4.0,13.635690232234916
36,8 7 6 5 4 3 2 1 0,0,9,8,7,6,0.2673099935054779,0,4.0,14.119989843363625
37,8 7 6 5 4 3 2 1 0,0,9,8,7,6,0.3120400011539459,0,4.0,14.935504135753844
38,8 7 6 5 4 3 2 1 0,0,9,8,7,6,-0.2811041474342346,0,5.0,15.516202499603079
39,8 7 6 5 4 3 2 1 0,0,9,8,7,6,-0.23517826199531555,0,5.0,15.340685545480847
40,8 7 6 5 4 3 2 1 0,0,9,8,7,6,-0.18813800811767578,0,5.0,15.69410171951507
41,8 7 6 5 4 3 2 1 0,0,9,8,7,6,-0.1374601274728775,0,5.0,16.916919892837996
42,8 7 6 5 4 3 2 1 0,0,9,8,7,6,-0.08406025171279907,0,5.0,17.851176285036527
43,8 7 6 5 4 3 2 1 0,0,9,8,7,6,-0.02912091836333275,0,5.0,18.33811413381973
44,8 7 6 5 4 3 2 1 0,0,9,8,7,6,0.026162780821323395,0,5.0,18.447063809297465
45,8 7 6 5 4 3 2 1 0,0,9,8,7,6,0.08220117539167404,0,5.0,18.714699750474782
46,8 7 6 5 4 3 2 1 0,0,9,8,7,6,0.13955098390579224,0,5.0,19.157925430848714
47,8 7 6 5 4 3 2 1 0,0,9,8,7,6,0.19505980610847473,0,5.0,18.52133012148825
48,8 7 6 5 4 3 2 1 0,0,9,8,7,6,0.25160035490989685,0,5.0,18.875226989559753
49,8 7 6 5 4 3 2 1 0,0,9,8,7,6,0.3076801896095276,0,5.0,18.745423325658088
50,8 7 6 5 4 3 2 1 0,0,9,8,7,6,-0.28006815910339355,0,6.0,17.023546061076463
51,8 7 6 5 4 3 2 1 0,0,9,8,7,6,-0.23394811153411865,0,6.0,15.588050033176275
52,8 7 6 5 4 3 2 1 0,0,9,8,7,6,-0.18938104808330536,0,6.0,15.023672373762146
53,8 7 6 5 4 3 2 1 0,0,9,8,7,6,-0.1456366777420044,0,6.0,14.715777550439674
54,8 7 6 5 4 3 2 1 0,0,9,8,7,6,-0.10079541802406311,0,6.0,15.05842682756306
55,8 7 6 5 4 3 2 1 0,0,9,8,7,6,-0.05487361550331116,0,6.0,15.386962900547985
56,8 7 6 5 4 3 2 1 0,0,9,8,7,6,-0.010477056726813316,0,6.0,14.885446998385643
57,8 7 6 5 4 3 2 1 0,0,9,8,7,6,0.03321659564971924,0,6.0,14.652825281525468
58,8 7 6 5 4 3 2 1 0,0,9,8,7,6,0.0774545818567276,0,6.0,14.844299359857732
59,8 7 6 5 4 3 2 1 0,0,9,8,7,6,0.12246491760015488,0,6.0,15.12857946030463
60,8 7 6 5 4 3 2 1 0,0,9,8,7,6,0.16826783120632172,0,6.0,15.43106454522326
61,8 7 6 5 4 3 2 1 0,0,9,8,7,6,0.21220579743385315,0,6.0,14.965746895867992
62,8 7 6 5 4 3 2 1 0,0,9,8,7,6,0.25574904680252075,0,6.0,14.748909710075482
63,8 7 6 4 5 2 3 1 0,1,9,8,7,6,0.29892221093177795,0,6.0,14.717415935869749
64,8 7 6 4 5 2 3 1 0,0,9,8,7,6,-0.2946331799030304,0,7.0,14.728095808597997
65,8 7 6 4 5 2 3 1 0,0,9,8,7,6,-0.25125062465667725,0,7.0,14.793305199345482
66,8 7 6 4 5 2 3 1 0,0,9,8,7,6,-0.2079227715730667,0,7.0,14.819603403964406
67,8 7 6 4 5 2 3 1 0,0,9,8,7,6,-0.16694961488246918,0,7.0,14.05936797518145
68,8 7 6 4 5 2 3 1 0,0,9,8,7,6,-0.1278640329837799,0,7.0,13.47950910876005
69,8 7 6 4 5 2 3 0 1,1,9,8,7,6,-0.08896582573652267,0,7.0,13.499085347155415
70,8 7 6 4 5 2 3 0 1,0,9,8,7,6,-0.04651152342557907,0,7.0,15.176020266429918
71,8 7 6 4 5 2 3 0 1,0,9,8,7,6,-0.007143702823668718,0,7.0,14.583374972764215
72,8 7 6 4 5 2 3 0 1,0,9,8,7,6,0.029948290437459946,0,7.0,13.817653777395682
73,8 7 6 4 5 2 3 0 1,0,9,8,7,6,0.06441153585910797,0,7.0,12.89528435080893
74,7 8 6 4 5 2 3 0 1,1,9,7,8,6,0.09830578416585922,0,7.0,12.677272301512108
75,7 8 6 4 5 2 3 0 1,0,9,7,8,6,0.13238808512687683,0,7.0,12.852955643331486
76,7 8 6 4 5 2 3 0 1,0,9,7,8,6,0.16593120992183685,0,7.0,12.764865213080173
77,7 6 8 4 5 2 3 0 1,1,9,7,6,8,0.19878223538398743,0,7.0,12.604775121204865
78,7 6 8 4 5 2 3 0 1,0,9,7,6,8,0.22964394092559814,0,7.0,11.983969375940093
79,7 6 4 8 5 2 3 0 1,1,9,7,6,4,0.2597631514072418,0,7.0,11.84240638053527
80,7 6 4 8 5 2 3 0 1,0,9,7,6,4,0.2887865900993347,0,8.0,11.699552860883204
81,7 6 4 8 5 2 3 0 1,0,9,7,6,4,-0.3110489845275879,0,8.0,11.559361341910563
82,7 6 4 5 8 2 3 0 1,1,9,7,6,4,-0.28525984287261963,0,8.0,10.529331159920662
83,7 6 4 5 8 2 3 0 1,0,9,7,6,4,-0.25992682576179504,0,8.0,10.265640763416128
84,7 6 4 5 8 2 3 0 1,0,9,7,6,4,-0.23516914248466492,0,8.0,10.281401889109864
85,7 6 4 5 8 2 3 0 1,0,9,7,6,4,-0.2100066989660263,0,8.0,10.260688302633824
86,7 6 4 5 8 2 3 0 1,0,9,7,6,4,-0.18496522307395935,0,8.0,10.304718970755493
87,7 6 4 5 2 8 3 0 1,1,9,7,6,4,-0.16240015625953674,0,8.0,9.37347712771582
88,7 6 4 5 2 8 3 0 1,0,9,7,6,4,-0.1396159529685974,0,8.0,9.35848163102719
89,7 6 4 5 2 8 3 0 1,0,9,7,6,4,-0.11620448529720306,0,8.0,9.742236914976344
90,7 6 4 5 2 8 3 0 1,0,9,7,6,4,-0.09333421289920807,0,8.0,9.777304959131492
91,7 6 4 5 2 8 3 0 1,0,9,7,6,4,-0.07087253034114838,0,8.0,9.761166676119704
92,7 6 4 5 2 8 3 0 1,0,9,7,6,4,-0.048670507967472076,0,8.0,9.757199321911749
93,7 6 4 5 2 8 3 0 1,0,9,7,6,4,-0.026627719402313232,0,8.0,9.746191332989417
94,7 6 4 5 2 8 3 0 1,0,9,7,6,4,-0.004775709006935358,0,8.0,9.547651199369241
95,7 6 4 5 8 2 3 0 1,1,9,7,6,4,0.015601587481796741,0,8.0,8.632539242835405
96,7 6 4 5 8 2 3 0 1,0,9,7,6,4,0.037655871361494064,0,8.0,9.519335170848684
97,7 6 4 5 8 2 3 0 1,0,9,7,6,4,0.060048311948776245,0,8.0,9.675517712767368
98,7 6 4 5 8 2 3 0 1,0,9,7,6,4,0.0842423215508461,0,8.0,10.407451404241964
99,7 6 4 8 5 2 3 0 1,1,9,7,6,4,0.10997350513935089,0,8.0,10.990627504864841
100,7 6 4 8 5 2 3 0 1,0,9,7,6,4,0.1370561569929123,0,8.0,11.435793545645325
101,7 6 8 4 5 2 3 0 1,1,9,7,6,8,0.1654839664697647,0,8.0,11.8402368113816
102,7 6 8 4 5 2 3 0 1,0,9,7,6,8,0.1952703446149826,0,8.0,12.230252710819235
103,7 6 8 4 5 2 3 0 1,0,9,7,6,8,0.22646799683570862,0,8.0,12.60904397666148
104,7 6 8 4 5 2 3 0 1,0,9,7,6,8,0.2578980028629303,0,8.0,12.469402388768778
105,7 6 8 4 5 2 3 0 1,0,9,7,6,8,0.2889765501022339,0,9.0,12.09295068108061
106,7 8 6 4 5 2 3 0 1,1,9,7,8,6,-0.29099491238594055,0,9.0,11.776485219811601
107,7 8 6 4 5 2 3 0 1,0,9,7,8,6,-0.259003221988678,0,9.0,11.880799195309246
108,7 8 6 4 5 2 3 0 1,0,9,7,8,6,-0.22562739253044128,0,9.0,12.305146032007046
109,7 8 6 4 5 2 3 0 1,0,9,7,8,6,-0.19024647772312164,0,9.0,12.964483220773708
110,7 8 6 4 5 2 3 0 1,0,9,7,8,6,-0.15575778484344482,0,9.0,12.47300277620884
111,7 8 6 4 5 2 3 0 1,0,9,7,8,6,-0.12070144712924957,0,9.0,12.546414880500834
112,7 8 6 4 5 2 3 0 1,0,9,7,8,6,-0.08452115952968597,0,9.0,12.967320028561288
113,7 8 6 4 5 2 3 1 0,1,9,7,8,6,-0.04617919772863388,0,9.0,13.561831434060604
114,7 8 6 4 5 2 3 1 0,0,9,7,8,6,-0.0051323892548680305,0,9.0,14.3969961972812
115,7 8 6 4 5 2 3 1 0,0,9,7,8,6,0.03848147392272949,0,9.0,15.17286757604096
116,7 8 6 4 5 2 3 1 0,0,9,7,8,6,0.08465305715799332,0,9.0,15.931564045290422
117,7 8 6 4 5 2 3 1 0,0,9,7,8,6,0.1333479881286621,0,9.0,16.769307841498616
118,7 8 6 4 5 2 3 1 0,0,9,7,8,6,0.1847553551197052,0,9.0,17.686162858370473
119,7 8 6 4 5 3 2 1 0,1,9,7,8,6,0.2390526682138443,0,9.0,18.4724607988974
120,7 8 6 4 5 3 2 1 0,0,9,7,8,6,0.2957836091518402,0,9.0,19.15785654319881
121,7 8 6 4 5 3 2 1 0,0,9,7,8,6,-0.24739231169223785,0,10.0,19.688303219247604
122,8 7 6 4 5 3 2 1 0,1,9,8,7,6,-0.1868916004896164,0,10.0,20.264469386782924
123,8 7 6 5 4 3 2 1 0,1,9,8,7,6,-0.12398840487003326,0,10.0,20.97830911823655
124,8 7 6 5 4 3 2 1 0,0,9,8,7,6,-0.05868523195385933,0,10.0,21.771160662358184
125,8 7 6 5 4 3 2 1 0,0,9,8,7,6,0.009396207518875599,0,10.0,22.69076869345556
126,8 7 6 5 4 3 2 1 0,0,9,8,7,6,0.08029021322727203,0,10.0,23.630337834410092
127,7 8 6 5 4 3 2 1 0,1,9,7,8,6,0.15033799409866333,0,10.0,23.350384138211936
128,7 8 6 5 4 2 3 1 0,1,9,7,8,6,0.2164604514837265,0,10.0,22.040366893237085
129,7 8 6 5 4 3 2 1 0,1,9,7,8,6,0.2834590673446655,0,10.0,22.36656807905043
130,7 8 6 5 4 3 2 0 1,1,9,7,8,6,-0.25074008107185364,0,11.0,21.736070846826475
131,7 8 6 5 4 3 2 1 0,1,9,7,8,6,-0.18629182875156403,0,11.0,21.57297646004424
132,7 8 6 5 4 3 2 1 0,0,9,7,8,6,-0.12006708234548569,0,11.0,22.138376194570153
133,7 8 6 5 4 3 2 1 0,0,9,7,8,6,-0.05181630700826645,0,11.0,22.78353232908621
134,7 8 6 5 4 3 2 1 0,0,9,7,8,6,0.018866050988435745,0,11.0,23.632396617898046
135,7 8 6 5 4 3 2 1 0,0,9,7,8,6,0.08423366397619247,0,11.0,21.82718965903679
136,7 8 6 5 4 3 2 1 0,0,9,7,8,6,0.15188828110694885,0,11.0,22.627348105668716
137,7 8 6 5 4 3 2 1 0,0,9,7,8,6,0.22122237086296082,0,11.0,23.15526076310605
138,7 8 6 5 4 3 2 1 0,0,9,7,8,6,0.284699022769928,0,11.0,21.231158842608266
139,7 8 6 5 4 3 2 1 0,0,9,7,8,6,-0.24977900087833405,0,12.0,21.282756953404792
140,7 8 6 5 4 3 2 1 0,0,9,7,8,6,-0.18747583031654358,0,12.0,20.821214592484502
141,7 8 6 5 4 3 2 1 0,0,9,7,8,6,-0.12363088130950928,0,12.0,21.290368409074762
142,7 8 6 5 4 3 2 1 0,0,9,7,8,6,-0.05801042169332504,0,12.0,21.89586169804197
143,7 8 6 5 4 3 2 1 0,0,9,7,8,6,0.00997703056782484,0,12.0,22.659500097592908
144,7 8 6 5 4 3 2 1 0,0,9,7,8,6,0.0768185704946518,0,12.0,22.2804290156292
145,7 8 6 5 4 3 2 1 0,0,9,7,8,6,0.144919753074646,0,12.0,22.70137235369142
146,7 8 6 5 4 3 2 1 0,0,9,7,8,6,0.21313011646270752,0,12.0,22.736354849359437
147,7 8 6 5 4 3 2 1 0,0,9,7,8,6,0.27712881565093994,0,12.0,21.332524280753038
148,7 8 6 5 4 3 2 1 0,0,9,7,8,6,-0.25387856364250183,0,13.0,21.61407870374436
149,7 8 6 5 4 3 2 1 0,0,9,7,8,6,-0.18852874636650085,0,13.0,21.784309937727905
150,7 8 6 5 4 3 2 1 0,0,9,7,8,6,-0.11993829905986786,0,13.0,22.864280164749033
151,7 8 6 5 4 2 3 1 0,1,9,7,8,6,-0.04813452810049057,0,13.0,23.933946474816768
152,7 8 6 5 4 2 3 1 0,0,9,7,8,6,0.018186379224061966,0,13.0,22.1115859808503
153,7 8 6 5 4 3 2 0 1,1,9,7,8,6,0.08512762933969498,0,13.0,22.31443880247534
154,7 8 6 5 4 2 3 1 0,1,9,7,8,6,0.15194471180438995,0,13.0,22.27259673808998
155,7 8 6 5 4 2 3 1 0,0,9,7,8,6,0.21870167553424835,0,13.0,22.263925407590147
156,7 8 6 5 4 2 3 1 0,0,9,7,8,6,0.2824796736240387,0,13.0,21.31234531487473
157,7 8 6 5 4 2 3 1 0,0,9,7,8,6,-0.24665838479995728,0,14.0,21.366235797998957
158,7 8 6 5 4 2 3 1 0,0,9,7,8,6,-0.18207868933677673,0,14.0,21.536094993335414
159,7 8 6 5 4 3 2 1 0,1,9,7,8,6,-0.11456147581338882,0,14.0,22.507759183235077
160,7 8 6 5 4 3 2 1 0,0,9,7,8,6,-0.04408078268170357,0,14.0,23.499639785537905
161,7 8 6 5 4 3 2 1 0,0,9,7,8,6,0.020868873223662376,0,14.0,21.665375525859815
162,7 8 6 5 4 3 2 1 0,0,9,7,8,6,0.0883011445403099,0,14.0,22.483576837642854
163,7 8 6 5 4 3 2 1 0,0,9,7,8,6,0.1573256105184555,0,14.0,23.008097177620403
164,7 8 6 5 4 3 2 1 0,0,9,7,8,6,0.2210351973772049,0,14.0,21.246184003681176
165,7 8 6 5 4 3 2 1 0,0,9,7,8,6,0.28720301389694214,0,14.0,22.058845726553024
166,7 8 6 5 4 3 2 1 0,0,9,7,8,6,-0.23766213655471802,0,15.0,21.470475198996635
167,7 8 6 5 4 3 2 1 0,0,9,7,8,6,-0.17172162234783173,0,15.0,21.98778088505637
168,7 8 6 5 4 3 2 1 0,0,9,7,8,6,-0.10416369140148163,0,15.0,22.545450194144234
169,7 8 6 5 4 3 2 1 0,0,9,7,8,6,-0.03445107862353325,0,15.0,23.306344765418235
170,7 8 6 5 4 3 2 1 0,0,9,7,8,6,0.029658865183591843,0,15.0,21.493727144808773
171,7 6 8 5 4 3 2 1 0,1,9,7,6,8,0.09412890672683716,0,15.0,21.726757598821216
172,7 6 8 5 4 3 2 1 0,0,9,7,6,8,0.1597130000591278,0,15.0,22.084304468742594
173,7 8 6 5 4 3 2 1 0,1,9,7,8,6,0.22577139735221863,0,15.0,22.199113285930927
174,7 8 6 5 4 3 2 0 1,1,9,7,8,6,0.2931724488735199,0,15.0,22.596221059031294
175,7 8 6 5 4 3 2 0 1,0,9,7,8,6,-0.23373323678970337,0,16.0,20.875100164089307
176,7 8 6 5 4 2 3 1 0,1,9,7,8,6,-0.16918130218982697,0,16.0,21.640067553627702
177,7 8 6 5 4 2 3 1 0,0,9,7,8,6,-0.10306836664676666,0,16.0,22.208061079302222
178,7 6 8 5 4 3 2 1 0,1,9,7,6,8,-0.03469669818878174,0,16.0,23.045227916870868
179,7 6 8 5 4 3 2 1 0,0,9,7,6,8,0.028534162789583206,0,16.0,21.245164912270464
180,7 6 8 5 4 3 2 1 0,0,9,7,6,8,0.09401784837245941,0,16.0,22.060366284366605
181,7 6 8 5 4 3 2 1 0,0,9,7,6,8,0.1613193303346634,0,16.0,22.601198685761023
182,7 6 8 5 4 3 2 1 0,0,9,7,6,8,0.22866126894950867,0,16.0,22.532555417601788
183,7 6 8 5 4 3 2 1 0,0,9,7,6,8,-0.29326334595680237,0,16.0,22.807500843983167
184,7 6 8 5 4 3 2 1 0,0,9,7,6,8,-0.2302217036485672,0,17.0,21.138796403978482
185,7 6 8 5 4 3 2 1 0,0,9,7,6,8,-0.16482675075531006,0,17.0,21.969642166336115
186,7 6 8 5 4 3 2 1 0,0,9,7,6,8,-0.09779464453458786,0,17.0,22.534897387565522
187,7 6 8 5 4 3 2 1 0,0,9,7,6,8,-0.031180446967482567,0,17.0,22.368540348824922
188,7 6 8 5 4 3 2 1 0,0,9,7,6,8,0.03543539717793465,0,17.0,22.286628702660238
189,7 6 8 5 4 3 2 1 0,0,9,7,6,8,0.10327409207820892,0,17.0,22.651569844888897
190,7 6 8 5 4 3 2 1 0,0,9,7,6,8,0.17278239130973816,0,17.0,23.228624050746394
191,7 6 8 5 4 3 2 1 0,0,9,7,6,8,0.2371426820755005,0,17.0,21.49605338915099
192,7 6 8 5 4 3 2 1 0,0,9,7,6,8,-0.2869531512260437,0,17.0,22.26326833932403
193,7 6 8 4 5 3 2 1 0,1,9,7,6,8,-0.22570359706878662,0,18.0,20.50584302967662
194,7 6 8 5 4 3 2 0 1,1,9,7,6,8,-0.16202212870121002,0,18.0,21.35882383404807
195,7 6 8 5 4 2 3 0 1,1,9,7,6,8,-0.09666886925697327,0,18.0,21.933240607062928
196,7 6 8 5 4 3 2 0 1,1,9,7,6,8,-0.03167273849248886,0,18.0,21.745856280363018
197,7 6 8 5 4 3 2 0 1,0,9,7,6,8,0.03469998762011528,0,18.0,22.173560534730697
198,7 6 8 5 4 3 2 0 1,0,9,7,6,8,0.10278975963592529,0,18.0,22.70306763495114
199,7 6 8 5 4 3 2 0 1,0,9,7,6,8,0.16137903928756714,0,18.0,19.54187891381922
200,7 6 8 5 4 2 3 1 0,1,9,7,6,8,0.2116335928440094,0,18.0,16.77692916204055
201,7 6 8 5 4 2 3 1 0,0,9,7,6,8,0.25380831956863403,0,18.0,14.102161120413415
202,7 6 8 5 4 2 3 1 0,0,9,7,6,8,-0.294128954410553,0,19.0,14.540955361950608
203,7 6 8 5 4 2 3 1 0,0,9,7,6,8,-0.25040534138679504,0,19.0,14.747381158830779
204,7 6 5 8 4 2 3 1 0,1,9,7,6,5,-0.2050645649433136,0,19.0,15.31294942792618
205,7 6 5 8 4 2 3 1 0,0,9,7,6,5,-0.15595033764839172,0,19.0,16.57854396621421
206,7 6 5 8 4 2 3 1 0,0,9,7,6,5,-0.10368996858596802,0,19.0,17.58708292245911
207,7 6 5 8 4 2 3 1 0,0,9,7,6,5,-0.04867813363671303,0,19.0,18.493449937384216
208,7 6 5 8 4 2 3 1 0,0,9,7,6,5,0.009003907442092896,0,19.0,19.373915616355948
209,7 6 5 8 4 2 3 1 0,0,9,7,6,5,0.06933893263339996,0,19.0,20.246341136529306
210,7 6 5 8 4 2 3 1 0,0,9,7,6,5,0.1323254406452179,0,19.0,21.11437653463428
211,7 6 5 8 4 2 3 1 0,0,9,7,6,5,0.19796279072761536,0,19.0,21.978130899821732
212,7 6 5 8 4 2 3 1 0,0,9,7,6,5,0.26382356882095337,0,19.0,22.032218622659457
213,7 6 5 8 4 2 3 1 0,0,9,7,6,5,-0.26393941044807434,0,20.0,22.29795342842328
214,7 6 5 4 8 2 3 0 1,1,9,7,6,5,-0.19629889726638794,0,20.0,22.71536965626634
215,7 6 5 4 8 3 2 0 1,1,9,7,6,5,-0.12915031611919403,0,20.0,22.57640400392247
216,7 6 5 4 8 3 2 0 1,0,9,7,6,5,-0.06089465320110321,0,20.0,23.009510766740025
217,7 6 5 4 8 2 3 0 1,1,9,7,6,5,0.0028239458333700895,0,20.0,21.416788744933253
218,7 6 5 4 8 2 3 0 1,0,9,7,6,5,0.06856155395507812,0,20.0,22.01158731791053
219,7 6 5 4 8 2 3 1 0,1,9,7,6,5,0.12544676661491394,0,20.0,19.049240095930653
220,7 6 4 5 8 2 3 1 0,1,9,7,6,4,0.17342668771743774,0,20.0,16.09963055657034
221,7 6 4 5 8 2 3 1 0,0,9,7,6,4,0.21313834190368652,0,20.0,13.368922639756596
222,7 6 5 4 8 2 3 1 0,1,9,7,6,5,0.2557432949542999,0,20.0,14.40775049713061
223,7 6 5 4 8 2 3 1 0,0,9,7,6,5,0.2987523376941681,0,21.0,14.499711608866045
224,7 6 5 4 8 2 3 1 0,0,9,7,6,5,-0.2552092969417572,0,21.0,15.100377879799689
225,7 6 4 5 8 2 3 1 0,1,9,7,6,4,-0.2085539847612381,0,21.0,15.79302283112122
226,7 6 4 5 8 2 3 1 0,0,9,7,6,4,-0.15897351503372192,0,21.0,16.81028439747664
227,7 6 4 5 8 2 3 1 0,0,9,7,6,4,-0.1065867692232132,0,21.0,17.71817837180344
228,7 6 4 5 8 2 3 1 0,0,9,7,6,4,-0.05143892765045166,0,21.0,18.57105375709182
229,7 6 5 4 8 2 3 1 0,1,9,7,6,5,0.006213158369064331,0,21.0,19.43529841459037
230,7 6 5 4 8 2 3 1 0,0,9,7,6,5,0.06654941290616989,0,21.0,20.311973541471595
231,7 6 5 4 8 2 3 1 0,0,9,7,6,5,0.12693117558956146,0,21.0,20.313401046474805
232,7 6 5 4 8 2 3 1 0,0,9,7,6,5,0.18294483423233032,0,21.0,18.851886561186692
233,7 6 5 4 8 2 3 1 0,0,9,7,6,5,0.23119275271892548,0,21.0,16.26195729178758
234,7 6 5 4 8 3 2 1 0,1,9,7,6,5,0.2767692506313324,0,21.0,15.429854497413142
235,7 6 5 4 8 2 3 0 1,1,9,7,6,5,-0.28282710909843445,0,22.0,15.351072223263001
236,7 6 5 4 8 2 3 0 1,0,9,7,6,5,-0.23643143475055695,0,22.0,15.851664377359374
237,7 6 5 4 8 2 3 0 1,0,9,7,6,5,-0.18731571733951569,0,22.0,16.731200860244314
238,7 6 5 4 8 2 3 1 0,1,9,7,6,5,-0.1355307400226593,0,22.0,17.59808995933556
239,7 6 5 4 8 2 3 1 0,0,9,7,6,5,-0.08110378682613373,0,22.0,18.46246849648093
240,7 6 5 4 8 2 3 1 0,0,9,7,6,5,-0.024026615545153618,0,22.0,19.32608939967544
241,7 6 5 4 8 2 3 1 0,0,9,7,6,5,0.03570641949772835,0,22.0,20.187654021293582
242,7 6 5 4 8 2 3 1 0,0,9,7,6,5,0.09550786018371582,0,22.0,20.189510532574833
243,7 6 5 4 8 2 3 1 0,0,9,7,6,5,0.14979945123195648,0,22.0,18.335901138799052
244,7 6 5 4 8 2 3 1 0,0,9,7,6,5,0.20179229974746704,0,22.0,17.618912798055828
245,7 6 5 4 8 2 3 1 0,0,9,7,6,5,0.2553408741950989,0,22.0,18.090519503854992
246,7 6 5 4 8 2 3 1 0,0,9,7,6,5,-0.3028731346130371,0,23.0,18.34127808765503
247,7 6 4 5 8 2 3 1 0,1,9,7,6,4,-0.25355204939842224,0,23.0,16.728463388818312
248,7 6 4 5 8 2 3 1 0,0,9,7,6,4,-0.20392827689647675,0,23.0,16.719522017271693
249,7 6 4 5 8 2 3 1 0,0,9,7,6,4,-0.1522304117679596,0,23.0,17.32314386524013
250,7 6 4 5 8 2 3 1 0,0,9,7,6,4,-0.09798949211835861,0,23.0,18.1874724433413
251,7 6 4 5 8 2 3 0 1,1,9,7,6,4,-0.040564898401498795,0,23.0,19.219213385555665
252,7 6 4 5 8 2 3 0 1,0,9,7,6,4,0.01980857364833355,0,23.0,20.190635306424124
253,7 6 4 5 8 2 3 0 1,0,9,7,6,4,0.08040004968643188,0,23.0,20.233806250918164
254,7 6 4 5 8 2 3 0 1,0,9,7,6,4,0.1403965801000595,0,23.0,19.991726142021648
255,7 6 5 4 8 2 3 0 1,1,9,7,6,5,0.20115390419960022,0,23.0,20.249271484696738
256,7 6 5 4 8 2 3 0 1,0,9,7,6,5,0.2636815309524536,0,23.0,20.839523176626074
257,7 6 5 4 8 2 3 1 0,1,9,7,6,5,-0.2895948588848114,0,23.0,21.033082051127987
258,7 6 5 4 8 2 3 0 1,1,9,7,6,5,-0.22746014595031738,0,24.0,20.815954072147218
259,7 6 5 4 8 2 3 0 1,0,9,7,6,5,-0.163144052028656,0,24.0,21.482236247889222
260,7 6 5 4 8 2 3 0 1,0,9,7,6,5,-0.09654664993286133,0,24.0,22.254173190784392
261,7 6 5 4 8 2 3 0 1,0,9,7,6,5,-0.03057483397424221,0,24.0,22.029881698720217
262,7 6 5 4 8 2 3 0 1,0,9,7,6,5,0.03668363019824028,0,24.0,22.46331555688895
263,7 6 5 4 8 2 3 0 1,0,9,7,6,5,0.10562437027692795,0,24.0,22.997665085306398
264,7 6 5 4 8 2 3 0 1,0,9,7,6,5,0.1687343567609787,0,24.0,21.033201157414116
265,7 6 5 4 8 2 3 0 1,0,9,7,6,5,0.23352007567882538,0,24.0,21.608481897498997
266,7 6 5 4 8 2 3 0 1,0,9,7,6,5,0.29958075284957886,0,24.0,22.034775358477834
267,7 6 5 4 8 2 3 0 1,0,9,7,6,5,-0.26122814416885376,0,25.0,19.161142332646477
268,7 6 5 4 8 2 3 0 1,0,9,7,6,5,-0.20274515450000763,0,25.0,19.494479963377668
269,7 6 5 4 8 2 3 0 1,0,9,7,6,5,-0.14443598687648773,0,25.0,19.443775409508305
270,7 6 5 4 8 2 3 0 1,0,9,7,6,5,-0.0864902064204216,0,25.0,19.312014704145408
271,7 6 5 4 2 8 3 0 1,1,9,7,6,5,-0.02844560705125332,0,25.0,19.347747203650172
272,6 7 5 4 8 2 3 0 1,1,9,6,7,5,0.030383318662643433,0,25.0,19.614663891061994
273,6 7 5 4 8 2 3 0 1,0,9,6,7,5,0.08558481931686401,0,25.0,18.403177741997037
274,6 7 4 5 2 8 3 0 1,1,9,6,7,4,0.14268578588962555,0,25.0,19.034472455176964
275,7 6 4 5 2 8 3 0 1,1,9,7,6,4,0.19579993188381195,0,25.0,17.72039467126398
276,6 7 4 5 2 8 3 1 0,1,9,6,7,4,0.2508257031440735,0,25.0,18.358939350683954
277,6 7 4 5 2 8 3 0 1,1,9,6,7,4,0.3046759068965912,0,25.0,17.95554868418737
278,6 7 4 5 2 8 3 0 1,0,9,6,7,4,-0.2612018883228302,0,26.0,17.497128747094372
279,6 7 4 5 2 8 3 0 1,0,9,6,7,4,-0.20909172296524048,0,26.0,17.371057682685557
280,6 7 4 5 2 8 3 0 1,0,9,6,7,4,-0.15482650697231293,0,26.0,18.09249034748267
281,6 7 4 5 2 8 3 0 1,0,9,6,7,4,-0.10098150372505188,0,26.0,17.950844410775378
282,6 7 4 5 2 8 3 0 1,0,9,6,7,4,-0.046820346266031265,0,26.0,18.05417048151821
283,6 7 4 5 2 8 3 0 1,0,9,6,7,4,0.006849514786154032,0,26.0,17.889811706940282
284,6 7 4 5 2 8 3 0 1,0,9,6,7,4,0.05217541754245758,0,26.0,15.109512319976604
285,6 7 4 5 2 8 3 0 1,0,9,6,7,4,0.0991472601890564,0,26.0,15.657132333634673
286,6 7 4 5 2 8 3 0 1,0,9,6,7,4,0.1468052715063095,0,26.0,15.891076297959117
287,6 7 4 5 2 8 3 0 1,0,9,6,7,4,0.19416894018650055,0,26.0,15.791840220488245
288,6 7 4 5 2 8 3 0 1,0,9,6,7,4,0.2429523468017578,0,26.0,16.266454636375563
289,6 7 4 5 2 8 3 0 1,0,9,6,7,4,0.29206109046936035,0,26.0,16.369759520558297
290,6 7 4 5 2 8 3 0 1,0,9,6,7,4,-0.2785540223121643,0,27.0,16.138750781910165
291,6 7 4 5 2 8 3 0 1,0,9,6,7,4,-0.22968947887420654,0,27.0,16.287686648195137
292,6 7 4 5 2 8 3 0 1,0,9,6,7,4,-0.17783807218074799,0,27.0,17.289237718267582
293,6 7 4 5 2 8 3 0 1,0,9,6,7,4,-0.12656880915164948,0,27.0,17.096066168286857
294,6 7 4 5 2 8 3 0 1,0,9,6,7,4,-0.07493529468774796,0,27.0,17.2098493037416
295,6 7 4 5 2 8 3 0 1,0,9,6,7,4,-0.03180282190442085,0,27.0,14.378372591858778
296,6 7 4 5 2 8 3 0 1,0,9,6,7,4,0.014397429302334785,0,27.0,15.40483471255255
297,6 7 4 5 2 8 3 0 1,0,9,6,7,4,0.06029358133673668,0,27.0,15.298050156409891
298,6 7 4 5 2 8 3 0 1,0,9,6,7,4,0.10761907696723938,0,27.0,15.775066593976012
299,6 7 4 5 2 8 3 0 1,0,9,6,7,4,0.15666964650154114,0,27.0,16.353781359141866
300,6 7 4 5 2 8 3 0 1,0,9,6,7,4,0.208584725856781,0,27.0,17.30928400372249
301,6 7 4 5 2 8 3 0 1,0,9,6,7,4,0.25995922088623047,0,27.0,17.128123725841945
302,6 7 4 5 2 8 3 0 1,0,9,6,7,4,-0.3100726008415222,0,27.0,16.62243248979411
303,6 7 4 5 2 8 3 0 1,0,9,6,7,4,-0.26049748063087463,0,28.0,16.528428639149595
304,6 7 4 5 2 8 3 0 1,0,9,6,7,4,-0.21045592427253723,0,28.0,16.68962221059027
305,6 7 4 5 2 8 3 0 1,0,9,6,7,4,-0.15744832158088684,0,28.0,17.677490211424903
306,6 7 4 5 2 8 3 0 1,0,9,6,7,4,-0.10475970059633255,0,28.0,17.567828121333665
307,6 7 4 5 2 8 3 0 1,0,9,6,7,4,-0.0512598380446434,0,28.0,17.832052430149393
308,6 7 4 5 2 8 3 0 1,0,9,6,7,4,0.0037677972577512264,0,28.0,18.343578801336335
309,6 4 7 5 2 8 3 0 1,1,9,6,4,7,0.061376579105854034,0,28.0,19.213607237780565
310,6 4 7 5 2 8 3 0 1,0,9,6,4,7,0.12207958102226257,0,28.0,20.23514585060152
311,6 4 7 5 2 8 3 0 1,0,9,6,4,7,0.18365754187107086,0,28.0,20.52552902988785
312,6 4 7 5 2 8 3 0 1,0,9,6,4,7,0.24773186445236206,0,28.0,21.35795097948522
313,6 4 7 5 2 8 3 0 1,0,9,6,4,7,-0.30851462483406067,0,28.0,21.66302539196959
314,6 4 7 5 2 8 3 0 1,0,9,6,4,7,-0.24872782826423645,0,29.0,19.97058296412158
315,6 4 5 7 2 8 3 0 1,1,9,6,4,5,-0.18874812126159668,0,29.0,20.073605452836254
316,6 4 5 7 2 8 3 0 1,0,9,6,4,5,-0.12683211266994476,0,29.0,20.68830081697858
317,6 4 7 5 2 8 3 0 1,1,9,6,4,7,-0.06257349997758865,0,29.0,21.444038362334556
318,6 4 7 5 2 8 3 0 1,0,9,6,4,7,0.004562504589557648,0,29.0,22.396772490470088
319,6 4 7 5 2 8 3 0 1,0,9,6,4,7,0.07498042285442352,0,29.0,23.486587410969538
320,6 4 7 5 2 8 3 0 1,0,9,6,4,7,0.13958290219306946,0,29.0,21.541853314355688
321,6 4 5 7 2 8 3 0 1,1,9,6,4,5,0.20625761151313782,0,29.0,22.24856924119603
322,6 4 5 7 2 8 3 0 1,0,9,6,4,5,0.2721364498138428,0,29.0,21.963928372468207
323,6 4 5 7 2 8 3 0 1,0,9,6,4,5,-0.28665104508399963,0,29.0,21.74777400790096
324,6 4 5 7 2 8 3 0 1,0,9,6,4,5,-0.22136643528938293,0,30.0,21.796879582796397
325,6 4 5 7 2 8 3 0 1,0,9,6,4,5,-0.15505796670913696,0,30.0,22.167775726598954
326,6 4 5 7 2 8 3 0 1,0,9,6,4,5,-0.08703775703907013,0,30.0,22.700041332005284
327,6 4 5 7 2 8 3 0 1,0,9,6,4,5,-0.01679413393139839,0,30.0,23.440539327743693
328,6 4 5 2 7 8 3 0 1,1,9,6,4,5,0.04813185706734657,0,30.0,21.642359589271482
329,6 4 2 5 7 8 3 0 1,1,9,6,4,2,0.1152738407254219,0,30.0,22.382570190752915
330,6 4 2 5 7 8 3 0 1,0,9,6,4,2,0.18382777273654938,0,30.0,22.88032001175312
331,6 4 2 5 7 8 3 0 1,0,9,6,4,2,0.2470906525850296,0,30.0,21.143036658482153
332,6 4 2 5 7 8 3 0 1,0,9,6,4,2,0.3111463189125061,0,30.0,21.40178415910561
333,6 4 2 5 7 8 3 0 1,0,9,6,4,2,-0.25435829162597656,0,31.0,19.775841502531804
334,6 4 2 5 7 8 3 0 1,0,9,6,4,2,-0.1947709172964096,0,31.0,19.863416104050298
335,6 4 2 5 7 8 3 0 1,0,9,6,4,2,-0.13337768614292145,0,31.0,20.463544108212457
336,6 4 2 5 7 8 3 0 1,0,9,6,4,2,-0.0697217583656311,0,31.0,21.21902188944017
337,6 4 2 5 7 8 3 0 1,0,9,6,4,2,-0.003226742148399353,0,31.0,22.164786054590277
338,6 4 2 5 7 8 3 0 1,0,9,6,4,2,0.0665646344423294,0,31.0,23.263790732072444
339,6 4 2 5 7 8 3 0 1,0,9,6,4,2,0.1308061182498932,0,31.0,21.41487362829635
340,6 4 2 5 7 8 3 0 1,0,9,6,4,2,0.1973923146724701,0,31.0,22.211165835634404
341,6 4 2 5 7 3 8 0 1,1,9,6,4,2,0.2630842626094818,0,31.0,21.90397477578222
342,6 4 2 5 7 8 3 0 1,1,9,6,4,2,-0.2972090542316437,0,31.0,21.692639156051474
343,6 4 2 5 7 3 8 0 1,1,9,6,4,2,-0.2320609986782074,0,32.0,21.72803227764927
344,6 4 2 5 7 3 8 0 1,0,9,6,4,2,-0.16443799436092377,0,32.0,22.543324440567986
345,6 4 2 5 7 3 8 0 1,0,9,6,4,2,-0.09417007118463516,0,32.0,23.425596023915983
346,6 4 2 5 7 3 8 0 1,0,9,6,4,2,-0.0293645691126585,0,32.0,21.61855377448653
347,6 4 2 5 7 3 8 0 1,0,9,6,4,2,0.037895187735557556,0,32.0,22.42333307504544
348,4 6 2 5 7 3 8 0 1,1,9,4,6,2,0.1067192330956459,0,32.0,22.94220428605559
349,4 6 2 5 7 3 8 0 1,0,9,4,6,2,0.17801350355148315,0,32.0,23.764305736477468
350,4 2 6 5 7 3 8 0 1,1,9,4,2,6,0.24350784718990326,0,32.0,21.840081634134783
351,4 2 6 5 7 3 8 0 1,0,9,4,2,6,0.30848562717437744,0,32.0,21.675580424426634
352,4 2 6 5 7 3 8 0 1,0,9,4,2,6,-0.25749871134757996,0,33.0,20.10096557925219
353,4 2 6 5 7 3 8 0 1,0,9,4,2,6,-0.19651761651039124,0,33.0,20.32919592406476
354,2 4 6 5 3 7 8 0 1,1,9,2,4,6,-0.1334015280008316,0,33.0,21.05377818336059
355,2 4 6 5 3 7 0 8 1,1,9,2,4,6,-0.06785961240530014,0,33.0,21.892601638837796
356,2 4 6 5 3 7 0 8 1,0,9,2,4,6,0.0008701980113983154,0,33.0,22.935503557792746
357,2 4 6 5 3 7 0 8 1,0,9,2,4,6,0.07274764776229858,0,33.0,23.9646728891491
358,2 4 6 5 3 7 0 8 1,0,9,2,4,6,0.13914699852466583,0,33.0,22.15034350798547
359,2 4 6 5 3 7 0 8 1,0,9,2,4,6,0.20262615382671356,0,33.0,21.16329883889033
360,2 4 6 5 3 7 0 8 1,0,9,2,4,6,0.26616165041923523,0,33.0,21.178333543108614
361,2 4 6 5 3 7 0 8 1,0,9,2,4,6,-0.29879650473594666,0,33.0,20.896463626970235
362,2 4 6 5 3 7 0 8 1,0,9,2,4,6,-0.23794271051883698,0,34.0,20.299180458581212
363,2 4 6 5 3 0 7 8 1,1,9,2,4,6,-0.174416646361351,0,34.0,21.21374740363302
364,2 4 6 5 3 0 7 8 1,0,9,2,4,6,-0.1083291620016098,0,34.0,22.052874970990157
365,2 4 6 5 3 0 7 8 1,0,9,2,4,6,-0.03906264156103134,0,34.0,23.107776416217142
366,2 4 6 5 3 0 7 8 1,0,9,2,4,6,0.024705130606889725,0,34.0,21.269041287222812
367,2 4 6 5 3 0 7 8 1,0,9,2,4,6,0.0908510759472847,0,34.0,22.084553611289156
368,2 4 6 5 3 0 7 8 1,0,9,2,4,6,0.13768349587917328,0,34.0,16.656854815162923
369,2 4 6 5 3 0 7 8 1,0,9,2,4,6,0.18669943511486053,0,34.0,16.643495331600572
370,2 4 6 5 3 0 7 8 1,0,9,2,4,6,0.2374083250761032,0,34.0,16.90391593612951
371,2 4 6 5 3 0 7 8 1,0,9,2,4,6,0.28716105222702026,0,34.0,16.599522687232923
372,2 4 6 5 3 0 7 8 1,0,9,2,4,6,-0.2921988070011139,0,34.0,16.645971225657334
373,2 4 6 5 3 0 7 8 1,0,9,2,4,6,-0.2445988804101944,0,35.0,15.926695907891125
374,2 4 6 5 3 0 7 8 1,0,9,2,4,6,-0.20127932727336884,0,35.0,14.560891430962798
375,2 4 6 5 3 0 7 8 1,0,9,2,4,6,-0.15816833078861237,0,35.0,14.468292195220304
376,2 4 6 5 0 3 7 8 1,1,9,2,4,6,-0.1152084693312645,0,35.0,14.37870253527017
377,2 4 6 5 0 3 7 8 1,0,9,2,4,6,-0.07268859446048737,0,35.0,14.197012954276499
378,2 4 6 5 0 3 7 8 1,0,9,2,4,6,-0.029912397265434265,0,35.0,14.281064110682347
379,2 4 6 5 0 3 7 8 1,0,9,2,4,6,0.01237750519067049,0,35.0,14.121424000434697
380,2 4 6 5 3 0 7 8 1,1,9,2,4,6,0.05501187592744827,0,35.0,14.21452429641788
381,2 4 6 5 3 0 7 8 1,0,9,2,4,6,0.0975608378648758,0,35.0,14.186559978189894
382,2 4 6 5 3 0 7 8 1,0,9,2,4,6,0.14061670005321503,0,35.0,14.354345989890097
383,2 4 6 5 3 0 7 8 1,0,9,2,4,6,0.1845356523990631,0,35.0,14.638271841040918
384,2 4 6 5 3 0 7 8 1,0,9,2,4,6,0.22927632927894592,0,35.0,14.912827787180543
385,2 4 6 5 3 0 7 8 1,0,9,2,4,6,0.2744763493537903,0,35.0,15.076187891084077
386,2 4 6 5 3 0 7 8 1,0,9,2,4,6,-0.3100777268409729,0,35.0,15.073596886243159
387,2 4 6 5 3 0 7 8 1,0,9,2,4,6,-0.26578181982040405,0,36.0,14.771481244743745
388,2 4 6 5 3 0 7 8 1,0,9,2,4,6,-0.22198890149593353,0,36.0,14.612769195750914
389,2 4 6 5 3 0 7 8 1,0,9,2,4,6,-0.17278581857681274,0,36.0,16.413345133274984
390,2 4 6 5 3 0 7 1 8,1,9,2,4,6,-0.12974223494529724,0,36.0,14.698006257476631
391,2 4 6 5 3 7 0 1 8,1,9,2,4,6,-0.0851316973567009,0,36.0,15.145796071620303
392,4 2 6 5 7 3 0 1 8,1,9,4,2,6,-0.03912246972322464,0,36.0,15.648191227858135
393,4 2 6 5 7 3 0 1 8,0,9,4,2,6,0.007254501339048147,0,36.0,15.801737115414324
394,4 2 6 5 7 3 0 1 8,0,9,4,2,6,0.0538601353764534,0,36.0,15.90514181215788
395,4 2 6 5 7 3 0 1 8,0,9,4,2,6,0.10057815909385681,0,36.0,16.123095749469286
396,4 2 6 5 7 3 0 1 8,0,9,4,2,6,0.14426609873771667,0,36.0,15.245656926195657
397,4 2 6 5 7 3 0 1 8,0,9,4,2,6,0.1847350001335144,0,36.0,14.264979635193143
398,4 6 2 5 7 3 0 1 8,1,9,4,6,2,0.22234001755714417,0,36.0,13.466093319030588
399,4 6 2 5 7 3 0 1 8,0,9,4,6,2,0.2584843039512634,0,36.0,13.172555376927436
400,4 6 2 5 7 3 0 1 8,0,9,4,6,2,0.29316964745521545,0,37.0,12.805928438536275
401,4 6 2 5 7 3 0 1 8,0,9,4,6,2,-0.3063053488731384,0,37.0,13.278844369566476
402,4 6 2 5 7 3 0 1 8,0,9,4,6,2,-0.27151909470558167,0,37.0,13.365536244844906
403,4 6 2 5 7 3 0 1 8,0,9,4,6,2,-0.2358553409576416,0,37.0,13.710129940161432
404,4 6 2 5 7 3 0 1 8,0,9,4,6,2,-0.1987859159708023,0,37.0,14.101912052665424
405,6 4 2 5 7 3 0 1 8,1,9,6,4,2,-0.1601174920797348,0,37.0,14.47751518131854
406,6 4 2 5 7 3 0 1 8,0,9,6,4,2,-0.12053249031305313,0,37.0,14.548679229300562
407,6 4 2 5 7 3 0 1 8,0,9,6,4,2,-0.08014678955078125,0,37.0,14.667060225732053
408,6 4 2 5 7 3 0 1 8,0,9,6,4,2,-0.04582715407013893,0,37.0,12.461442779996586
409,4 6 2 5 7 3 0 1 8,1,9,4,6,2,-0.013207599520683289,0,37.0,11.836684684131521
410,4 6 2 5 7 3 0 1 8,0,9,4,6,2,0.02052607759833336,0,37.0,12.063761899656958
411,4 6 2 5 7 3 0 1 8,0,9,4,6,2,0.05716641619801521,0,37.0,12.907308155574688
412,4 6 2 5 7 3 0 1 8,0,9,4,6,2,0.09619175642728806,0,37.0,13.637244479694422
413,4 2 6 5 7 3 0 1 8,1,9,4,2,6,0.13759806752204895,0,37.0,14.449978402392999
414,4 2 6 5 7 3 0 1 8,0,9,4,2,6,0.18154244124889374,0,37.0,15.33382988965702
415,2 4 6 5 7 3 0 1 8,1,9,2,4,6,0.22827810049057007,0,37.0,16.108683370936898
416,2 4 6 5 3 7 0 1 8,1,9,2,4,6,0.2773686349391937,0,37.0,16.90974453228803
417,2 4 6 5 3 0 7 1 8,1,9,2,4,6,-0.3158867657184601,0,38.0,17.520540803914013
418,2 4 6 5 3 0 7 1 8,0,9,2,4,6,-0.2637370824813843,0,38.0,18.043078855387183
419,2 4 6 5 3 0 7 1 8,0,9,2,4,6,-0.2100776582956314,0,38.0,18.56789769497379
420,2 4 6 5 3 0 7 1 8,0,9,2,4,6,-0.1538868248462677,0,38.0,19.380695529625232
421,2 4 6 5 3 0 7 1 8,0,9,2,4,6,-0.09518873691558838,0,38.0,20.270669088320236
422,2 4 6 5 3 0 7 1 8,0,9,2,4,6,-0.033974967896938324,0,38.0,21.1900965443046
423,2 4 6 5 0 3 1 7 8,1,9,2,4,6,0.030299752950668335,0,38.0,22.0532060734283
424,2 4 6 5 0 3 1 7 8,0,9,2,4,6,0.09746775031089783,0,38.0,22.839663088436797
425,2 4 6 5 0 3 1 7 8,0,9,2,4,6,0.1672685593366623,0,38.0,23.650462490038645
426,2 4 6 5 0 3 1 7 8,0,9,2,4,6,0.23717166483402252,0,38.0,23.681870202276
427,2 4 6 5 0 3 1 7 8,0,9,2,4,6,0.3068402111530304,0,38.0,23.600152126254965
428,2 4 6 5 3 0 1 7 8,1,9,2,4,6,-0.27800625562667847,0,39.0,21.571535206382553
429,2 4 6 5 3 0 1 7 8,0,9,2,4,6,-0.21694575250148773,0,39.0,20.600513946122966
430,2 4 6 5 3 0 1 7 8,0,9,2,4,6,-0.1540471911430359,0,39.0,21.090691772404373
431,2 4 6 5 3 0 1 7 8,0,9,2,4,6,-0.08901895582675934,0,39.0,21.81166081597811
432,2 4 6 5 3 0 1 7 8,0,9,2,4,6,-0.02123211696743965,0,39.0,22.65139366282395
433,2 4 6 5 3 0 1 7 8,0,9,2,4,6,0.048904020339250565,0,39.0,23.375493447552895
434,2 4 6 5 3 0 1 7 8,0,9,2,4,6,0.11484401673078537,0,39.0,21.977536986606776
435,2 4 6 5 0 3 1 7 8,1,9,2,4,6,0.1826675683259964,0,39.0,22.607969242454534
436,2 4 6 5 0 3 1 7 8,0,9,2,4,6,0.24960003793239594,0,39.0,22.3179110331816
437,2 4 6 5 0 3 1 7 8,0,9,2,4,6,0.315890371799469,0,39.0,22.093068697278806
438,2 4 6 5 0 3 1 7 8,0,9,2,4,6,-0.2714627683162689,0,40.0,20.539685127326045
439,2 4 6 5 0 3 1 8 7,1,9,2,4,6,-0.20923763513565063,0,40.0,20.760201108444036
440,2 4 6 5 0 3 1 8 7,0,9,2,4,6,-0.14489734172821045,0,40.0,21.473856472459673
441,2 4 6 5 0 3 1 8 7,0,9,2,4,6,-0.07814159989356995,0,40.0,22.311049063902843
442,2 4 6 5 0 3 1 8 7,0,9,2,4,6,-0.008238243870437145,0,40.0,23.3311602280148
443,2 4 6 5 0 3 1 8 7,0,9,2,4,6,0.060570500791072845,0,40.0,22.940181970320907
444,2 4 6 5 0 3 1 8 7,0,9,2,4,6,0.1305992752313614,0,40.0,23.3521349038055
445,2 4 6 5 0 3 1 8 7,0,9,2,4,6,0.19551315903663635,0,40.0,21.645855272358677
446,2 4 6 5 0 3 1 8 7,0,9,2,4,6,0.25924351811408997,0,40.0,21.27118774357265
447,2 4 6 5 0 3 1 8 7,0,9,2,4,6,0.32368117570877075,0,40.0,21.488487169661095
448,2 4 6 5 0 3 1 8 7,0,9,2,4,6,-0.2659037411212921,0,41.0,19.82803833352865
449,2 4 6 5 0 3 1 8 7,0,9,2,4,6,-0.20576225221157074,0,41.0,20.062443232645172
450,2 4 6 5 0 3 1 8 7,0,9,2,4,6,-0.1434856653213501,0,41.0,20.78643939945768
451,2 4 6 5 0 3 1 8 7,0,9,2,4,6,-0.07862214744091034,0,41.0,21.64957124191586
452,2 4 6 5 0 3 1 8 7,0,9,2,4,6,-0.017635077238082886,0,41.0,20.387302448935618
453,2 4 6 5 0 3 1 8 7,0,9,2,4,6,0.0452207550406456,0,41.0,20.984709219505742
454,2 4 6 5 0 3 1 8 7,0,9,2,4,6,0.10943306982517242,0,41.0,21.471127132037044
455,2 4 6 5 0 3 1 8 7,0,9,2,4,6,0.1760016232728958,0,41.0,22.22956360433954
456,2 4 6 5 0 3 1 8 7,0,9,2,4,6,0.24216897785663605,0,41.0,22.0730909647061
457,2 4 6 5 0 3 1 8 7,0,9,2,4,6,0.30688756704330444,0,41.0,21.571306774915012
458,2 4 6 5 0 3 1 8 7,0,9,2,4,6,-0.2822364866733551,0,41.0,20.011704373624845
459,2 4 6 5 0 3 1 8 7,0,9,2,4,6,-0.22149914503097534,0,42.0,20.245317551776886
460,2 4 6 5 0 3 1 8 7,0,9,2,4,6,-0.15855921804904938,0,42.0,20.990473423672384
461,2 4 6 5 0 3 1 8 7,0,9,2,4,6,-0.09310510754585266,0,42.0,21.85147453837342
462,2 4 6 5 0 3 1 8 7,0,9,2,4,6,-0.02674959972500801,0,42.0,22.129175518813323
463,2 4 5 6 0 3 1 8 7,1,9,2,4,5,0.0415075421333313,0,42.0,22.77131186269646
464,2 4 5 6 0 3 1 8 7,0,9,2,4,5,0.1120300441980362,0,42.0,23.558715980057293
465,2 4 5 0 6 3 1 8 7,1,9,2,4,5,0.1769348531961441,0,42.0,21.73731130167828
466,2 4 5 6 0 3 1 8 7,1,9,2,4,5,0.24434621632099152,0,42.0,22.55039294040451
467,2 4 5 6 0 3 1 8 7,0,9,2,4,5,0.3100397288799286,0,42.0,22.039486481660393
468,2 4 5 0 6 3 1 8 7,1,9,2,4,5,-0.278262734413147,0,43.0,20.52785676222274
469,2 4 5 0 6 3 1 8 7,0,9,2,4,5,-0.21672213077545166,0,43.0,20.627819699973532
470,2 4 5 0 6 3 1 8 7,0,9,2,4,5,-0.15319080650806427,0,43.0,21.24238910073952
471,2 4 5 0 6 3 1 8 7,0,9,2,4,5,-0.08734183013439178,0,43.0,21.97221331241445
472,2 4 5 0 6 3 1 8 7,0,9,2,4,5,-0.018654119223356247,0,43.0,22.93906790410319
473,2 4 5 0 3 6 1 8 7,1,9,2,4,5,0.05333767458796501,0,43.0,24.01009795355545
474,2 4 5 0 3 6 1 8 7,0,9,2,4,5,0.12009649723768234,0,43.0,22.275075809817157
475,2 4 5 0 3 6 1 8 7,0,9,2,4,5,0.18882472813129425,0,43.0,22.958697374384418
476,2 4 5 0 3 6 1 8 7,0,9,2,4,5,0.25899386405944824,0,43.0,23.488956349293478
477,2 4 5 0 3 6 1 8 7,0,9,2,4,5,0.3240812420845032,0,43.0,21.754389959120896
478,2 4 5 0 3 6 1 8 7,0,9,2,4,5,-0.2645367681980133,0,44.0,20.46828704468537
479,2 4 5 0 3 6 1 8 7,0,9,2,4,5,-0.20281368494033813,0,44.0,20.615260928280318
480,2 4 5 0 3 6 1 8 7,0,9,2,4,5,-0.13899803161621094,0,44.0,21.34325905423908
481,2 4 5 0 3 6 1 8 7,0,9,2,4,5,-0.07265575230121613,0,44.0,22.18420622152191
482,2 4 5 0 3 1 6 8 7,1,9,2,4,5,-0.0032238184940069914,0,44.0,23.20633758822568
483,2 4 5 0 3 1 6 8 7,0,9,2,4,5,0.061663754284381866,0,44.0,21.681279556614598
484,2 4 5 0 3 1 6 8 7,0,9,2,4,5,0.1276877522468567,0,44.0,22.027318774403806
485,2 4 5 0 3 1 6 8 7,0,9,2,4,5,0.19438011944293976,0,44.0,22.22784931200247
486,2 4 5 0 3 1 6 8 7,0,9,2,4,5,0.26266178488731384,0,44.0,22.763068268215417
487,2 4 5 0 3 1 6 8 7,0,9,2,4,5,-0.3208555579185486,0,44.0,22.167381101518266
488,2 4 5 0 3 1 6 8 7,0,9,2,4,5,-0.25919926166534424,0,45.0,20.559341936567844
489,2 4 5 0 3 1 6 8 7,0,9,2,4,5,-0.19836150109767914,0,45.0,20.299270071255858
490,2 4 5 0 3 1 6 8 7,0,9,2,4,5,-0.1365196406841278,0,45.0,20.614968322576964
491,2 4 5 0 3 1 6 8 7,0,9,2,4,5,-0.0732327252626419,0,45.0,21.105807075567014
492,2 4 5 0 3 1 6 8 7,0,9,2,4,5,-0.010080116800963879,0,45.0,21.07802907834436
493,2 4 5 0 3 1 6 8 7,0,9,2,4,5,0.054141514003276825,0,45.0,21.413777870607536
494,2 4 5 0 3 1 6 8 7,0,9,2,4,5,0.1181424930691719,0,45.0,21.347054343513427
495,2 4 5 0 3 1 6 8 7,0,9,2,4,5,0.18299546837806702,0,45.0,21.617755931595852
496,2 4 5 0 3 1 6 8 7,0,9,2,4,5,0.24925443530082703,0,45.0,22.09222730064593
497,2 4 5 0 3 1 6 8 7,0,9,2,4,5,0.3148709535598755,0,45.0,21.87997344064123
498,2 4 5 0 3 1 6 8 7,0,9,2,4,5,-0.27438703179359436,0,45.0,20.14728620093892
499,2 4 5 0 3 1 6 8 7,0,9,2,4,5,-0.2145175337791443,0,46.0,19.956529071569253
500,2 4 5 0 3 1 6 8 7,0,9,2,4,5,-0.15340542793273926,0,46.0,20.370250921178158
501,2 4 5 0 3 1 6 8 7,0,9,2,4,5,-0.09071962535381317,0,46.0,20.902682317957705
502,2 4 5 0 3 1 6 8 7,0,9,2,4,5,-0.02831507846713066,0,46.0,20.804624517139317
503,2 4 5 0 3 1 6 8 7,0,9,2,4,5,0.034832991659641266,0,46.0,21.0732145728274
504,2 4 5 0 3 1 6 8 7,0,9,2,4,5,0.09904661029577255,0,46.0,21.48898893466273
505,2 4 5 0 3 1 6 8 7,0,9,2,4,5,0.16475851833820343,0,46.0,22.09981759537406
506,2 4 5 0 3 1 6 8 7,0,9,2,4,5,0.22939938306808472,0,46.0,21.749050230389305
507,2 4 5 0 3 1 6 8 7,0,9,2,4,5,0.2953476905822754,0,46.0,22.166310632132692
508,2 4 5 0 3 1 6 8 7,0,9,2,4,5,-0.2868543267250061,0,46.0,22.08516195635525
509,2 5 4 0 3 1 6 8 7,1,9,2,5,4,-0.2200312614440918,0,47.0,22.337260993964634
510,2 5 4 0 3 1 6 8 7,0,9,2,5,4,-0.15018029510974884,0,47.0,23.314857811158824
511,2 5 4 0 3 1 6 8 7,0,9,2,5,4,-0.07732851803302765,0,47.0,24.34915169280854
512,2 5 4 0 3 1 6 8 7,0,9,2,5,4,-0.00993272103369236,0,47.0,22.496543602130654
513,2 5 0 4 3 1 6 8 7,1,9,2,5,0,0.059816084802150726,0,47.0,23.25303857630841
514,2 5 0 4 3 1 6 8 7,0,9,2,5,0,0.12932531535625458,0,47.0,23.17421650678933
515,2 5 4 0 3 1 6 8 7,1,9,2,5,4,0.19037875533103943,0,47.0,20.36847955613776
516,2 5 0 4 3 1 6 8 7,1,9,2,5,0,0.25413385033607483,0,47.0,21.26964036027279
517,2 5 0 4 3 1 6 8 7,0,9,2,5,0,0.3170613944530487,0,47.0,20.982294044721986
518,2 5 4 0 3 1 6 8 7,1,9,2,5,4,-0.2719995975494385,0,47.0,19.27524117058484
519,2 5 4 0 3 1 6 8 7,0,9,2,5,4,-0.21401114761829376,0,48.0,19.357747818379377
520,2 5 4 0 3 1 6 8 7,0,9,2,5,4,-0.15412715077400208,0,48.0,19.97327923704413
521,2 5 0 4 3 1 6 8 7,1,9,2,5,0,-0.091934934258461,0,48.0,20.73093378715939
522,2 5 0 4 3 1 6 8 7,0,9,2,5,0,-0.026890825480222702,0,48.0,21.68147448486349
523,2 5 0 4 3 1 6 8 7,0,9,2,5,0,0.04150079935789108,0,48.0,22.79864319867329
524,2 5 0 4 3 1 6 8 7,0,9,2,5,0,0.11299289017915726,0,48.0,23.83105035666738
525,2 5 0 4 3 1 6 8 7,0,9,2,5,0,0.17973947525024414,0,48.0,22.24984368386174
526,2 5 0 4 3 1 6 8 7,0,9,2,5,0,0.2485702931880951,0,48.0,22.945543613059616
527,2 5 0 4 3 1 6 8 7,0,9,2,5,0,0.3170841634273529,0,48.0,22.862986355276874
528,2 5 0 4 3 1 6 8 7,0,9,2,5,0,-0.2655525207519531,0,49.0,21.262511300560035
529,2 5 0 4 3 1 6 8 7,0,9,2,5,0,-0.20120182633399963,0,49.0,21.463261408595457
530,2 5 0 4 3 1 6 8 7,0,9,2,5,0,-0.13488022983074188,0,49.0,22.138329334517
531,2 5 0 4 3 1 6 8 7,0,9,2,5,0,-0.06633362174034119,0,49.0,22.928847968540218
532,2 5 0 4 3 1 6 8 7,0,9,2,5,0,0.0012482464080676436,0,49.0,22.585851247719923
533,2 5 0 4 3 1 6 8 7,0,9,2,5,0,0.07008452713489532,0,49.0,22.996247059837923
534,2 5 0 4 3 1 6 8 7,0,9,2,5,0,0.13875631988048553,0,49.0,22.911460976883248
535,2 5 0 4 3 1 6 8 7,0,9,2,5,0,0.20819395780563354,0,49.0,23.14552656917832
536,2 5 0 4 3 1 6 8 7,0,9,2,5,0,0.27896368503570557,0,49.0,23.59900953177355
537,2 5 0 4 3 1 6 8 7,0,9,2,5,0,-0.30192968249320984,0,49.0,21.888020109887727
538,2 5 0 4 3 1 6 8 7,0,9,2,5,0,-0.24019433557987213,0,50.0,20.603531643523926
539,2 5 0 4 3 1 6 8 7,0,9,2,5,0,-0.17633090913295746,0,50.0,21.339591264476265
540,2 5 0 4 3 1 6 8 7,0,9,2,5,0,-0.11293978989124298,0,50.0,21.19101364947992
541,2 5 0 4 3 1 6 8 7,0,9,2,5,0,-0.0493633933365345,0,50.0,21.218075200896696
542,2 5 0 4 3 1 6 8 7,0,9,2,5,0,0.01419442892074585,0,50.0,21.18795738953401
543,0 2 5 4 3 1 6 8 7,1,9,0,2,5,0.07842997461557388,0,50.0,21.412454737202694
544,0 5 2 3 4 1 6 8 7,1,9,0,5,2,0.14417394995689392,0,50.0,21.914844550718612
545,0 5 2 3 4 1 6 8 7,0,9,0,5,2,0.21203015744686127,0,50.0,22.619165159338166
546,0 5 2 3 4 1 6 8 7,0,9,0,5,2,0.2824346125125885,0,50.0,23.480612466074504
547,5 0 2 3 4 1 6 8 7,1,9,5,0,2,-0.2990724444389343,0,50.0,21.66226633439697
548,0 5 2 3 4 1 6 8 7,1,9,0,5,2,-0.23221375048160553,0,51.0,22.42519142257783
549,0 5 2 3 4 1 6 8 7,0,9,0,5,2,-0.16361096501350403,0,51.0,22.982220493348358
550,0 5 2 3 4 1 6 8 7,0,9,0,5,2,-0.09241113066673279,0,51.0,23.813091536138028
551,2 0 5 3 4 1 6 8 7,1,9,2,0,5,-0.0268015805631876,0,51.0,21.9985336446036
552,2 0 5 3 4 1 6 8 7,0,9,2,0,5,0.04072267562150955,0,51.0,22.74929100864398
553,2 0 5 3 4 1 6 8 7,0,9,2,0,5,0.10998233407735825,0,51.0,23.304564919832234
554,2 0 5 3 4 1 6 8 7,0,9,2,0,5,0.18185856938362122,0,51.0,24.12912226562003
555,2 0 5 3 4 1 6 8 7,0,9,2,0,5,0.24854539334774017,0,51.0,22.33223860641773
556,2 0 5 3 4 1 6 8 7,0,9,2,0,5,0.31741955876350403,0,51.0,23.122356731973202
557,2 0 5 3 4 1 6 8 7,0,9,2,0,5,-0.2704222500324249,0,52.0,19.907117915755865
558,2 0 5 3 4 1 6 8 7,0,9,2,0,5,-0.20896190404891968,0,52.0,20.692326487920937
559,2 0 5 3 4 1 6 8 7,0,9,2,0,5,-0.1461472511291504,0,52.0,21.132031475889093
560,2 0 5 3 4 1 6 8 7,0,9,2,0,5,-0.08102197200059891,0,52.0,21.88771669260833
561,2 0 5 3 4 1 6 8 7,0,9,2,0,5,-0.013166856952011585,0,52.0,22.801176011700914
562,0 2 5 3 4 1 6 8 7,1,9,0,2,5,0.05804877728223801,0,52.0,23.85941224873175
563,0 5 2 3 4 1 6 8 7,1,9,0,5,2,0.12414368242025375,0,52.0,22.081269577187594
564,0 5 2 3 4 1 6 8 7,0,9,0,5,2,0.19094234704971313,0,52.0,22.331357319433142
565,0 5 2 3 1 4 6 8 7,1,9,0,5,2,0.2491833120584488,0,52.0,19.430887359518238
566,0 5 2 3 1 4 6 8 7,0,9,0,5,2,0.3089626133441925,0,52.0,19.92068357863651
567,0 5 3 2 1 4 6 8 7,1,9,0,5,3,-0.28425297141075134,0,53.0,18.151319527535705
568,0 5 3 2 1 4 6 8 7,0,9,0,5,3,-0.22871461510658264,0,53.0,18.513089182894202
569,0 5 3 2 1 4 6 8 7,0,9,0,5,3,-0.1734517216682434,0,53.0,18.434300891846426
570,0 5 3 1 2 4 6 8 7,1,9,0,5,3,-0.11733248084783554,0,53.0,18.739685364643883
571,0 5 3 1 2 4 6 8 7,0,9,0,5,3,-0.061824630945920944,0,53.0,18.611741978915344
572,0 5 3 1 2 4 6 8 7,0,9,0,5,3,-0.0062268017791211605,0,53.0,18.652809599631464
573,0 5 3 1 2 4 6 8 7,0,9,0,5,3,0.045603543519973755,0,53.0,17.4338020941407
574,0 5 3 1 2 4 6 8 7,0,9,0,5,3,0.09943512082099915,0,53.0,18.09208648460512
575,0 5 3 1 2 4 6 8 7,0,9,0,5,3,0.15514662861824036,0,53.0,18.69403938908057
576,0 5 3 1 2 4 6 8 7,0,9,0,5,3,0.21301740407943726,0,53.0,19.5052824600766
577,0 5 3 1 2 4 6 8 7,0,9,0,5,3,0.2740437984466553,0,53.0,20.54574438515738
578,0 5 3 1 2 4 6 8 7,0,9,0,5,3,-0.3082047998905182,0,53.0,21.520023808833628
579,0 5 3 1 2 4 6 8 7,0,9,0,5,3,-0.24912208318710327,0,54.0,19.734846651487242
580,0 5 3 1 2 4 6 8 7,0,9,0,5,3,-0.18865256011486053,0,54.0,20.184991438559255
581,0 5 3 1 2 4 6 8 7,0,9,0,5,3,-0.12621508538722992,0,54.0,20.85025280269633
582,0 5 3 1 2 4 6 8 7,0,9,0,5,3,-0.06150006502866745,0,54.0,21.618509471210608
583,0 5 3 1 2 4 6 8 7,0,9,0,5,3,-0.007714873645454645,0,54.0,18.276940013989215
584,0 5 3 1 6 2 4 8 7,1,9,0,5,3,0.04566569998860359,0,54.0,18.00014187737663
585,0 5 3 1 6 2 4 8 7,0,9,0,5,3,0.09762629121541977,0,54.0,17.614969639381
586,0 5 3 1 6 2 4 8 7,0,9,0,5,3,0.15120728313922882,0,54.0,18.586795728548285
587,0 5 3 1 6 2 8 4 7,1,9,0,5,3,0.19977140426635742,0,54.0,16.651114474402704
588,0 5 3 1 6 2 8 4 7,0,9,0,5,3,0.24685391783714294,0,54.0,16.154961709127022
589,0 5 3 1 6 2 8 4 7,0,9,0,5,3,0.2927630543708801,0,54.0,15.935504889480962
590,0 5 3 1 6 2 8 4 7,0,9,0,5,3,-0.307210773229599,0,55.0,15.50166380206194
591,0 5 3 1 6 2 8 4 7,0,9,0,5,3,-0.26405054330825806,0,55.0,15.106426365457562
592,0 5 1 3 6 2 8 4 7,1,9,0,5,1,-0.2210828810930252,0,55.0,15.0317193444115
593,0 5 1 3 6 2 8 7 4,1,9,0,5,1,-0.1782924234867096,0,55.0,15.01696450591003
594,0 5 1 3 6 8 2 7 4,1,9,0,5,1,-0.1355995535850525,0,55.0,15.042077390636925
595,0 1 5 3 6 8 2 7 4,1,9,0,1,5,-0.09491871297359467,0,55.0,14.419640357678222
596,0 1 5 3 6 8 2 7 4,0,9,0,1,5,-0.05486986041069031,0,55.0,14.19043057259341
597,0 1 3 5 6 8 2 7 4,1,9,0,1,3,-0.015974020585417747,0,55.0,13.840081426678722
598,0 1 3 5 6 8 2 7 4,0,9,0,1,3,0.022275084629654884,0,55.0,13.772089899319656
599,0 1 3 5 6 8 2 7 4,0,9,0,1,3,0.059826940298080444,0,55.0,13.728612850732143
600,0 1 3 5 6 8 2 7 4,0,9,0,1,3,0.09503769874572754,0,55.0,13.101615430525044
