algorithm,family,training_seed,seed,num_agents,overtake_success_rate,elegant_overtake_rate,target_grass_rate,rank_gain,target_progress,collision_or_contact_proxy,source_path
dnq_dlc_full,DNQ-DLC,fixed,9701,4,1.0,0.0,0.09310344606637955,3,0.2690909090909091,0.0,outputs/tits_dynamic_graph_expanded/rl_multiseed_randomized_eval_20260714/procedural/n4/seed9701/summaries/dnq_dlc_full_n4_seed9701.summary.json
ppo_seed9101,PPO,9101,9701,4,1.0,0.0,0.7586206793785095,1,0.05818181818181818,0.0,outputs/tits_dynamic_graph_expanded/rl_multiseed_randomized_eval_20260714/procedural/n4/seed9701/summaries/ppo_seed9101_n4_seed9701.summary.json
ppo_seed9102,PPO,9102,9701,4,1.0,0.0,0.9379310607910156,0,0.03272727272727273,0.0,outputs/tits_dynamic_graph_expanded/rl_multiseed_randomized_eval_20260714/procedural/n4/seed9701/summaries/ppo_seed9102_n4_seed9701.summary.json
ppo_seed9103,PPO,9103,9701,4,0.0,0.0,0.9620689749717712,0,0.02181818181818182,0.0,outputs/tits_dynamic_graph_expanded/rl_multiseed_randomized_eval_20260714/procedural/n4/seed9701/summaries/ppo_seed9103_n4_seed9701.summary.json
rule_expert_gate,Rule expert,fixed,9701,4,1.0,0.0,0.3293103575706482,1,0.11636363636363636,0.0,outputs/tits_dynamic_graph_expanded/rl_multiseed_randomized_eval_20260714/procedural/n4/seed9701/summaries/rule_expert_gate_n4_seed9701.summary.json
rule_safety_gate,Safety rule,fixed,9701,4,1.0,0.0,0.018965518102049828,3,0.16727272727272727,0.0,outputs/tits_dynamic_graph_expanded/rl_multiseed_randomized_eval_20260714/procedural/n4/seed9701/summaries/rule_safety_gate_n4_seed9701.summary.json
sac_seed9101,SAC,9101,9701,4,1.0,0.0,0.0,0,0.08727272727272728,0.0,outputs/tits_dynamic_graph_expanded/rl_multiseed_randomized_eval_20260714/procedural/n4/seed9701/summaries/sac_seed9101_n4_seed9701.summary.json
sac_seed9102,SAC,9102,9701,4,1.0,0.0,0.3534482717514038,0,0.13090909090909092,0.0,outputs/tits_dynamic_graph_expanded/rl_multiseed_randomized_eval_20260714/procedural/n4/seed9701/summaries/sac_seed9102_n4_seed9701.summary.json
sac_seed9103,SAC,9103,9701,4,1.0,0.3333333333333333,0.18103447556495667,3,0.24,0.0,outputs/tits_dynamic_graph_expanded/rl_multiseed_randomized_eval_20260714/procedural/n4/seed9701/summaries/sac_seed9103_n4_seed9701.summary.json
td3_seed9101,TD3,9101,9701,4,1.0,0.0,0.0,0,0.06545454545454546,0.0,outputs/tits_dynamic_graph_expanded/rl_multiseed_randomized_eval_20260714/procedural/n4/seed9701/summaries/td3_seed9101_n4_seed9701.summary.json
td3_seed9102,TD3,9102,9701,4,1.0,0.0,0.0,3,0.23636363636363636,0.0,outputs/tits_dynamic_graph_expanded/rl_multiseed_randomized_eval_20260714/procedural/n4/seed9701/summaries/td3_seed9102_n4_seed9701.summary.json
td3_seed9103,TD3,9103,9701,4,1.0,0.0,0.0,0,0.08727272727272728,0.0,outputs/tits_dynamic_graph_expanded/rl_multiseed_randomized_eval_20260714/procedural/n4/seed9701/summaries/td3_seed9103_n4_seed9701.summary.json
dnq_dlc_full,DNQ-DLC,fixed,9702,4,1.0,0.0,0.3051724135875702,1,0.11764705882352941,0.0,outputs/tits_dynamic_graph_expanded/rl_multiseed_randomized_eval_20260714/procedural/n4/seed9702/summaries/dnq_dlc_full_n4_seed9702.summary.json
ppo_seed9101,PPO,9101,9702,4,1.0,1.0,0.5275862216949463,0,0.0915032679738562,0.0,outputs/tits_dynamic_graph_expanded/rl_multiseed_randomized_eval_20260714/procedural/n4/seed9702/summaries/ppo_seed9101_n4_seed9702.summary.json
ppo_seed9102,PPO,9102,9702,4,1.0,1.0,0.9379310607910156,0,0.029411764705882353,0.0,outputs/tits_dynamic_graph_expanded/rl_multiseed_randomized_eval_20260714/procedural/n4/seed9702/summaries/ppo_seed9102_n4_seed9702.summary.json
ppo_seed9103,PPO,9103,9702,4,1.0,1.0,0.9655172228813171,0,0.0196078431372549,0.0,outputs/tits_dynamic_graph_expanded/rl_multiseed_randomized_eval_20260714/procedural/n4/seed9702/summaries/ppo_seed9103_n4_seed9702.summary.json
rule_expert_gate,Rule expert,fixed,9702,4,1.0,1.0,0.0,3,0.19607843137254902,0.0,outputs/tits_dynamic_graph_expanded/rl_multiseed_randomized_eval_20260714/procedural/n4/seed9702/summaries/rule_expert_gate_n4_seed9702.summary.json
rule_safety_gate,Safety rule,fixed,9702,4,1.0,1.0,0.10517241060733795,3,0.1437908496732026,0.0,outputs/tits_dynamic_graph_expanded/rl_multiseed_randomized_eval_20260714/procedural/n4/seed9702/summaries/rule_safety_gate_n4_seed9702.summary.json
sac_seed9101,SAC,9101,9702,4,1.0,0.0,0.02068965509533882,1,0.09477124183006536,0.0,outputs/tits_dynamic_graph_expanded/rl_multiseed_randomized_eval_20260714/procedural/n4/seed9702/summaries/sac_seed9101_n4_seed9702.summary.json
sac_seed9102,SAC,9102,9702,4,1.0,1.0,0.4879310429096222,3,0.24183006535947713,0.0,outputs/tits_dynamic_graph_expanded/rl_multiseed_randomized_eval_20260714/procedural/n4/seed9702/summaries/sac_seed9102_n4_seed9702.summary.json
sac_seed9103,SAC,9103,9702,4,1.0,1.0,0.2827586233615875,3,0.21568627450980393,0.0,outputs/tits_dynamic_graph_expanded/rl_multiseed_randomized_eval_20260714/procedural/n4/seed9702/summaries/sac_seed9103_n4_seed9702.summary.json
td3_seed9101,TD3,9101,9702,4,1.0,0.5,0.26034483313560486,0,0.10784313725490197,0.0,outputs/tits_dynamic_graph_expanded/rl_multiseed_randomized_eval_20260714/procedural/n4/seed9702/summaries/td3_seed9101_n4_seed9702.summary.json
td3_seed9102,TD3,9102,9702,4,1.0,0.0,0.0,3,0.2222222222222222,0.0,outputs/tits_dynamic_graph_expanded/rl_multiseed_randomized_eval_20260714/procedural/n4/seed9702/summaries/td3_seed9102_n4_seed9702.summary.json
td3_seed9103,TD3,9103,9702,4,1.0,0.0,0.0,0,0.08823529411764706,0.0,outputs/tits_dynamic_graph_expanded/rl_multiseed_randomized_eval_20260714/procedural/n4/seed9702/summaries/td3_seed9103_n4_seed9702.summary.json
dnq_dlc_full,DNQ-DLC,fixed,9703,4,1.0,0.0,0.037931036204099655,0,0.1357615894039735,0.0,outputs/tits_dynamic_graph_expanded/rl_multiseed_randomized_eval_20260714/procedural/n4/seed9703/summaries/dnq_dlc_full_n4_seed9703.summary.json
ppo_seed9101,PPO,9101,9703,4,1.0,1.0,0.8517241477966309,2,0.052980132450331126,0.0,outputs/tits_dynamic_graph_expanded/rl_multiseed_randomized_eval_20260714/procedural/n4/seed9703/summaries/ppo_seed9101_n4_seed9703.summary.json
ppo_seed9102,PPO,9102,9703,4,1.0,1.0,0.9396551847457886,0,0.029801324503311258,0.0,outputs/tits_dynamic_graph_expanded/rl_multiseed_randomized_eval_20260714/procedural/n4/seed9703/summaries/ppo_seed9102_n4_seed9703.summary.json
ppo_seed9103,PPO,9103,9703,4,1.0,1.0,0.9637930989265442,0,0.023178807947019868,0.0,outputs/tits_dynamic_graph_expanded/rl_multiseed_randomized_eval_20260714/procedural/n4/seed9703/summaries/ppo_seed9103_n4_seed9703.summary.json
rule_expert_gate,Rule expert,fixed,9703,4,1.0,1.0,0.32758620381355286,1,0.11258278145695365,0.0,outputs/tits_dynamic_graph_expanded/rl_multiseed_randomized_eval_20260714/procedural/n4/seed9703/summaries/rule_expert_gate_n4_seed9703.summary.json
rule_safety_gate,Safety rule,fixed,9703,4,1.0,1.0,0.07413793355226517,3,0.15894039735099338,0.0,outputs/tits_dynamic_graph_expanded/rl_multiseed_randomized_eval_20260714/procedural/n4/seed9703/summaries/rule_safety_gate_n4_seed9703.summary.json
sac_seed9101,SAC,9101,9703,4,1.0,0.0,0.37068966031074524,0,0.08278145695364239,0.0,outputs/tits_dynamic_graph_expanded/rl_multiseed_randomized_eval_20260714/procedural/n4/seed9703/summaries/sac_seed9101_n4_seed9703.summary.json
sac_seed9102,SAC,9102,9703,4,1.0,1.0,0.15000000596046448,0,0.09933774834437085,0.0,outputs/tits_dynamic_graph_expanded/rl_multiseed_randomized_eval_20260714/procedural/n4/seed9703/summaries/sac_seed9102_n4_seed9703.summary.json
sac_seed9103,SAC,9103,9703,4,1.0,1.0,0.1862068921327591,3,0.18874172185430463,0.0,outputs/tits_dynamic_graph_expanded/rl_multiseed_randomized_eval_20260714/procedural/n4/seed9703/summaries/sac_seed9103_n4_seed9703.summary.json
td3_seed9101,TD3,9101,9703,4,1.0,1.0,0.4844827651977539,0,0.09271523178807947,0.0,outputs/tits_dynamic_graph_expanded/rl_multiseed_randomized_eval_20260714/procedural/n4/seed9703/summaries/td3_seed9101_n4_seed9703.summary.json
td3_seed9102,TD3,9102,9703,4,1.0,0.0,0.0,3,0.2185430463576159,0.0,outputs/tits_dynamic_graph_expanded/rl_multiseed_randomized_eval_20260714/procedural/n4/seed9703/summaries/td3_seed9102_n4_seed9703.summary.json
td3_seed9103,TD3,9103,9703,4,1.0,0.5,0.0,0,0.08940397350993377,0.0,outputs/tits_dynamic_graph_expanded/rl_multiseed_randomized_eval_20260714/procedural/n4/seed9703/summaries/td3_seed9103_n4_seed9703.summary.json
dnq_dlc_full,DNQ-DLC,fixed,9704,4,1.0,0.0,0.0,2,0.15699658703071673,0.0,outputs/tits_dynamic_graph_expanded/rl_multiseed_randomized_eval_20260714/procedural/n4/seed9704/summaries/dnq_dlc_full_n4_seed9704.summary.json
ppo_seed9101,PPO,9101,9704,4,0.0,0.0,0.931034505367279,0,0.020477815699658702,0.0,outputs/tits_dynamic_graph_expanded/rl_multiseed_randomized_eval_20260714/procedural/n4/seed9704/summaries/ppo_seed9101_n4_seed9704.summary.json
ppo_seed9102,PPO,9102,9704,4,1.0,0.0,0.949999988079071,0,0.027303754266211604,0.0,outputs/tits_dynamic_graph_expanded/rl_multiseed_randomized_eval_20260714/procedural/n4/seed9704/summaries/ppo_seed9102_n4_seed9704.summary.json
ppo_seed9103,PPO,9103,9704,4,1.0,0.0,0.9362068772315979,0,0.027303754266211604,0.0,outputs/tits_dynamic_graph_expanded/rl_multiseed_randomized_eval_20260714/procedural/n4/seed9704/summaries/ppo_seed9103_n4_seed9704.summary.json
rule_expert_gate,Rule expert,fixed,9704,4,1.0,0.0,0.19310344755649567,1,0.13651877133105803,0.0,outputs/tits_dynamic_graph_expanded/rl_multiseed_randomized_eval_20260714/procedural/n4/seed9704/summaries/rule_expert_gate_n4_seed9704.summary.json
rule_safety_gate,Safety rule,fixed,9704,4,1.0,0.0,0.09655172377824783,2,0.14334470989761092,0.0,outputs/tits_dynamic_graph_expanded/rl_multiseed_randomized_eval_20260714/procedural/n4/seed9704/summaries/rule_safety_gate_n4_seed9704.summary.json
sac_seed9101,SAC,9101,9704,4,1.0,0.0,0.14137931168079376,1,0.08873720136518772,0.0,outputs/tits_dynamic_graph_expanded/rl_multiseed_randomized_eval_20260714/procedural/n4/seed9704/summaries/sac_seed9101_n4_seed9704.summary.json
sac_seed9102,SAC,9102,9704,4,1.0,0.0,0.41034483909606934,0,0.1296928327645051,0.0,outputs/tits_dynamic_graph_expanded/rl_multiseed_randomized_eval_20260714/procedural/n4/seed9704/summaries/sac_seed9102_n4_seed9704.summary.json
sac_seed9103,SAC,9103,9704,4,0.0,0.0,0.003448275849223137,0,0.03754266211604096,0.0,outputs/tits_dynamic_graph_expanded/rl_multiseed_randomized_eval_20260714/procedural/n4/seed9704/summaries/sac_seed9103_n4_seed9704.summary.json
td3_seed9101,TD3,9101,9704,4,0.0,0.0,0.475862056016922,0,0.023890784982935155,0.0,outputs/tits_dynamic_graph_expanded/rl_multiseed_randomized_eval_20260714/procedural/n4/seed9704/summaries/td3_seed9101_n4_seed9704.summary.json
td3_seed9102,TD3,9102,9704,4,1.0,0.0,0.0,2,0.14675767918088736,0.0,outputs/tits_dynamic_graph_expanded/rl_multiseed_randomized_eval_20260714/procedural/n4/seed9704/summaries/td3_seed9102_n4_seed9704.summary.json
td3_seed9103,TD3,9103,9704,4,0.0,0.0,0.0,0,0.09215017064846416,0.0,outputs/tits_dynamic_graph_expanded/rl_multiseed_randomized_eval_20260714/procedural/n4/seed9704/summaries/td3_seed9103_n4_seed9704.summary.json
dnq_dlc_full,DNQ-DLC,fixed,9705,4,1.0,0.25,0.08620689809322357,3,0.2177121771217712,0.0,outputs/tits_dynamic_graph_expanded/rl_multiseed_randomized_eval_20260714/procedural/n4/seed9705/summaries/dnq_dlc_full_n4_seed9705.summary.json
ppo_seed9101,PPO,9101,9705,4,1.0,0.5,0.7465517520904541,1,0.06273062730627306,0.0,outputs/tits_dynamic_graph_expanded/rl_multiseed_randomized_eval_20260714/procedural/n4/seed9705/summaries/ppo_seed9101_n4_seed9705.summary.json
ppo_seed9102,PPO,9102,9705,4,1.0,0.5,0.9362068772315979,0,0.03690036900369004,0.0,outputs/tits_dynamic_graph_expanded/rl_multiseed_randomized_eval_20260714/procedural/n4/seed9705/summaries/ppo_seed9102_n4_seed9705.summary.json
ppo_seed9103,PPO,9103,9705,4,1.0,1.0,0.9655172228813171,0,0.02214022140221402,0.0,outputs/tits_dynamic_graph_expanded/rl_multiseed_randomized_eval_20260714/procedural/n4/seed9705/summaries/ppo_seed9103_n4_seed9705.summary.json
rule_expert_gate,Rule expert,fixed,9705,4,1.0,0.5,0.14482758939266205,3,0.15867158671586715,0.0,outputs/tits_dynamic_graph_expanded/rl_multiseed_randomized_eval_20260714/procedural/n4/seed9705/summaries/rule_expert_gate_n4_seed9705.summary.json
rule_safety_gate,Safety rule,fixed,9705,4,1.0,0.0,0.23620688915252686,0,0.12915129151291513,0.0,outputs/tits_dynamic_graph_expanded/rl_multiseed_randomized_eval_20260714/procedural/n4/seed9705/summaries/rule_safety_gate_n4_seed9705.summary.json
sac_seed9101,SAC,9101,9705,4,1.0,0.0,0.0,0,0.08856088560885608,0.0,outputs/tits_dynamic_graph_expanded/rl_multiseed_randomized_eval_20260714/procedural/n4/seed9705/summaries/sac_seed9101_n4_seed9705.summary.json
sac_seed9102,SAC,9102,9705,4,1.0,0.5,0.6551724076271057,0,0.09225092250922509,0.0,outputs/tits_dynamic_graph_expanded/rl_multiseed_randomized_eval_20260714/procedural/n4/seed9705/summaries/sac_seed9102_n4_seed9705.summary.json
sac_seed9103,SAC,9103,9705,4,1.0,0.5,0.0,3,0.17712177121771217,0.0,outputs/tits_dynamic_graph_expanded/rl_multiseed_randomized_eval_20260714/procedural/n4/seed9705/summaries/sac_seed9103_n4_seed9705.summary.json
td3_seed9101,TD3,9101,9705,4,1.0,0.0,0.5948275923728943,0,0.1070110701107011,0.0,outputs/tits_dynamic_graph_expanded/rl_multiseed_randomized_eval_20260714/procedural/n4/seed9705/summaries/td3_seed9101_n4_seed9705.summary.json
td3_seed9102,TD3,9102,9705,4,1.0,0.0,0.0,3,0.23616236162361623,0.0,outputs/tits_dynamic_graph_expanded/rl_multiseed_randomized_eval_20260714/procedural/n4/seed9705/summaries/td3_seed9102_n4_seed9705.summary.json
td3_seed9103,TD3,9103,9705,4,1.0,0.0,0.0,0,0.12915129151291513,0.0,outputs/tits_dynamic_graph_expanded/rl_multiseed_randomized_eval_20260714/procedural/n4/seed9705/summaries/td3_seed9103_n4_seed9705.summary.json
dnq_dlc_full,DNQ-DLC,fixed,9706,4,1.0,0.0,0.0,3,0.1568627450980392,0.0,outputs/tits_dynamic_graph_expanded/rl_multiseed_randomized_eval_20260714/procedural/n4/seed9706/summaries/dnq_dlc_full_n4_seed9706.summary.json
ppo_seed9101,PPO,9101,9706,4,0.0,0.0,0.9465517401695251,0,0.02287581699346405,0.0,outputs/tits_dynamic_graph_expanded/rl_multiseed_randomized_eval_20260714/procedural/n4/seed9706/summaries/ppo_seed9101_n4_seed9706.summary.json
ppo_seed9102,PPO,9102,9706,4,0.0,0.0,0.9120689630508423,0,0.042483660130718956,0.0,outputs/tits_dynamic_graph_expanded/rl_multiseed_randomized_eval_20260714/procedural/n4/seed9706/summaries/ppo_seed9102_n4_seed9706.summary.json
ppo_seed9103,PPO,9103,9706,4,0.0,0.0,0.9431034326553345,0,0.029411764705882353,0.0,outputs/tits_dynamic_graph_expanded/rl_multiseed_randomized_eval_20260714/procedural/n4/seed9706/summaries/ppo_seed9103_n4_seed9706.summary.json
rule_expert_gate,Rule expert,fixed,9706,4,0.0,0.0,0.37931033968925476,1,0.10784313725490197,0.0,outputs/tits_dynamic_graph_expanded/rl_multiseed_randomized_eval_20260714/procedural/n4/seed9706/summaries/rule_expert_gate_n4_seed9706.summary.json
rule_safety_gate,Safety rule,fixed,9706,4,0.0,0.0,0.0,3,0.1895424836601307,0.0,outputs/tits_dynamic_graph_expanded/rl_multiseed_randomized_eval_20260714/procedural/n4/seed9706/summaries/rule_safety_gate_n4_seed9706.summary.json
sac_seed9101,SAC,9101,9706,4,0.0,0.0,0.5465517044067383,3,0.16666666666666666,0.0,outputs/tits_dynamic_graph_expanded/rl_multiseed_randomized_eval_20260714/procedural/n4/seed9706/summaries/sac_seed9101_n4_seed9706.summary.json
sac_seed9102,SAC,9102,9706,4,0.0,0.0,0.0,0,0.06209150326797386,0.0,outputs/tits_dynamic_graph_expanded/rl_multiseed_randomized_eval_20260714/procedural/n4/seed9706/summaries/sac_seed9102_n4_seed9706.summary.json
sac_seed9103,SAC,9103,9706,4,0.0,0.0,0.1465517282485962,1,0.14052287581699346,0.0,outputs/tits_dynamic_graph_expanded/rl_multiseed_randomized_eval_20260714/procedural/n4/seed9706/summaries/sac_seed9103_n4_seed9706.summary.json
td3_seed9101,TD3,9101,9706,4,0.0,0.0,0.0,0,0.016339869281045753,0.0,outputs/tits_dynamic_graph_expanded/rl_multiseed_randomized_eval_20260714/procedural/n4/seed9706/summaries/td3_seed9101_n4_seed9706.summary.json
td3_seed9102,TD3,9102,9706,4,0.0,0.0,0.06896551698446274,3,0.16666666666666666,0.0,outputs/tits_dynamic_graph_expanded/rl_multiseed_randomized_eval_20260714/procedural/n4/seed9706/summaries/td3_seed9102_n4_seed9706.summary.json
td3_seed9103,TD3,9103,9706,4,0.0,0.0,0.0,0,0.029411764705882353,0.0,outputs/tits_dynamic_graph_expanded/rl_multiseed_randomized_eval_20260714/procedural/n4/seed9706/summaries/td3_seed9103_n4_seed9706.summary.json
dnq_dlc_full,DNQ-DLC,fixed,9707,4,1.0,0.0,0.04137931019067764,3,0.2517482517482518,0.0,outputs/tits_dynamic_graph_expanded/rl_multiseed_randomized_eval_20260714/procedural/n4/seed9707/summaries/dnq_dlc_full_n4_seed9707.summary.json
ppo_seed9101,PPO,9101,9707,4,1.0,0.0,0.7172414064407349,1,0.05944055944055944,0.0,outputs/tits_dynamic_graph_expanded/rl_multiseed_randomized_eval_20260714/procedural/n4/seed9707/summaries/ppo_seed9101_n4_seed9707.summary.json
ppo_seed9102,PPO,9102,9707,4,0.0,0.0,0.9068965315818787,0,0.017482517482517484,0.0,outputs/tits_dynamic_graph_expanded/rl_multiseed_randomized_eval_20260714/procedural/n4/seed9707/summaries/ppo_seed9102_n4_seed9707.summary.json
ppo_seed9103,PPO,9103,9707,4,0.0,0.0,0.9586206674575806,0,0.02097902097902098,0.0,outputs/tits_dynamic_graph_expanded/rl_multiseed_randomized_eval_20260714/procedural/n4/seed9707/summaries/ppo_seed9103_n4_seed9707.summary.json
rule_expert_gate,Rule expert,fixed,9707,4,1.0,0.0,0.4724137783050537,2,0.08741258741258741,0.0,outputs/tits_dynamic_graph_expanded/rl_multiseed_randomized_eval_20260714/procedural/n4/seed9707/summaries/rule_expert_gate_n4_seed9707.summary.json
rule_safety_gate,Safety rule,fixed,9707,4,1.0,0.0,0.4482758641242981,1,0.0944055944055944,0.0,outputs/tits_dynamic_graph_expanded/rl_multiseed_randomized_eval_20260714/procedural/n4/seed9707/summaries/rule_safety_gate_n4_seed9707.summary.json
sac_seed9101,SAC,9101,9707,4,1.0,0.0,0.19310344755649567,0,0.08041958041958042,0.0,outputs/tits_dynamic_graph_expanded/rl_multiseed_randomized_eval_20260714/procedural/n4/seed9707/summaries/sac_seed9101_n4_seed9707.summary.json
sac_seed9102,SAC,9102,9707,4,1.0,0.0,0.5,0,0.08741258741258741,0.0,outputs/tits_dynamic_graph_expanded/rl_multiseed_randomized_eval_20260714/procedural/n4/seed9707/summaries/sac_seed9102_n4_seed9707.summary.json
sac_seed9103,SAC,9103,9707,4,1.0,0.0,0.0,3,0.15734265734265734,0.0,outputs/tits_dynamic_graph_expanded/rl_multiseed_randomized_eval_20260714/procedural/n4/seed9707/summaries/sac_seed9103_n4_seed9707.summary.json
td3_seed9101,TD3,9101,9707,4,1.0,0.0,0.0,0,0.05944055944055944,0.0,outputs/tits_dynamic_graph_expanded/rl_multiseed_randomized_eval_20260714/procedural/n4/seed9707/summaries/td3_seed9101_n4_seed9707.summary.json
td3_seed9102,TD3,9102,9707,4,1.0,0.0,0.0,3,0.1853146853146853,0.0,outputs/tits_dynamic_graph_expanded/rl_multiseed_randomized_eval_20260714/procedural/n4/seed9707/summaries/td3_seed9102_n4_seed9707.summary.json
td3_seed9103,TD3,9103,9707,4,1.0,0.0,0.0,1,0.13636363636363635,0.0,outputs/tits_dynamic_graph_expanded/rl_multiseed_randomized_eval_20260714/procedural/n4/seed9707/summaries/td3_seed9103_n4_seed9707.summary.json
dnq_dlc_full,DNQ-DLC,fixed,9708,4,1.0,0.4,0.1982758641242981,0,0.12074303405572756,0.0,outputs/tits_dynamic_graph_expanded/rl_multiseed_randomized_eval_20260714/procedural/n4/seed9708/summaries/dnq_dlc_full_n4_seed9708.summary.json
ppo_seed9101,PPO,9101,9708,4,1.0,0.5,0.7896551489830017,2,0.04953560371517028,0.0,outputs/tits_dynamic_graph_expanded/rl_multiseed_randomized_eval_20260714/procedural/n4/seed9708/summaries/ppo_seed9101_n4_seed9708.summary.json
ppo_seed9102,PPO,9102,9708,4,1.0,0.5,0.9413793087005615,0,0.02476780185758514,0.0,outputs/tits_dynamic_graph_expanded/rl_multiseed_randomized_eval_20260714/procedural/n4/seed9708/summaries/ppo_seed9102_n4_seed9708.summary.json
ppo_seed9103,PPO,9103,9708,4,1.0,1.0,0.9637930989265442,0,0.018575851393188854,0.0,outputs/tits_dynamic_graph_expanded/rl_multiseed_randomized_eval_20260714/procedural/n4/seed9708/summaries/ppo_seed9103_n4_seed9708.summary.json
rule_expert_gate,Rule expert,fixed,9708,4,1.0,0.5,0.03448275849223137,3,0.13622291021671826,0.0,outputs/tits_dynamic_graph_expanded/rl_multiseed_randomized_eval_20260714/procedural/n4/seed9708/summaries/rule_expert_gate_n4_seed9708.summary.json
rule_safety_gate,Safety rule,fixed,9708,4,1.0,0.5,0.03620689734816551,3,0.14241486068111456,0.0,outputs/tits_dynamic_graph_expanded/rl_multiseed_randomized_eval_20260714/procedural/n4/seed9708/summaries/rule_safety_gate_n4_seed9708.summary.json
sac_seed9101,SAC,9101,9708,4,1.0,0.0,0.0,0,0.07739938080495357,0.0,outputs/tits_dynamic_graph_expanded/rl_multiseed_randomized_eval_20260714/procedural/n4/seed9708/summaries/sac_seed9101_n4_seed9708.summary.json
sac_seed9102,SAC,9102,9708,4,1.0,0.5,0.4172413647174835,3,0.2724458204334365,0.0,outputs/tits_dynamic_graph_expanded/rl_multiseed_randomized_eval_20260714/procedural/n4/seed9708/summaries/sac_seed9102_n4_seed9708.summary.json
sac_seed9103,SAC,9103,9708,4,1.0,0.5,0.36379310488700867,3,0.15479876160990713,0.0,outputs/tits_dynamic_graph_expanded/rl_multiseed_randomized_eval_20260714/procedural/n4/seed9708/summaries/sac_seed9103_n4_seed9708.summary.json
td3_seed9101,TD3,9101,9708,4,1.0,0.0,0.08965517580509186,1,0.08978328173374613,0.0,outputs/tits_dynamic_graph_expanded/rl_multiseed_randomized_eval_20260714/procedural/n4/seed9708/summaries/td3_seed9101_n4_seed9708.summary.json
td3_seed9102,TD3,9102,9708,4,1.0,0.0,0.18448275327682495,1,0.13003095975232198,0.0,outputs/tits_dynamic_graph_expanded/rl_multiseed_randomized_eval_20260714/procedural/n4/seed9708/summaries/td3_seed9102_n4_seed9708.summary.json
td3_seed9103,TD3,9103,9708,4,1.0,0.0,0.0,0,0.0804953560371517,0.0,outputs/tits_dynamic_graph_expanded/rl_multiseed_randomized_eval_20260714/procedural/n4/seed9708/summaries/td3_seed9103_n4_seed9708.summary.json
dnq_dlc_full,DNQ-DLC,fixed,9709,4,1.0,0.0,0.01034482754766941,3,0.24414715719063546,0.0,outputs/tits_dynamic_graph_expanded/rl_multiseed_randomized_eval_20260714/procedural/n4/seed9709/summaries/dnq_dlc_full_n4_seed9709.summary.json
ppo_seed9101,PPO,9101,9709,4,1.0,0.0,0.4844827651977539,1,0.08695652173913043,0.0,outputs/tits_dynamic_graph_expanded/rl_multiseed_randomized_eval_20260714/procedural/n4/seed9709/summaries/ppo_seed9101_n4_seed9709.summary.json
ppo_seed9102,PPO,9102,9709,4,0.0,0.0,0.9086207151412964,0,0.016722408026755852,0.0,outputs/tits_dynamic_graph_expanded/rl_multiseed_randomized_eval_20260714/procedural/n4/seed9709/summaries/ppo_seed9102_n4_seed9709.summary.json
ppo_seed9103,PPO,9103,9709,4,0.0,0.0,0.9568965435028076,0,0.020066889632107024,0.0,outputs/tits_dynamic_graph_expanded/rl_multiseed_randomized_eval_20260714/procedural/n4/seed9709/summaries/ppo_seed9103_n4_seed9709.summary.json
rule_expert_gate,Rule expert,fixed,9709,4,1.0,0.0,0.4137931168079376,2,0.09364548494983277,0.0,outputs/tits_dynamic_graph_expanded/rl_multiseed_randomized_eval_20260714/procedural/n4/seed9709/summaries/rule_expert_gate_n4_seed9709.summary.json
rule_safety_gate,Safety rule,fixed,9709,4,1.0,0.0,0.3568965494632721,1,0.10367892976588629,0.0,outputs/tits_dynamic_graph_expanded/rl_multiseed_randomized_eval_20260714/procedural/n4/seed9709/summaries/rule_safety_gate_n4_seed9709.summary.json
sac_seed9101,SAC,9101,9709,4,1.0,0.0,0.09310344606637955,0,0.08695652173913043,0.0,outputs/tits_dynamic_graph_expanded/rl_multiseed_randomized_eval_20260714/procedural/n4/seed9709/summaries/sac_seed9101_n4_seed9709.summary.json
sac_seed9102,SAC,9102,9709,4,1.0,0.0,0.867241382598877,0,0.07357859531772576,0.0,outputs/tits_dynamic_graph_expanded/rl_multiseed_randomized_eval_20260714/procedural/n4/seed9709/summaries/sac_seed9102_n4_seed9709.summary.json
sac_seed9103,SAC,9103,9709,4,1.0,0.0,0.14137931168079376,3,0.0903010033444816,0.0,outputs/tits_dynamic_graph_expanded/rl_multiseed_randomized_eval_20260714/procedural/n4/seed9709/summaries/sac_seed9103_n4_seed9709.summary.json
td3_seed9101,TD3,9101,9709,4,1.0,0.5,0.16034482419490814,0,0.11371237458193979,0.0,outputs/tits_dynamic_graph_expanded/rl_multiseed_randomized_eval_20260714/procedural/n4/seed9709/summaries/td3_seed9101_n4_seed9709.summary.json
td3_seed9102,TD3,9102,9709,4,1.0,0.0,0.3086206912994385,0,0.0802675585284281,0.0,outputs/tits_dynamic_graph_expanded/rl_multiseed_randomized_eval_20260714/procedural/n4/seed9709/summaries/td3_seed9102_n4_seed9709.summary.json
td3_seed9103,TD3,9103,9709,4,1.0,0.0,0.0,0,0.08695652173913043,0.0,outputs/tits_dynamic_graph_expanded/rl_multiseed_randomized_eval_20260714/procedural/n4/seed9709/summaries/td3_seed9103_n4_seed9709.summary.json
dnq_dlc_full,DNQ-DLC,fixed,9710,4,1.0,0.0,0.11551724374294281,3,0.17985611510791366,0.0,outputs/tits_dynamic_graph_expanded/rl_multiseed_randomized_eval_20260714/procedural/n4/seed9710/summaries/dnq_dlc_full_n4_seed9710.summary.json
ppo_seed9101,PPO,9101,9710,4,1.0,1.0,0.8034482598304749,0,0.10071942446043165,0.0,outputs/tits_dynamic_graph_expanded/rl_multiseed_randomized_eval_20260714/procedural/n4/seed9710/summaries/ppo_seed9101_n4_seed9710.summary.json
ppo_seed9102,PPO,9102,9710,4,1.0,1.0,0.9448275566101074,0,0.025179856115107913,0.0,outputs/tits_dynamic_graph_expanded/rl_multiseed_randomized_eval_20260714/procedural/n4/seed9710/summaries/ppo_seed9102_n4_seed9710.summary.json
ppo_seed9103,PPO,9103,9710,4,1.0,1.0,0.9637930989265442,0,0.025179856115107913,0.0,outputs/tits_dynamic_graph_expanded/rl_multiseed_randomized_eval_20260714/procedural/n4/seed9710/summaries/ppo_seed9103_n4_seed9710.summary.json
rule_expert_gate,Rule expert,fixed,9710,4,1.0,1.0,0.1344827562570572,3,0.1906474820143885,0.0,outputs/tits_dynamic_graph_expanded/rl_multiseed_randomized_eval_20260714/procedural/n4/seed9710/summaries/rule_expert_gate_n4_seed9710.summary.json
rule_safety_gate,Safety rule,fixed,9710,4,1.0,0.6666666666666666,0.44310346245765686,3,0.17625899280575538,0.0,outputs/tits_dynamic_graph_expanded/rl_multiseed_randomized_eval_20260714/procedural/n4/seed9710/summaries/rule_safety_gate_n4_seed9710.summary.json
sac_seed9101,SAC,9101,9710,4,1.0,0.0,0.32758620381355286,1,0.10431654676258993,0.0,outputs/tits_dynamic_graph_expanded/rl_multiseed_randomized_eval_20260714/procedural/n4/seed9710/summaries/sac_seed9101_n4_seed9710.summary.json
sac_seed9102,SAC,9102,9710,4,1.0,1.0,0.27931034564971924,3,0.38848920863309355,0.0,outputs/tits_dynamic_graph_expanded/rl_multiseed_randomized_eval_20260714/procedural/n4/seed9710/summaries/sac_seed9102_n4_seed9710.summary.json
sac_seed9103,SAC,9103,9710,4,1.0,1.0,0.3655172288417816,3,0.19784172661870503,0.0,outputs/tits_dynamic_graph_expanded/rl_multiseed_randomized_eval_20260714/procedural/n4/seed9710/summaries/sac_seed9103_n4_seed9710.summary.json
td3_seed9101,TD3,9101,9710,4,1.0,1.0,0.17241379618644714,0,0.13309352517985612,0.0,outputs/tits_dynamic_graph_expanded/rl_multiseed_randomized_eval_20260714/procedural/n4/seed9710/summaries/td3_seed9101_n4_seed9710.summary.json
td3_seed9102,TD3,9102,9710,4,1.0,0.3333333333333333,0.0,3,0.22661870503597123,0.0,outputs/tits_dynamic_graph_expanded/rl_multiseed_randomized_eval_20260714/procedural/n4/seed9710/summaries/td3_seed9102_n4_seed9710.summary.json
td3_seed9103,TD3,9103,9710,4,1.0,0.0,0.0,0,0.09712230215827339,0.0,outputs/tits_dynamic_graph_expanded/rl_multiseed_randomized_eval_20260714/procedural/n4/seed9710/summaries/td3_seed9103_n4_seed9710.summary.json
dnq_dlc_full,DNQ-DLC,fixed,9711,4,1.0,0.0,0.3724137842655182,2,0.145985401459854,0.0,outputs/tits_dynamic_graph_expanded/rl_multiseed_randomized_eval_20260714/procedural/n4/seed9711/summaries/dnq_dlc_full_n4_seed9711.summary.json
ppo_seed9101,PPO,9101,9711,4,0.0,0.0,0.9431034326553345,0,0.01824817518248175,0.0,outputs/tits_dynamic_graph_expanded/rl_multiseed_randomized_eval_20260714/procedural/n4/seed9711/summaries/ppo_seed9101_n4_seed9711.summary.json
ppo_seed9102,PPO,9102,9711,4,1.0,0.0,0.932758629322052,0,0.032846715328467155,0.0,outputs/tits_dynamic_graph_expanded/rl_multiseed_randomized_eval_20260714/procedural/n4/seed9711/summaries/ppo_seed9102_n4_seed9711.summary.json
ppo_seed9103,PPO,9103,9711,4,1.0,0.0,0.9448275566101074,0,0.029197080291970802,0.0,outputs/tits_dynamic_graph_expanded/rl_multiseed_randomized_eval_20260714/procedural/n4/seed9711/summaries/ppo_seed9103_n4_seed9711.summary.json
rule_expert_gate,Rule expert,fixed,9711,4,1.0,0.0,0.2103448212146759,1,0.14233576642335766,0.0,outputs/tits_dynamic_graph_expanded/rl_multiseed_randomized_eval_20260714/procedural/n4/seed9711/summaries/rule_expert_gate_n4_seed9711.summary.json
rule_safety_gate,Safety rule,fixed,9711,4,1.0,0.0,0.0,3,0.20437956204379562,0.0,outputs/tits_dynamic_graph_expanded/rl_multiseed_randomized_eval_20260714/procedural/n4/seed9711/summaries/rule_safety_gate_n4_seed9711.summary.json
sac_seed9101,SAC,9101,9711,4,1.0,0.0,0.0,0,0.06569343065693431,0.0,outputs/tits_dynamic_graph_expanded/rl_multiseed_randomized_eval_20260714/procedural/n4/seed9711/summaries/sac_seed9101_n4_seed9711.summary.json
sac_seed9102,SAC,9102,9711,4,1.0,0.0,0.0,0,0.043795620437956206,0.0,outputs/tits_dynamic_graph_expanded/rl_multiseed_randomized_eval_20260714/procedural/n4/seed9711/summaries/sac_seed9102_n4_seed9711.summary.json
sac_seed9103,SAC,9103,9711,4,1.0,0.0,0.170689657330513,1,0.16058394160583941,0.0,outputs/tits_dynamic_graph_expanded/rl_multiseed_randomized_eval_20260714/procedural/n4/seed9711/summaries/sac_seed9103_n4_seed9711.summary.json
td3_seed9101,TD3,9101,9711,4,0.0,0.0,0.0,0,0.021897810218978103,0.0,outputs/tits_dynamic_graph_expanded/rl_multiseed_randomized_eval_20260714/procedural/n4/seed9711/summaries/td3_seed9101_n4_seed9711.summary.json
td3_seed9102,TD3,9102,9711,4,1.0,0.0,0.017241379246115685,3,0.17518248175182483,0.0,outputs/tits_dynamic_graph_expanded/rl_multiseed_randomized_eval_20260714/procedural/n4/seed9711/summaries/td3_seed9102_n4_seed9711.summary.json
td3_seed9103,TD3,9103,9711,4,0.0,0.0,0.0,0,0.021897810218978103,0.0,outputs/tits_dynamic_graph_expanded/rl_multiseed_randomized_eval_20260714/procedural/n4/seed9711/summaries/td3_seed9103_n4_seed9711.summary.json
dnq_dlc_full,DNQ-DLC,fixed,9712,4,1.0,0.0,0.1189655140042305,3,0.27530364372469635,0.0,outputs/tits_dynamic_graph_expanded/rl_multiseed_randomized_eval_20260714/procedural/n4/seed9712/summaries/dnq_dlc_full_n4_seed9712.summary.json
ppo_seed9101,PPO,9101,9712,4,1.0,0.75,0.4172413647174835,1,0.11740890688259109,0.0,outputs/tits_dynamic_graph_expanded/rl_multiseed_randomized_eval_20260714/procedural/n4/seed9712/summaries/ppo_seed9101_n4_seed9712.summary.json
ppo_seed9102,PPO,9102,9712,4,0.0,0.0,0.8982758522033691,1,0.024291497975708502,0.0,outputs/tits_dynamic_graph_expanded/rl_multiseed_randomized_eval_20260714/procedural/n4/seed9712/summaries/ppo_seed9102_n4_seed9712.summary.json
ppo_seed9103,PPO,9103,9712,4,1.0,1.0,0.9603448510169983,0,0.02834008097165992,0.0,outputs/tits_dynamic_graph_expanded/rl_multiseed_randomized_eval_20260714/procedural/n4/seed9712/summaries/ppo_seed9103_n4_seed9712.summary.json
rule_expert_gate,Rule expert,fixed,9712,4,1.0,1.0,0.0,3,0.1862348178137652,0.0,outputs/tits_dynamic_graph_expanded/rl_multiseed_randomized_eval_20260714/procedural/n4/seed9712/summaries/rule_expert_gate_n4_seed9712.summary.json
rule_safety_gate,Safety rule,fixed,9712,4,1.0,1.0,0.0,3,0.1862348178137652,0.0,outputs/tits_dynamic_graph_expanded/rl_multiseed_randomized_eval_20260714/procedural/n4/seed9712/summaries/rule_safety_gate_n4_seed9712.summary.json
sac_seed9101,SAC,9101,9712,4,1.0,0.0,0.3379310369491577,0,0.13765182186234817,0.0,outputs/tits_dynamic_graph_expanded/rl_multiseed_randomized_eval_20260714/procedural/n4/seed9712/summaries/sac_seed9101_n4_seed9712.summary.json
sac_seed9102,SAC,9102,9712,4,1.0,1.0,0.43103447556495667,3,0.38461538461538464,0.0,outputs/tits_dynamic_graph_expanded/rl_multiseed_randomized_eval_20260714/procedural/n4/seed9712/summaries/sac_seed9102_n4_seed9712.summary.json
sac_seed9103,SAC,9103,9712,4,1.0,1.0,0.08620689809322357,1,0.17408906882591094,0.0,outputs/tits_dynamic_graph_expanded/rl_multiseed_randomized_eval_20260714/procedural/n4/seed9712/summaries/sac_seed9103_n4_seed9712.summary.json
td3_seed9101,TD3,9101,9712,4,1.0,1.0,0.062068965286016464,1,0.145748987854251,0.0,outputs/tits_dynamic_graph_expanded/rl_multiseed_randomized_eval_20260714/procedural/n4/seed9712/summaries/td3_seed9101_n4_seed9712.summary.json
td3_seed9102,TD3,9102,9712,4,1.0,0.0,0.0,3,0.1902834008097166,0.0,outputs/tits_dynamic_graph_expanded/rl_multiseed_randomized_eval_20260714/procedural/n4/seed9712/summaries/td3_seed9102_n4_seed9712.summary.json
td3_seed9103,TD3,9103,9712,4,1.0,0.5,0.0,0,0.11336032388663968,0.0,outputs/tits_dynamic_graph_expanded/rl_multiseed_randomized_eval_20260714/procedural/n4/seed9712/summaries/td3_seed9103_n4_seed9712.summary.json
