algorithm,case,episode_grass,episode_lat,steps
dlc_individual_transition,M10_scale_n10_seed21,0.0,0.5508785298638031,2200
dlc_joint_transition,M10_scale_n10_seed21,0.017272727272727273,0.6119535830274055,2200
dlc_joint_transition_observer,M10_scale_n10_seed21,0.10772727272727273,0.4383718395045699,2200
ours_dnq_dlc,M10_scale_n10_seed21,0.14863636363636365,0.793550747778817,2200
ppo_continuous,M10_scale_n10_seed21,0.9159090909090909,8.107212912447073,2200
rule_expert_gate,M10_scale_n10_seed21,0.6354545454545455,2.460439085465175,2200
sac_continuous,M10_scale_n10_seed21,0.40545454545454546,1.8308330636896955,2200
td3_continuous,M10_scale_n10_seed21,0.97,7.709402233511209,2200
dlc_individual_transition,M10_scale_n10_seed22,0.5804545454545454,1.2577019547111228,2200
dlc_joint_transition,M10_scale_n10_seed22,0.038636363636363635,0.7020454272569623,2200
dlc_joint_transition_observer,M10_scale_n10_seed22,0.5768181818181818,3.755722916359651,2200
ours_dnq_dlc,M10_scale_n10_seed22,0.0,0.5600435200780207,2200
ppo_continuous,M10_scale_n10_seed22,0.9572727272727273,5.2871350227990614,2200
rule_expert_gate,M10_scale_n10_seed22,0.3322727272727273,0.7222964878227371,2200
sac_continuous,M10_scale_n10_seed22,0.4122727272727273,1.5086779670620507,2200
td3_continuous,M10_scale_n10_seed22,0.9668181818181818,2.678100910322233,2200
dlc_individual_transition,M10_scale_n10_seed23,0.07181818181818182,0.8091180657101623,2200
dlc_joint_transition,M10_scale_n10_seed23,0.07818181818181819,0.7746312346307043,2200
dlc_joint_transition_observer,M10_scale_n10_seed23,0.35909090909090907,0.9966103580503246,2200
ours_dnq_dlc,M10_scale_n10_seed23,0.03318181818181818,0.4923468065519377,2200
ppo_continuous,M10_scale_n10_seed23,0.9440909090909091,5.004547736917157,2200
rule_expert_gate,M10_scale_n10_seed23,0.8472727272727273,1.7093578426960052,2200
sac_continuous,M10_scale_n10_seed23,0.0,0.19344806699497646,2200
td3_continuous,M10_scale_n10_seed23,0.9304545454545454,4.674266238302755,2200
dlc_individual_transition,M10_scale_n10_seed24,0.27045454545454545,0.8435574016545963,2200
dlc_joint_transition,M10_scale_n10_seed24,0.2381818181818182,1.2901589734852315,2200
dlc_joint_transition_observer,M10_scale_n10_seed24,0.5245454545454545,1.4678909959591295,2200
ours_dnq_dlc,M10_scale_n10_seed24,0.12454545454545454,0.6953253288140563,2200
ppo_continuous,M10_scale_n10_seed24,0.9690909090909091,13.316377307132564,2200
rule_expert_gate,M10_scale_n10_seed24,0.85,2.6716799482779408,2200
sac_continuous,M10_scale_n10_seed24,0.6745454545454546,1.3165437578206713,2200
td3_continuous,M10_scale_n10_seed24,0.9354545454545454,2.0129403103955767,2200
dlc_individual_transition,M10_scale_n10_seed25,0.09636363636363636,0.6543085563664367,2200
dlc_joint_transition,M10_scale_n10_seed25,0.04181818181818182,0.7773556687150531,2200
dlc_joint_transition_observer,M10_scale_n10_seed25,0.8213636363636364,5.71434298936574,2200
ours_dnq_dlc,M10_scale_n10_seed25,0.3259090909090909,0.8859112279019742,2200
ppo_continuous,M10_scale_n10_seed25,0.9831818181818182,14.541358257071538,2200
rule_expert_gate,M10_scale_n10_seed25,0.02909090909090909,0.20451639746970138,2200
sac_continuous,M10_scale_n10_seed25,0.24954545454545454,0.7205373883123551,2200
td3_continuous,M10_scale_n10_seed25,0.8218181818181818,1.2296116491161626,2200
dlc_individual_transition,M10_scale_n10_seed26,0.25727272727272726,1.1009080086226195,2200
dlc_joint_transition,M10_scale_n10_seed26,0.3522727272727273,1.1816619515225864,2200
dlc_joint_transition_observer,M10_scale_n10_seed26,0.09272727272727273,0.3947532555083874,2200
ours_dnq_dlc,M10_scale_n10_seed26,0.2540909090909091,1.2021296171364586,2200
ppo_continuous,M10_scale_n10_seed26,0.9740909090909091,7.403024352992123,2200
rule_expert_gate,M10_scale_n10_seed26,0.07954545454545454,0.3076974568157113,2200
sac_continuous,M10_scale_n10_seed26,0.145,0.9713101095360682,2200
td3_continuous,M10_scale_n10_seed26,0.8977272727272727,2.376583723749923,2200
dlc_individual_transition,M10_scale_n10_seed27,0.4781818181818182,1.5583746856974638,2200
dlc_joint_transition,M10_scale_n10_seed27,0.01818181818181818,0.5821390537437401,2200
dlc_joint_transition_observer,M10_scale_n10_seed27,0.6518181818181819,1.1613707823108812,2200
ours_dnq_dlc,M10_scale_n10_seed27,0.14363636363636365,0.7615622348369586,2200
ppo_continuous,M10_scale_n10_seed27,0.9790909090909091,6.627536932473833,2200
rule_expert_gate,M10_scale_n10_seed27,0.11090909090909092,0.39563828722663114,2200
sac_continuous,M10_scale_n10_seed27,0.20909090909090908,0.8807841529493983,2200
td3_continuous,M10_scale_n10_seed27,0.9590909090909091,2.9947970023327932,2200
dlc_individual_transition,M10_scale_n10_seed28,0.49818181818181817,1.5635221983272773,2200
dlc_joint_transition,M10_scale_n10_seed28,0.04681818181818182,0.7076719815163233,2200
dlc_joint_transition_observer,M10_scale_n10_seed28,0.5740909090909091,1.1804055785591614,2200
ours_dnq_dlc,M10_scale_n10_seed28,0.21545454545454545,0.8154121808972294,2200
ppo_continuous,M10_scale_n10_seed28,0.9768181818181818,6.252789144028317,2200
rule_expert_gate,M10_scale_n10_seed28,0.3836363636363636,1.732213381126818,2200
sac_continuous,M10_scale_n10_seed28,0.6104545454545455,1.3933812328745527,2200
td3_continuous,M10_scale_n10_seed28,0.9090909090909091,2.377583964145319,2200
dlc_individual_transition,M10_scale_n10_seed29,0.0,0.3638599502175533,2200
dlc_joint_transition,M10_scale_n10_seed29,0.00599354541263255,0.49061681445873284,2169
dlc_joint_transition_observer,M10_scale_n10_seed29,0.5840909090909091,3.2170508157344804,2200
ours_dnq_dlc,M10_scale_n10_seed29,0.0,0.46155826312444664,2200
ppo_continuous,M10_scale_n10_seed29,0.9777272727272728,22.66124264507131,2200
rule_expert_gate,M10_scale_n10_seed29,0.3527272727272727,1.1593957333198375,2200
sac_continuous,M10_scale_n10_seed29,0.0,0.15145424866983045,2200
td3_continuous,M10_scale_n10_seed29,0.9836363636363636,8.493759191266514,2200
dlc_individual_transition,M10_scale_n10_seed30,0.4690909090909091,1.4442457404816609,2200
dlc_joint_transition,M10_scale_n10_seed30,0.0,0.5388166075184321,2052
dlc_joint_transition_observer,M10_scale_n10_seed30,0.5977272727272728,2.5331211286471014,2200
ours_dnq_dlc,M10_scale_n10_seed30,0.3209090909090909,0.9843198713451751,2200
ppo_continuous,M10_scale_n10_seed30,0.9477272727272728,6.089317017474783,2200
rule_expert_gate,M10_scale_n10_seed30,0.004644681839294009,0.1530120421719912,2153
sac_continuous,M10_scale_n10_seed30,0.5136363636363637,3.3296972217446785,2200
td3_continuous,M10_scale_n10_seed30,0.9827272727272728,5.714305517429655,2200
dlc_individual_transition,M10_scale_n10_seed31,0.0,0.45524399275380845,2200
dlc_joint_transition,M10_scale_n10_seed31,0.009545454545454546,0.730979529910705,2200
dlc_joint_transition_observer,M10_scale_n10_seed31,0.7559090909090909,3.409019270226021,2200
ours_dnq_dlc,M10_scale_n10_seed31,0.017272727272727273,0.4961698305946299,2200
ppo_continuous,M10_scale_n10_seed31,0.9740909090909091,7.833967389206995,2200
rule_expert_gate,M10_scale_n10_seed31,0.31772727272727275,1.0097845875739055,2200
sac_continuous,M10_scale_n10_seed31,0.1190909090909091,0.5207174677165246,2200
td3_continuous,M10_scale_n10_seed31,0.8313636363636364,2.7638531370214396,2200
dlc_individual_transition,M10_scale_n10_seed32,0.5713636363636364,1.3288235613663577,2200
dlc_joint_transition,M10_scale_n10_seed32,0.14772727272727273,0.7782141687081259,2200
dlc_joint_transition_observer,M10_scale_n10_seed32,0.42272727272727273,0.87199535662647,2200
ours_dnq_dlc,M10_scale_n10_seed32,0.16545454545454547,0.7019395835993981,2200
ppo_continuous,M10_scale_n10_seed32,0.975909090909091,7.3619356825642965,2200
rule_expert_gate,M10_scale_n10_seed32,0.5904545454545455,2.8162949349951867,2200
sac_continuous,M10_scale_n10_seed32,0.38772727272727275,1.3125382096509037,2200
td3_continuous,M10_scale_n10_seed32,0.9818181818181818,6.892242638851431,2200
dlc_individual_transition,M4_sparse_n4_seed21,0.9740909090909091,2.3619162833487444,2200
dlc_joint_transition,M4_sparse_n4_seed21,0.8868181818181818,2.1683057109943844,2200
dlc_joint_transition_observer,M4_sparse_n4_seed21,0.8772727272727273,2.363494457900524,2200
ours_dnq_dlc,M4_sparse_n4_seed21,0.1290909090909091,0.6455078857112676,2200
ppo_continuous,M4_sparse_n4_seed21,0.97,2.4276546720161356,2200
rule_expert_gate,M4_sparse_n4_seed21,0.2909090909090909,1.4616954496398102,2200
sac_continuous,M4_sparse_n4_seed21,0.9409090909090909,7.577763550752272,2200
td3_continuous,M4_sparse_n4_seed21,0.6018181818181818,1.4350439009273595,2200
dlc_individual_transition,M4_sparse_n4_seed22,0.0,0.3901221768600358,2200
dlc_joint_transition,M4_sparse_n4_seed22,0.8036363636363636,1.856042309879611,2200
dlc_joint_transition_observer,M4_sparse_n4_seed22,0.6377272727272727,1.5140302304246738,2200
ours_dnq_dlc,M4_sparse_n4_seed22,0.09181818181818181,0.6991517882365522,2200
ppo_continuous,M4_sparse_n4_seed22,0.9531818181818181,11.350004148428033,2200
rule_expert_gate,M4_sparse_n4_seed22,0.505,2.0592744695627534,2200
sac_continuous,M4_sparse_n4_seed22,0.9472727272727273,7.368136242814151,2200
td3_continuous,M4_sparse_n4_seed22,0.7995454545454546,2.099916785156185,2200
dlc_individual_transition,M4_sparse_n4_seed23,0.9718181818181818,2.3525059475546533,2200
dlc_joint_transition,M4_sparse_n4_seed23,0.9213636363636364,2.139405334359141,2200
dlc_joint_transition_observer,M4_sparse_n4_seed23,0.8636363636363636,3.611224355314943,2200
ours_dnq_dlc,M4_sparse_n4_seed23,0.4577272727272727,2.1075713810264873,2200
ppo_continuous,M4_sparse_n4_seed23,0.9068181818181819,6.870249256455043,2200
rule_expert_gate,M4_sparse_n4_seed23,0.3881818181818182,0.9369582167670226,2200
sac_continuous,M4_sparse_n4_seed23,0.9454545454545454,6.794978161074158,2200
td3_continuous,M4_sparse_n4_seed23,0.7813636363636364,2.253452536362192,2200
dlc_individual_transition,M4_sparse_n4_seed24,0.9309090909090909,2.076552215110172,2200
dlc_joint_transition,M4_sparse_n4_seed24,0.9486363636363636,2.1793739184737206,2200
dlc_joint_transition_observer,M4_sparse_n4_seed24,0.9636363636363636,2.2953131573308596,2200
ours_dnq_dlc,M4_sparse_n4_seed24,0.35909090909090907,0.9710321618397376,2200
ppo_continuous,M4_sparse_n4_seed24,0.07,0.430435180825139,2200
rule_expert_gate,M4_sparse_n4_seed24,0.7190909090909091,1.3902426138004045,2200
sac_continuous,M4_sparse_n4_seed24,0.5872727272727273,2.9063190623711455,2200
td3_continuous,M4_sparse_n4_seed24,0.6668181818181819,1.8243629948659377,2200
dlc_individual_transition,M4_sparse_n4_seed25,0.649090909090909,1.5359279607191936,2200
dlc_joint_transition,M4_sparse_n4_seed25,0.6463636363636364,1.5264525997486305,2200
dlc_joint_transition_observer,M4_sparse_n4_seed25,0.07045454545454545,0.2788398064600187,2200
ours_dnq_dlc,M4_sparse_n4_seed25,0.18636363636363637,0.7650148594847468,2200
ppo_continuous,M4_sparse_n4_seed25,0.9572727272727273,10.372460673775482,2200
rule_expert_gate,M4_sparse_n4_seed25,0.0,0.113773109114078,2200
sac_continuous,M4_sparse_n4_seed25,0.9490909090909091,8.812108246148776,2200
td3_continuous,M4_sparse_n4_seed25,0.7581818181818182,1.9434004471061581,2200
dlc_individual_transition,M4_sparse_n4_seed26,0.0,0.16255835378880212,2200
dlc_joint_transition,M4_sparse_n4_seed26,0.8095454545454546,1.9652066749984145,2200
dlc_joint_transition_observer,M4_sparse_n4_seed26,0.605909090909091,1.465783313654379,2200
ours_dnq_dlc,M4_sparse_n4_seed26,0.2109090909090909,0.7852058839328079,2200
ppo_continuous,M4_sparse_n4_seed26,0.3054545454545455,1.1724316967604682,2200
rule_expert_gate,M4_sparse_n4_seed26,0.025454545454545455,0.12587716750200673,2200
sac_continuous,M4_sparse_n4_seed26,0.9468181818181818,7.6220678232394325,2200
td3_continuous,M4_sparse_n4_seed26,0.7713636363636364,2.315897230336612,2200
dlc_individual_transition,M4_sparse_n4_seed27,0.975,2.304274658452381,2200
dlc_joint_transition,M4_sparse_n4_seed27,0.9390909090909091,2.2308914532580157,2200
dlc_joint_transition_observer,M4_sparse_n4_seed27,0.8727272727272727,2.564908794381402,2200
ours_dnq_dlc,M4_sparse_n4_seed27,0.1990909090909091,0.833695492869751,2200
ppo_continuous,M4_sparse_n4_seed27,0.7913636363636364,2.4208054714448304,2200
rule_expert_gate,M4_sparse_n4_seed27,0.8481818181818181,9.856656278287568,2200
sac_continuous,M4_sparse_n4_seed27,0.9322727272727273,6.746980412553742,2200
td3_continuous,M4_sparse_n4_seed27,0.7804545454545454,2.21830948904834,2200
dlc_individual_transition,M4_sparse_n4_seed28,0.9754545454545455,2.2370260568911378,2200
dlc_joint_transition,M4_sparse_n4_seed28,0.9440909090909091,2.2251656599342824,2200
dlc_joint_transition_observer,M4_sparse_n4_seed28,0.8713636363636363,2.627436324425719,2200
ours_dnq_dlc,M4_sparse_n4_seed28,0.10636363636363637,0.765756387581562,2200
ppo_continuous,M4_sparse_n4_seed28,0.8868181818181818,2.650308361816728,2200
rule_expert_gate,M4_sparse_n4_seed28,0.6031818181818182,3.488324620437528,2200
sac_continuous,M4_sparse_n4_seed28,0.9327272727272727,5.94513664825872,2200
td3_continuous,M4_sparse_n4_seed28,0.7754545454545455,2.258509010628543,2200
dlc_individual_transition,M4_sparse_n4_seed29,0.5645454545454546,1.3530212783323474,2200
dlc_joint_transition,M4_sparse_n4_seed29,0.49636363636363634,1.0355485404131601,2200
dlc_joint_transition_observer,M4_sparse_n4_seed29,0.649090909090909,1.5471257604692668,2200
ours_dnq_dlc,M4_sparse_n4_seed29,0.0,0.5833348261524753,2200
ppo_continuous,M4_sparse_n4_seed29,0.8918181818181818,4.2103651354142295,2200
rule_expert_gate,M4_sparse_n4_seed29,0.08227272727272728,0.3621847379361465,2200
sac_continuous,M4_sparse_n4_seed29,0.9540909090909091,7.787834698800421,2200
td3_continuous,M4_sparse_n4_seed29,0.7318181818181818,2.0092556868614735,2200
dlc_individual_transition,M4_sparse_n4_seed30,0.5777272727272728,1.3404570657178887,2200
dlc_joint_transition,M4_sparse_n4_seed30,0.47954545454545455,1.0043918484020105,2200
dlc_joint_transition_observer,M4_sparse_n4_seed30,0.6677272727272727,1.989373404065819,2200
ours_dnq_dlc,M4_sparse_n4_seed30,0.10454545454545454,0.6746595347165765,2200
ppo_continuous,M4_sparse_n4_seed30,0.8490909090909091,36.26979332522214,2200
rule_expert_gate,M4_sparse_n4_seed30,0.0,0.10579550614736614,2200
sac_continuous,M4_sparse_n4_seed30,0.9545454545454546,6.999590303794777,2200
td3_continuous,M4_sparse_n4_seed30,0.7768181818181819,2.211670668007044,2200
dlc_individual_transition,M4_sparse_n4_seed31,0.975,2.273794435398145,2200
dlc_joint_transition,M4_sparse_n4_seed31,0.9386363636363636,2.2311126427487893,2200
dlc_joint_transition_observer,M4_sparse_n4_seed31,0.8740909090909091,2.4629887369275094,2200
ours_dnq_dlc,M4_sparse_n4_seed31,0.11318181818181818,0.7101783716720423,2200
ppo_continuous,M4_sparse_n4_seed31,0.7718181818181818,2.2892157841240985,2200
rule_expert_gate,M4_sparse_n4_seed31,0.21863636363636363,0.9044986739364818,2200
sac_continuous,M4_sparse_n4_seed31,0.9313636363636364,7.189911822872025,2200
td3_continuous,M4_sparse_n4_seed31,0.77,2.3555459566414356,2200
dlc_individual_transition,M4_sparse_n4_seed32,0.0,0.22770179530775006,2200
dlc_joint_transition,M4_sparse_n4_seed32,0.8022727272727272,1.823358504196248,2200
dlc_joint_transition_observer,M4_sparse_n4_seed32,0.7772727272727272,2.0046470546451483,2200
ours_dnq_dlc,M4_sparse_n4_seed32,0.0,0.5089172191617333,2200
ppo_continuous,M4_sparse_n4_seed32,0.9172727272727272,5.271943848049691,2200
rule_expert_gate,M4_sparse_n4_seed32,0.017727272727272727,0.11691237903623418,2200
sac_continuous,M4_sparse_n4_seed32,0.9468181818181818,7.417878327339422,2200
td3_continuous,M4_sparse_n4_seed32,0.6731818181818182,1.555252617754529,2200
dlc_individual_transition,M6_dense_n6_seed21,0.06227272727272727,0.3842794024063253,2200
dlc_joint_transition,M6_dense_n6_seed21,0.12363636363636364,0.8531037264520471,2200
dlc_joint_transition_observer,M6_dense_n6_seed21,0.375,0.9346228990636088,2200
ours_dnq_dlc,M6_dense_n6_seed21,0.085,0.5626825785897712,2200
ppo_continuous,M6_dense_n6_seed21,0.8313636363636364,16.793232732597946,2200
rule_expert_gate,M6_dense_n6_seed21,0.47545454545454546,1.8906149158987235,2200
sac_continuous,M6_dense_n6_seed21,0.6986363636363636,8.826820017417724,2200
td3_continuous,M6_dense_n6_seed21,0.9831818181818182,7.372415907545523,2200
dlc_individual_transition,M6_dense_n6_seed22,0.7081818181818181,2.9058304567812856,2200
dlc_joint_transition,M6_dense_n6_seed22,0.6468181818181818,2.3187584776598538,2200
dlc_joint_transition_observer,M6_dense_n6_seed22,0.09045454545454545,0.5322499465491008,2200
ours_dnq_dlc,M6_dense_n6_seed22,0.08681818181818182,0.614403273339677,2200
ppo_continuous,M6_dense_n6_seed22,0.7190909090909091,5.390688282911644,2200
rule_expert_gate,M6_dense_n6_seed22,0.05,0.25298792689364663,2200
sac_continuous,M6_dense_n6_seed22,0.740909090909091,3.4908362561328845,2200
td3_continuous,M6_dense_n6_seed22,0.9836363636363636,3.8399965604191477,2200
dlc_individual_transition,M6_dense_n6_seed23,0.06227272727272727,0.6333277423341166,2200
dlc_joint_transition,M6_dense_n6_seed23,0.21545454545454545,0.8268848705427213,2200
dlc_joint_transition_observer,M6_dense_n6_seed23,0.17954545454545454,0.9855072954016214,2200
ours_dnq_dlc,M6_dense_n6_seed23,0.32636363636363636,0.8161382020534471,2200
ppo_continuous,M6_dense_n6_seed23,0.8481818181818181,15.262174552546666,2200
rule_expert_gate,M6_dense_n6_seed23,0.1368181818181818,0.45885986952978947,2200
sac_continuous,M6_dense_n6_seed23,0.7386363636363636,3.808148302916776,2200
td3_continuous,M6_dense_n6_seed23,0.9845454545454545,7.451442007693378,2200
dlc_individual_transition,M6_dense_n6_seed24,0.3059090909090909,0.8810805365036835,2200
dlc_joint_transition,M6_dense_n6_seed24,0.09409090909090909,0.6269957216660789,2200
dlc_joint_transition_observer,M6_dense_n6_seed24,0.07045454545454545,0.6232294286967425,2200
ours_dnq_dlc,M6_dense_n6_seed24,0.0,0.4597902012325622,2200
ppo_continuous,M6_dense_n6_seed24,0.9786363636363636,2.468230405151844,2200
rule_expert_gate,M6_dense_n6_seed24,0.3431818181818182,1.2092010707789185,2200
sac_continuous,M6_dense_n6_seed24,0.5522727272727272,3.086150462370027,2200
td3_continuous,M6_dense_n6_seed24,0.8831818181818182,1.9842347989891211,2200
dlc_individual_transition,M6_dense_n6_seed25,0.0,0.38313801601941866,2200
dlc_joint_transition,M6_dense_n6_seed25,0.6709090909090909,2.595889416532485,2200
dlc_joint_transition_observer,M6_dense_n6_seed25,0.225,0.7016808487805114,2200
ours_dnq_dlc,M6_dense_n6_seed25,0.2686363636363636,0.8397243351935387,2200
ppo_continuous,M6_dense_n6_seed25,0.8427272727272728,32.30579238900296,2200
rule_expert_gate,M6_dense_n6_seed25,0.10045454545454545,0.36183577699134317,2200
sac_continuous,M6_dense_n6_seed25,0.7790909090909091,4.240776005197655,2200
td3_continuous,M6_dense_n6_seed25,0.9827272727272728,6.460981056744402,2200
dlc_individual_transition,M6_dense_n6_seed26,0.10909090909090909,0.5599222942311,2200
dlc_joint_transition,M6_dense_n6_seed26,0.10045454545454545,0.6225390765193152,2200
dlc_joint_transition_observer,M6_dense_n6_seed26,0.10545454545454545,0.4410103764295292,2200
ours_dnq_dlc,M6_dense_n6_seed26,0.3759090909090909,1.0208570704057771,2200
ppo_continuous,M6_dense_n6_seed26,0.8436363636363636,14.653682757629324,2200
rule_expert_gate,M6_dense_n6_seed26,0.045,0.20585586982437895,2200
sac_continuous,M6_dense_n6_seed26,0.7386363636363636,3.443184616460719,2200
td3_continuous,M6_dense_n6_seed26,0.9840909090909091,3.788998574032025,2200
dlc_individual_transition,M6_dense_n6_seed27,0.22636363636363635,1.1058655998738323,2200
dlc_joint_transition,M6_dense_n6_seed27,0.8531818181818182,2.115382181382315,2200
dlc_joint_transition_observer,M6_dense_n6_seed27,0.3040909090909091,0.6468107722410258,2200
ours_dnq_dlc,M6_dense_n6_seed27,0.10954545454545454,0.6576732078396361,2200
ppo_continuous,M6_dense_n6_seed27,0.8354545454545454,11.569497939709214,2200
rule_expert_gate,M6_dense_n6_seed27,0.06363636363636363,0.3020324553721002,2200
sac_continuous,M6_dense_n6_seed27,0.7622727272727273,3.4011357915553857,2200
td3_continuous,M6_dense_n6_seed27,0.9831818181818182,4.143409906070341,2200
dlc_individual_transition,M6_dense_n6_seed28,0.16090909090909092,0.4979082087835865,2200
dlc_joint_transition,M6_dense_n6_seed28,0.03272727272727273,0.3008872746147377,2200
dlc_joint_transition_observer,M6_dense_n6_seed28,0.26454545454545453,0.7252057724460742,2200
ours_dnq_dlc,M6_dense_n6_seed28,0.1159090909090909,0.6715335405962841,2200
ppo_continuous,M6_dense_n6_seed28,0.87,17.35564392291073,2200
rule_expert_gate,M6_dense_n6_seed28,0.11045454545454546,0.39415294589233035,2200
sac_continuous,M6_dense_n6_seed28,0.7627272727272727,3.318748346060853,2200
td3_continuous,M6_dense_n6_seed28,0.9831818181818182,6.375890386497432,2200
dlc_individual_transition,M6_dense_n6_seed29,0.48409090909090907,0.8949970033856649,2200
dlc_joint_transition,M6_dense_n6_seed29,0.05909090909090909,0.6464523358840895,2200
dlc_joint_transition_observer,M6_dense_n6_seed29,0.7009090909090909,2.723638492321426,2200
ours_dnq_dlc,M6_dense_n6_seed29,0.13136363636363638,0.5473568695740753,2200
ppo_continuous,M6_dense_n6_seed29,0.8668181818181818,22.258097893577705,2200
rule_expert_gate,M6_dense_n6_seed29,0.4763636363636364,1.3179712334970364,2200
sac_continuous,M6_dense_n6_seed29,0.6831818181818182,6.607658953463489,2200
td3_continuous,M6_dense_n6_seed29,0.9718181818181818,11.651909647299485,2200
dlc_individual_transition,M6_dense_n6_seed30,0.5863636363636363,1.1389959663891949,2200
dlc_joint_transition,M6_dense_n6_seed30,0.13,0.7155811615032673,2200
dlc_joint_transition_observer,M6_dense_n6_seed30,0.7613636363636364,1.6292592710121112,2200
ours_dnq_dlc,M6_dense_n6_seed30,0.0,0.5215555317164399,2200
ppo_continuous,M6_dense_n6_seed30,0.7895454545454546,6.648383184382533,2200
rule_expert_gate,M6_dense_n6_seed30,0.2872727272727273,1.0434361582286444,2200
sac_continuous,M6_dense_n6_seed30,0.6836363636363636,7.02759492771192,2200
td3_continuous,M6_dense_n6_seed30,0.9754545454545455,5.93918598418886,2200
dlc_individual_transition,M6_dense_n6_seed31,0.14136363636363636,0.47759818888848793,2200
dlc_joint_transition,M6_dense_n6_seed31,0.7831818181818182,1.8085172822123223,2200
dlc_joint_transition_observer,M6_dense_n6_seed31,0.33590909090909093,0.7853860574232584,2200
ours_dnq_dlc,M6_dense_n6_seed31,0.3240909090909091,0.9149359983849519,2200
ppo_continuous,M6_dense_n6_seed31,0.850909090909091,5.258161506640556,2200
rule_expert_gate,M6_dense_n6_seed31,0.33,1.164178201032866,2200
sac_continuous,M6_dense_n6_seed31,0.7645454545454545,3.4394569334895775,2200
td3_continuous,M6_dense_n6_seed31,0.9831818181818182,4.2160169498757885,2200
dlc_individual_transition,M6_dense_n6_seed32,0.053636363636363635,0.6358557971530933,2200
dlc_joint_transition,M6_dense_n6_seed32,0.07727272727272727,0.6599098478704267,2200
dlc_joint_transition_observer,M6_dense_n6_seed32,0.21136363636363636,0.6016200750855337,2200
ours_dnq_dlc,M6_dense_n6_seed32,0.47545454545454546,0.9397539753882632,2200
ppo_continuous,M6_dense_n6_seed32,0.9336363636363636,8.059284965750678,2200
rule_expert_gate,M6_dense_n6_seed32,0.5418181818181819,1.8568552013253794,2200
sac_continuous,M6_dense_n6_seed32,0.6959090909090909,12.472380623472008,2200
td3_continuous,M6_dense_n6_seed32,0.985909090909091,2.4865670155937023,2200
dlc_individual_transition,M8_scale_n8_seed21,0.0,0.37468805272227407,2200
dlc_joint_transition,M8_scale_n8_seed21,0.3859090909090909,1.090842171315592,2200
dlc_joint_transition_observer,M8_scale_n8_seed21,0.0,0.40097549306113,2200
ours_dnq_dlc,M8_scale_n8_seed21,0.17181818181818181,0.7143045940013624,2200
ppo_continuous,M8_scale_n8_seed21,0.980909090909091,3.22629322769967,2200
rule_expert_gate,M8_scale_n8_seed21,0.0,0.15732129379480533,2200
sac_continuous,M8_scale_n8_seed21,0.9336363636363636,3.9015349019509844,2200
td3_continuous,M8_scale_n8_seed21,0.975909090909091,1.2083957233538174,2200
dlc_individual_transition,M8_scale_n8_seed22,0.0,0.2978978592787594,2200
dlc_joint_transition,M8_scale_n8_seed22,0.5772727272727273,1.3244976731432094,2200
dlc_joint_transition_observer,M8_scale_n8_seed22,0.1409090909090909,0.6578542022506736,2200
ours_dnq_dlc,M8_scale_n8_seed22,0.28909090909090907,0.6536579874002333,2200
ppo_continuous,M8_scale_n8_seed22,0.9777272727272728,3.1647942923551255,2200
rule_expert_gate,M8_scale_n8_seed22,0.15954545454545455,0.6484235599445476,2200
sac_continuous,M8_scale_n8_seed22,0.44,6.582300666998685,2200
td3_continuous,M8_scale_n8_seed22,0.98,2.7206754611457953,2200
dlc_individual_transition,M8_scale_n8_seed23,0.04909090909090909,0.6453826057185176,2200
dlc_joint_transition,M8_scale_n8_seed23,0.09636363636363636,0.4017152867551332,2200
dlc_joint_transition_observer,M8_scale_n8_seed23,0.11727272727272728,0.387011023562002,2200
ours_dnq_dlc,M8_scale_n8_seed23,0.042272727272727274,0.5981571563666115,2200
ppo_continuous,M8_scale_n8_seed23,0.9786363636363636,3.160601214007898,2200
rule_expert_gate,M8_scale_n8_seed23,0.40454545454545454,1.7187127811375964,2200
sac_continuous,M8_scale_n8_seed23,0.46863636363636363,3.8885987232393298,2200
td3_continuous,M8_scale_n8_seed23,0.9790909090909091,1.7486783536396582,2200
dlc_individual_transition,M8_scale_n8_seed24,0.0027272727272727275,0.5845672723629898,2200
dlc_joint_transition,M8_scale_n8_seed24,0.3327272727272727,0.7848007634375245,2200
dlc_joint_transition_observer,M8_scale_n8_seed24,0.10636363636363637,0.6840863474864851,2200
ours_dnq_dlc,M8_scale_n8_seed24,0.09136363636363637,0.5713494825341993,2200
ppo_continuous,M8_scale_n8_seed24,0.9245454545454546,5.43923827141608,2200
rule_expert_gate,M8_scale_n8_seed24,0.14727272727272728,0.5924665330151501,2200
sac_continuous,M8_scale_n8_seed24,0.9754545454545455,4.973618082417683,2200
td3_continuous,M8_scale_n8_seed24,0.9881818181818182,3.489729212210937,2200
dlc_individual_transition,M8_scale_n8_seed25,0.40045454545454545,0.9438669613353572,2200
dlc_joint_transition,M8_scale_n8_seed25,0.5036363636363637,1.386901806181466,2200
dlc_joint_transition_observer,M8_scale_n8_seed25,0.27954545454545454,1.691291268451658,2200
ours_dnq_dlc,M8_scale_n8_seed25,0.3018181818181818,0.9238575311258054,2200
ppo_continuous,M8_scale_n8_seed25,0.9781818181818182,3.1862931968271733,2200
rule_expert_gate,M8_scale_n8_seed25,0.6295454545454545,3.483845135623229,2200
sac_continuous,M8_scale_n8_seed25,0.43363636363636365,2.90831569700505,2200
td3_continuous,M8_scale_n8_seed25,0.9790909090909091,1.831914451820141,2200
dlc_individual_transition,M8_scale_n8_seed26,0.2722727272727273,0.7064846289390871,2200
dlc_joint_transition,M8_scale_n8_seed26,0.01818181818181818,0.5346064890418281,2200
dlc_joint_transition_observer,M8_scale_n8_seed26,0.04409090909090909,0.3638977789750127,2200
ours_dnq_dlc,M8_scale_n8_seed26,0.5809090909090909,2.1232361958815122,2200
ppo_continuous,M8_scale_n8_seed26,0.9786363636363636,3.1657413120296867,2200
rule_expert_gate,M8_scale_n8_seed26,0.27954545454545454,1.188421380816726,2200
sac_continuous,M8_scale_n8_seed26,0.4740909090909091,3.8055935473854468,2200
td3_continuous,M8_scale_n8_seed26,0.9795454545454545,1.2856534977953626,2200
dlc_individual_transition,M8_scale_n8_seed27,0.015,0.692125472256501,2200
dlc_joint_transition,M8_scale_n8_seed27,0.015454545454545455,0.690355972858167,2200
dlc_joint_transition_observer,M8_scale_n8_seed27,0.12727272727272726,0.6588095587678253,2200
ours_dnq_dlc,M8_scale_n8_seed27,0.275,0.8974685031692075,2200
ppo_continuous,M8_scale_n8_seed27,0.9777272727272728,3.0900013430281117,2200
rule_expert_gate,M8_scale_n8_seed27,0.06136363636363636,0.4100535057310216,2200
sac_continuous,M8_scale_n8_seed27,0.45681818181818185,2.515027730372577,2200
td3_continuous,M8_scale_n8_seed27,0.980909090909091,7.816680950481783,2200
dlc_individual_transition,M8_scale_n8_seed28,0.0,0.20312794580273807,2200
dlc_joint_transition,M8_scale_n8_seed28,0.017727272727272727,0.6931073623260123,2200
dlc_joint_transition_observer,M8_scale_n8_seed28,0.05227272727272727,0.32767356569715195,2200
ours_dnq_dlc,M8_scale_n8_seed28,0.06136363636363636,0.5635748309508464,2200
ppo_continuous,M8_scale_n8_seed28,0.9777272727272728,3.089024782885205,2200
rule_expert_gate,M8_scale_n8_seed28,0.0,0.19574765365994112,2200
sac_continuous,M8_scale_n8_seed28,0.4659090909090909,2.496818155170966,2200
td3_continuous,M8_scale_n8_seed28,0.9813636363636363,7.812980893592943,2200
dlc_individual_transition,M8_scale_n8_seed29,0.0,0.3806077712679557,2200
dlc_joint_transition,M8_scale_n8_seed29,0.0,0.5505852653991844,2200
dlc_joint_transition_observer,M8_scale_n8_seed29,0.11954545454545455,0.4672832539061545,2200
ours_dnq_dlc,M8_scale_n8_seed29,0.22954545454545455,1.002181334800341,2200
ppo_continuous,M8_scale_n8_seed29,0.9831818181818182,3.1310530054298313,2200
rule_expert_gate,M8_scale_n8_seed29,0.1731818181818182,0.7131865087617718,2200
sac_continuous,M8_scale_n8_seed29,0.9290909090909091,5.52842351752164,2200
td3_continuous,M8_scale_n8_seed29,0.985909090909091,2.481114260066639,2200
dlc_individual_transition,M8_scale_n8_seed30,0.0,0.34381224661126575,2200
dlc_joint_transition,M8_scale_n8_seed30,0.905,18.522824118814686,2200
dlc_joint_transition_observer,M8_scale_n8_seed30,0.011363636363636364,0.40690644960010763,2200
ours_dnq_dlc,M8_scale_n8_seed30,0.22272727272727272,0.8686993305723841,2200
ppo_continuous,M8_scale_n8_seed30,0.9804545454545455,3.175457014035095,2200
rule_expert_gate,M8_scale_n8_seed30,0.25227272727272726,1.1920548197126932,2200
sac_continuous,M8_scale_n8_seed30,0.94,7.115847893666518,2200
td3_continuous,M8_scale_n8_seed30,0.9713636363636363,1.223072902879847,2200
dlc_individual_transition,M8_scale_n8_seed31,0.011363636363636364,0.5562695909378552,2200
dlc_joint_transition,M8_scale_n8_seed31,0.007272727272727273,0.3463435348204009,2200
dlc_joint_transition_observer,M8_scale_n8_seed31,0.5527272727272727,1.2071153080776673,2200
ours_dnq_dlc,M8_scale_n8_seed31,0.17636363636363636,0.6152528709875399,2200
ppo_continuous,M8_scale_n8_seed31,0.9777272727272728,3.0984139513021165,2200
rule_expert_gate,M8_scale_n8_seed31,0.16727272727272727,0.5200080058535773,2200
sac_continuous,M8_scale_n8_seed31,0.46,2.596682980045258,2200
td3_continuous,M8_scale_n8_seed31,0.980909090909091,6.989885970462452,2200
dlc_individual_transition,M8_scale_n8_seed32,0.0,0.308918221734533,2200
dlc_joint_transition,M8_scale_n8_seed32,0.2318181818181818,0.8689153791523793,2200
dlc_joint_transition_observer,M8_scale_n8_seed32,0.07727272727272727,0.5717715167289927,2200
ours_dnq_dlc,M8_scale_n8_seed32,0.14181818181818182,0.8075634836429328,2200
ppo_continuous,M8_scale_n8_seed32,0.9804545454545455,3.2271914318745787,2200
rule_expert_gate,M8_scale_n8_seed32,0.889090909090909,1.7351630547100847,2200
sac_continuous,M8_scale_n8_seed32,0.9240909090909091,1.9702620188456919,2200
td3_continuous,M8_scale_n8_seed32,0.7672727272727272,4.583708292636941,2200
