case_id,track,num_agents,seed,status,returncode,elapsed_sec,case_dir,log_path,missing_summaries,command
hairpin_scaled_n6_seed6101,tracks/hairpin_scaled.npz,6,6101,PASS,0,271.2592418193817,outputs/tits_dynamic_graph_expanded/randomized_attribution_confirmatory_20260710/hairpin_scaled/n6/seed6101,outputs/tits_dynamic_graph_expanded/randomized_attribution_confirmatory_20260710/logs/hairpin_scaled_n6_seed6101.log,,"/home/itrc/.conda/envs/vlm_planner/bin/python scripts/run_tits_dynamic_graph_evaluation.py --config configs/tits_dnq_attribution_ablation_20260710.json --algorithms dnq_dlc_full,dnq_w_o_dynamic_selection,dnq_nearest_neighbor,dnq_w_o_quality_proposal,dnq_w_o_risk_uncertainty,dnq_w_o_safety_quality,dnq_w_o_rule_anchor,dnq_w_o_handcrafted_candidates,dnq_w_o_hard_recovery --out-dir outputs/tits_dynamic_graph_expanded/randomized_attribution_confirmatory_20260710/hairpin_scaled/n6/seed6101 --num-agents 6 --seed 6101 --max-steps 600 --finish-mode steps --observation-type telemetry_dynamic --env-max-neighbors 0 --track-path tracks/hairpin_scaled.npz --traffic-profile slow_traffic --randomize-scenario --no-gif --device cuda:0"
hairpin_scaled_n6_seed6102,tracks/hairpin_scaled.npz,6,6102,PASS,0,354.82657384872437,outputs/tits_dynamic_graph_expanded/randomized_attribution_confirmatory_20260710/hairpin_scaled/n6/seed6102,outputs/tits_dynamic_graph_expanded/randomized_attribution_confirmatory_20260710/logs/hairpin_scaled_n6_seed6102.log,,"/home/itrc/.conda/envs/vlm_planner/bin/python scripts/run_tits_dynamic_graph_evaluation.py --config configs/tits_dnq_attribution_ablation_20260710.json --algorithms dnq_dlc_full,dnq_w_o_dynamic_selection,dnq_nearest_neighbor,dnq_w_o_quality_proposal,dnq_w_o_risk_uncertainty,dnq_w_o_safety_quality,dnq_w_o_rule_anchor,dnq_w_o_handcrafted_candidates,dnq_w_o_hard_recovery --out-dir outputs/tits_dynamic_graph_expanded/randomized_attribution_confirmatory_20260710/hairpin_scaled/n6/seed6102 --num-agents 6 --seed 6102 --max-steps 600 --finish-mode steps --observation-type telemetry_dynamic --env-max-neighbors 0 --track-path tracks/hairpin_scaled.npz --traffic-profile slow_traffic --randomize-scenario --no-gif --device cuda:0"
hairpin_scaled_n6_seed6103,tracks/hairpin_scaled.npz,6,6103,PASS,0,414.8263063430786,outputs/tits_dynamic_graph_expanded/randomized_attribution_confirmatory_20260710/hairpin_scaled/n6/seed6103,outputs/tits_dynamic_graph_expanded/randomized_attribution_confirmatory_20260710/logs/hairpin_scaled_n6_seed6103.log,,"/home/itrc/.conda/envs/vlm_planner/bin/python scripts/run_tits_dynamic_graph_evaluation.py --config configs/tits_dnq_attribution_ablation_20260710.json --algorithms dnq_dlc_full,dnq_w_o_dynamic_selection,dnq_nearest_neighbor,dnq_w_o_quality_proposal,dnq_w_o_risk_uncertainty,dnq_w_o_safety_quality,dnq_w_o_rule_anchor,dnq_w_o_handcrafted_candidates,dnq_w_o_hard_recovery --out-dir outputs/tits_dynamic_graph_expanded/randomized_attribution_confirmatory_20260710/hairpin_scaled/n6/seed6103 --num-agents 6 --seed 6103 --max-steps 600 --finish-mode steps --observation-type telemetry_dynamic --env-max-neighbors 0 --track-path tracks/hairpin_scaled.npz --traffic-profile slow_traffic --randomize-scenario --no-gif --device cuda:0"
hairpin_scaled_n6_seed6104,tracks/hairpin_scaled.npz,6,6104,PASS,0,439.20394492149353,outputs/tits_dynamic_graph_expanded/randomized_attribution_confirmatory_20260710/hairpin_scaled/n6/seed6104,outputs/tits_dynamic_graph_expanded/randomized_attribution_confirmatory_20260710/logs/hairpin_scaled_n6_seed6104.log,,"/home/itrc/.conda/envs/vlm_planner/bin/python scripts/run_tits_dynamic_graph_evaluation.py --config configs/tits_dnq_attribution_ablation_20260710.json --algorithms dnq_dlc_full,dnq_w_o_dynamic_selection,dnq_nearest_neighbor,dnq_w_o_quality_proposal,dnq_w_o_risk_uncertainty,dnq_w_o_safety_quality,dnq_w_o_rule_anchor,dnq_w_o_handcrafted_candidates,dnq_w_o_hard_recovery --out-dir outputs/tits_dynamic_graph_expanded/randomized_attribution_confirmatory_20260710/hairpin_scaled/n6/seed6104 --num-agents 6 --seed 6104 --max-steps 600 --finish-mode steps --observation-type telemetry_dynamic --env-max-neighbors 0 --track-path tracks/hairpin_scaled.npz --traffic-profile slow_traffic --randomize-scenario --no-gif --device cuda:0"
hairpin_scaled_n6_seed6105,tracks/hairpin_scaled.npz,6,6105,PASS,0,430.66839838027954,outputs/tits_dynamic_graph_expanded/randomized_attribution_confirmatory_20260710/hairpin_scaled/n6/seed6105,outputs/tits_dynamic_graph_expanded/randomized_attribution_confirmatory_20260710/logs/hairpin_scaled_n6_seed6105.log,,"/home/itrc/.conda/envs/vlm_planner/bin/python scripts/run_tits_dynamic_graph_evaluation.py --config configs/tits_dnq_attribution_ablation_20260710.json --algorithms dnq_dlc_full,dnq_w_o_dynamic_selection,dnq_nearest_neighbor,dnq_w_o_quality_proposal,dnq_w_o_risk_uncertainty,dnq_w_o_safety_quality,dnq_w_o_rule_anchor,dnq_w_o_handcrafted_candidates,dnq_w_o_hard_recovery --out-dir outputs/tits_dynamic_graph_expanded/randomized_attribution_confirmatory_20260710/hairpin_scaled/n6/seed6105 --num-agents 6 --seed 6105 --max-steps 600 --finish-mode steps --observation-type telemetry_dynamic --env-max-neighbors 0 --track-path tracks/hairpin_scaled.npz --traffic-profile slow_traffic --randomize-scenario --no-gif --device cuda:0"
hairpin_scaled_n6_seed6106,tracks/hairpin_scaled.npz,6,6106,PASS,0,352.2300925254822,outputs/tits_dynamic_graph_expanded/randomized_attribution_confirmatory_20260710/hairpin_scaled/n6/seed6106,outputs/tits_dynamic_graph_expanded/randomized_attribution_confirmatory_20260710/logs/hairpin_scaled_n6_seed6106.log,,"/home/itrc/.conda/envs/vlm_planner/bin/python scripts/run_tits_dynamic_graph_evaluation.py --config configs/tits_dnq_attribution_ablation_20260710.json --algorithms dnq_dlc_full,dnq_w_o_dynamic_selection,dnq_nearest_neighbor,dnq_w_o_quality_proposal,dnq_w_o_risk_uncertainty,dnq_w_o_safety_quality,dnq_w_o_rule_anchor,dnq_w_o_handcrafted_candidates,dnq_w_o_hard_recovery --out-dir outputs/tits_dynamic_graph_expanded/randomized_attribution_confirmatory_20260710/hairpin_scaled/n6/seed6106 --num-agents 6 --seed 6106 --max-steps 600 --finish-mode steps --observation-type telemetry_dynamic --env-max-neighbors 0 --track-path tracks/hairpin_scaled.npz --traffic-profile slow_traffic --randomize-scenario --no-gif --device cuda:0"
hairpin_scaled_n6_seed6107,tracks/hairpin_scaled.npz,6,6107,PASS,0,347.5278193950653,outputs/tits_dynamic_graph_expanded/randomized_attribution_confirmatory_20260710/hairpin_scaled/n6/seed6107,outputs/tits_dynamic_graph_expanded/randomized_attribution_confirmatory_20260710/logs/hairpin_scaled_n6_seed6107.log,,"/home/itrc/.conda/envs/vlm_planner/bin/python scripts/run_tits_dynamic_graph_evaluation.py --config configs/tits_dnq_attribution_ablation_20260710.json --algorithms dnq_dlc_full,dnq_w_o_dynamic_selection,dnq_nearest_neighbor,dnq_w_o_quality_proposal,dnq_w_o_risk_uncertainty,dnq_w_o_safety_quality,dnq_w_o_rule_anchor,dnq_w_o_handcrafted_candidates,dnq_w_o_hard_recovery --out-dir outputs/tits_dynamic_graph_expanded/randomized_attribution_confirmatory_20260710/hairpin_scaled/n6/seed6107 --num-agents 6 --seed 6107 --max-steps 600 --finish-mode steps --observation-type telemetry_dynamic --env-max-neighbors 0 --track-path tracks/hairpin_scaled.npz --traffic-profile slow_traffic --randomize-scenario --no-gif --device cuda:0"
hairpin_scaled_n6_seed6108,tracks/hairpin_scaled.npz,6,6108,PASS,0,377.19502234458923,outputs/tits_dynamic_graph_expanded/randomized_attribution_confirmatory_20260710/hairpin_scaled/n6/seed6108,outputs/tits_dynamic_graph_expanded/randomized_attribution_confirmatory_20260710/logs/hairpin_scaled_n6_seed6108.log,,"/home/itrc/.conda/envs/vlm_planner/bin/python scripts/run_tits_dynamic_graph_evaluation.py --config configs/tits_dnq_attribution_ablation_20260710.json --algorithms dnq_dlc_full,dnq_w_o_dynamic_selection,dnq_nearest_neighbor,dnq_w_o_quality_proposal,dnq_w_o_risk_uncertainty,dnq_w_o_safety_quality,dnq_w_o_rule_anchor,dnq_w_o_handcrafted_candidates,dnq_w_o_hard_recovery --out-dir outputs/tits_dynamic_graph_expanded/randomized_attribution_confirmatory_20260710/hairpin_scaled/n6/seed6108 --num-agents 6 --seed 6108 --max-steps 600 --finish-mode steps --observation-type telemetry_dynamic --env-max-neighbors 0 --track-path tracks/hairpin_scaled.npz --traffic-profile slow_traffic --randomize-scenario --no-gif --device cuda:0"
hairpin_scaled_n8_seed6101,tracks/hairpin_scaled.npz,8,6101,PASS,0,408.0757417678833,outputs/tits_dynamic_graph_expanded/randomized_attribution_confirmatory_20260710/hairpin_scaled/n8/seed6101,outputs/tits_dynamic_graph_expanded/randomized_attribution_confirmatory_20260710/logs/hairpin_scaled_n8_seed6101.log,,"/home/itrc/.conda/envs/vlm_planner/bin/python scripts/run_tits_dynamic_graph_evaluation.py --config configs/tits_dnq_attribution_ablation_20260710.json --algorithms dnq_dlc_full,dnq_w_o_dynamic_selection,dnq_nearest_neighbor,dnq_w_o_quality_proposal,dnq_w_o_risk_uncertainty,dnq_w_o_safety_quality,dnq_w_o_rule_anchor,dnq_w_o_handcrafted_candidates,dnq_w_o_hard_recovery --out-dir outputs/tits_dynamic_graph_expanded/randomized_attribution_confirmatory_20260710/hairpin_scaled/n8/seed6101 --num-agents 8 --seed 6101 --max-steps 600 --finish-mode steps --observation-type telemetry_dynamic --env-max-neighbors 0 --track-path tracks/hairpin_scaled.npz --traffic-profile slow_traffic --randomize-scenario --no-gif --device cuda:0"
hairpin_scaled_n8_seed6102,tracks/hairpin_scaled.npz,8,6102,PASS,0,504.0602478981018,outputs/tits_dynamic_graph_expanded/randomized_attribution_confirmatory_20260710/hairpin_scaled/n8/seed6102,outputs/tits_dynamic_graph_expanded/randomized_attribution_confirmatory_20260710/logs/hairpin_scaled_n8_seed6102.log,,"/home/itrc/.conda/envs/vlm_planner/bin/python scripts/run_tits_dynamic_graph_evaluation.py --config configs/tits_dnq_attribution_ablation_20260710.json --algorithms dnq_dlc_full,dnq_w_o_dynamic_selection,dnq_nearest_neighbor,dnq_w_o_quality_proposal,dnq_w_o_risk_uncertainty,dnq_w_o_safety_quality,dnq_w_o_rule_anchor,dnq_w_o_handcrafted_candidates,dnq_w_o_hard_recovery --out-dir outputs/tits_dynamic_graph_expanded/randomized_attribution_confirmatory_20260710/hairpin_scaled/n8/seed6102 --num-agents 8 --seed 6102 --max-steps 600 --finish-mode steps --observation-type telemetry_dynamic --env-max-neighbors 0 --track-path tracks/hairpin_scaled.npz --traffic-profile slow_traffic --randomize-scenario --no-gif --device cuda:0"
hairpin_scaled_n8_seed6103,tracks/hairpin_scaled.npz,8,6103,PASS,0,416.2600853443146,outputs/tits_dynamic_graph_expanded/randomized_attribution_confirmatory_20260710/hairpin_scaled/n8/seed6103,outputs/tits_dynamic_graph_expanded/randomized_attribution_confirmatory_20260710/logs/hairpin_scaled_n8_seed6103.log,,"/home/itrc/.conda/envs/vlm_planner/bin/python scripts/run_tits_dynamic_graph_evaluation.py --config configs/tits_dnq_attribution_ablation_20260710.json --algorithms dnq_dlc_full,dnq_w_o_dynamic_selection,dnq_nearest_neighbor,dnq_w_o_quality_proposal,dnq_w_o_risk_uncertainty,dnq_w_o_safety_quality,dnq_w_o_rule_anchor,dnq_w_o_handcrafted_candidates,dnq_w_o_hard_recovery --out-dir outputs/tits_dynamic_graph_expanded/randomized_attribution_confirmatory_20260710/hairpin_scaled/n8/seed6103 --num-agents 8 --seed 6103 --max-steps 600 --finish-mode steps --observation-type telemetry_dynamic --env-max-neighbors 0 --track-path tracks/hairpin_scaled.npz --traffic-profile slow_traffic --randomize-scenario --no-gif --device cuda:0"
hairpin_scaled_n8_seed6104,tracks/hairpin_scaled.npz,8,6104,PASS,0,461.64125752449036,outputs/tits_dynamic_graph_expanded/randomized_attribution_confirmatory_20260710/hairpin_scaled/n8/seed6104,outputs/tits_dynamic_graph_expanded/randomized_attribution_confirmatory_20260710/logs/hairpin_scaled_n8_seed6104.log,,"/home/itrc/.conda/envs/vlm_planner/bin/python scripts/run_tits_dynamic_graph_evaluation.py --config configs/tits_dnq_attribution_ablation_20260710.json --algorithms dnq_dlc_full,dnq_w_o_dynamic_selection,dnq_nearest_neighbor,dnq_w_o_quality_proposal,dnq_w_o_risk_uncertainty,dnq_w_o_safety_quality,dnq_w_o_rule_anchor,dnq_w_o_handcrafted_candidates,dnq_w_o_hard_recovery --out-dir outputs/tits_dynamic_graph_expanded/randomized_attribution_confirmatory_20260710/hairpin_scaled/n8/seed6104 --num-agents 8 --seed 6104 --max-steps 600 --finish-mode steps --observation-type telemetry_dynamic --env-max-neighbors 0 --track-path tracks/hairpin_scaled.npz --traffic-profile slow_traffic --randomize-scenario --no-gif --device cuda:0"
hairpin_scaled_n8_seed6105,tracks/hairpin_scaled.npz,8,6105,PASS,0,605.2027909755707,outputs/tits_dynamic_graph_expanded/randomized_attribution_confirmatory_20260710/hairpin_scaled/n8/seed6105,outputs/tits_dynamic_graph_expanded/randomized_attribution_confirmatory_20260710/logs/hairpin_scaled_n8_seed6105.log,,"/home/itrc/.conda/envs/vlm_planner/bin/python scripts/run_tits_dynamic_graph_evaluation.py --config configs/tits_dnq_attribution_ablation_20260710.json --algorithms dnq_dlc_full,dnq_w_o_dynamic_selection,dnq_nearest_neighbor,dnq_w_o_quality_proposal,dnq_w_o_risk_uncertainty,dnq_w_o_safety_quality,dnq_w_o_rule_anchor,dnq_w_o_handcrafted_candidates,dnq_w_o_hard_recovery --out-dir outputs/tits_dynamic_graph_expanded/randomized_attribution_confirmatory_20260710/hairpin_scaled/n8/seed6105 --num-agents 8 --seed 6105 --max-steps 600 --finish-mode steps --observation-type telemetry_dynamic --env-max-neighbors 0 --track-path tracks/hairpin_scaled.npz --traffic-profile slow_traffic --randomize-scenario --no-gif --device cuda:0"
hairpin_scaled_n8_seed6106,tracks/hairpin_scaled.npz,8,6106,PASS,0,570.7079329490662,outputs/tits_dynamic_graph_expanded/randomized_attribution_confirmatory_20260710/hairpin_scaled/n8/seed6106,outputs/tits_dynamic_graph_expanded/randomized_attribution_confirmatory_20260710/logs/hairpin_scaled_n8_seed6106.log,,"/home/itrc/.conda/envs/vlm_planner/bin/python scripts/run_tits_dynamic_graph_evaluation.py --config configs/tits_dnq_attribution_ablation_20260710.json --algorithms dnq_dlc_full,dnq_w_o_dynamic_selection,dnq_nearest_neighbor,dnq_w_o_quality_proposal,dnq_w_o_risk_uncertainty,dnq_w_o_safety_quality,dnq_w_o_rule_anchor,dnq_w_o_handcrafted_candidates,dnq_w_o_hard_recovery --out-dir outputs/tits_dynamic_graph_expanded/randomized_attribution_confirmatory_20260710/hairpin_scaled/n8/seed6106 --num-agents 8 --seed 6106 --max-steps 600 --finish-mode steps --observation-type telemetry_dynamic --env-max-neighbors 0 --track-path tracks/hairpin_scaled.npz --traffic-profile slow_traffic --randomize-scenario --no-gif --device cuda:0"
hairpin_scaled_n8_seed6107,tracks/hairpin_scaled.npz,8,6107,PASS,0,553.4098281860352,outputs/tits_dynamic_graph_expanded/randomized_attribution_confirmatory_20260710/hairpin_scaled/n8/seed6107,outputs/tits_dynamic_graph_expanded/randomized_attribution_confirmatory_20260710/logs/hairpin_scaled_n8_seed6107.log,,"/home/itrc/.conda/envs/vlm_planner/bin/python scripts/run_tits_dynamic_graph_evaluation.py --config configs/tits_dnq_attribution_ablation_20260710.json --algorithms dnq_dlc_full,dnq_w_o_dynamic_selection,dnq_nearest_neighbor,dnq_w_o_quality_proposal,dnq_w_o_risk_uncertainty,dnq_w_o_safety_quality,dnq_w_o_rule_anchor,dnq_w_o_handcrafted_candidates,dnq_w_o_hard_recovery --out-dir outputs/tits_dynamic_graph_expanded/randomized_attribution_confirmatory_20260710/hairpin_scaled/n8/seed6107 --num-agents 8 --seed 6107 --max-steps 600 --finish-mode steps --observation-type telemetry_dynamic --env-max-neighbors 0 --track-path tracks/hairpin_scaled.npz --traffic-profile slow_traffic --randomize-scenario --no-gif --device cuda:0"
hairpin_scaled_n8_seed6108,tracks/hairpin_scaled.npz,8,6108,PASS,0,491.89474415779114,outputs/tits_dynamic_graph_expanded/randomized_attribution_confirmatory_20260710/hairpin_scaled/n8/seed6108,outputs/tits_dynamic_graph_expanded/randomized_attribution_confirmatory_20260710/logs/hairpin_scaled_n8_seed6108.log,,"/home/itrc/.conda/envs/vlm_planner/bin/python scripts/run_tits_dynamic_graph_evaluation.py --config configs/tits_dnq_attribution_ablation_20260710.json --algorithms dnq_dlc_full,dnq_w_o_dynamic_selection,dnq_nearest_neighbor,dnq_w_o_quality_proposal,dnq_w_o_risk_uncertainty,dnq_w_o_safety_quality,dnq_w_o_rule_anchor,dnq_w_o_handcrafted_candidates,dnq_w_o_hard_recovery --out-dir outputs/tits_dynamic_graph_expanded/randomized_attribution_confirmatory_20260710/hairpin_scaled/n8/seed6108 --num-agents 8 --seed 6108 --max-steps 600 --finish-mode steps --observation-type telemetry_dynamic --env-max-neighbors 0 --track-path tracks/hairpin_scaled.npz --traffic-profile slow_traffic --randomize-scenario --no-gif --device cuda:0"
s_curve_scaled_n6_seed6101,tracks/s_curve_scaled.npz,6,6101,PASS,0,571.3691298961639,outputs/tits_dynamic_graph_expanded/randomized_attribution_confirmatory_20260710/s_curve_scaled/n6/seed6101,outputs/tits_dynamic_graph_expanded/randomized_attribution_confirmatory_20260710/logs/s_curve_scaled_n6_seed6101.log,,"/home/itrc/.conda/envs/vlm_planner/bin/python scripts/run_tits_dynamic_graph_evaluation.py --config configs/tits_dnq_attribution_ablation_20260710.json --algorithms dnq_dlc_full,dnq_w_o_dynamic_selection,dnq_nearest_neighbor,dnq_w_o_quality_proposal,dnq_w_o_risk_uncertainty,dnq_w_o_safety_quality,dnq_w_o_rule_anchor,dnq_w_o_handcrafted_candidates,dnq_w_o_hard_recovery --out-dir outputs/tits_dynamic_graph_expanded/randomized_attribution_confirmatory_20260710/s_curve_scaled/n6/seed6101 --num-agents 6 --seed 6101 --max-steps 600 --finish-mode steps --observation-type telemetry_dynamic --env-max-neighbors 0 --track-path tracks/s_curve_scaled.npz --traffic-profile slow_traffic --randomize-scenario --no-gif --device cuda:0"
s_curve_scaled_n6_seed6102,tracks/s_curve_scaled.npz,6,6102,PASS,0,563.9944779872894,outputs/tits_dynamic_graph_expanded/randomized_attribution_confirmatory_20260710/s_curve_scaled/n6/seed6102,outputs/tits_dynamic_graph_expanded/randomized_attribution_confirmatory_20260710/logs/s_curve_scaled_n6_seed6102.log,,"/home/itrc/.conda/envs/vlm_planner/bin/python scripts/run_tits_dynamic_graph_evaluation.py --config configs/tits_dnq_attribution_ablation_20260710.json --algorithms dnq_dlc_full,dnq_w_o_dynamic_selection,dnq_nearest_neighbor,dnq_w_o_quality_proposal,dnq_w_o_risk_uncertainty,dnq_w_o_safety_quality,dnq_w_o_rule_anchor,dnq_w_o_handcrafted_candidates,dnq_w_o_hard_recovery --out-dir outputs/tits_dynamic_graph_expanded/randomized_attribution_confirmatory_20260710/s_curve_scaled/n6/seed6102 --num-agents 6 --seed 6102 --max-steps 600 --finish-mode steps --observation-type telemetry_dynamic --env-max-neighbors 0 --track-path tracks/s_curve_scaled.npz --traffic-profile slow_traffic --randomize-scenario --no-gif --device cuda:0"
s_curve_scaled_n6_seed6103,tracks/s_curve_scaled.npz,6,6103,PASS,0,535.532769203186,outputs/tits_dynamic_graph_expanded/randomized_attribution_confirmatory_20260710/s_curve_scaled/n6/seed6103,outputs/tits_dynamic_graph_expanded/randomized_attribution_confirmatory_20260710/logs/s_curve_scaled_n6_seed6103.log,,"/home/itrc/.conda/envs/vlm_planner/bin/python scripts/run_tits_dynamic_graph_evaluation.py --config configs/tits_dnq_attribution_ablation_20260710.json --algorithms dnq_dlc_full,dnq_w_o_dynamic_selection,dnq_nearest_neighbor,dnq_w_o_quality_proposal,dnq_w_o_risk_uncertainty,dnq_w_o_safety_quality,dnq_w_o_rule_anchor,dnq_w_o_handcrafted_candidates,dnq_w_o_hard_recovery --out-dir outputs/tits_dynamic_graph_expanded/randomized_attribution_confirmatory_20260710/s_curve_scaled/n6/seed6103 --num-agents 6 --seed 6103 --max-steps 600 --finish-mode steps --observation-type telemetry_dynamic --env-max-neighbors 0 --track-path tracks/s_curve_scaled.npz --traffic-profile slow_traffic --randomize-scenario --no-gif --device cuda:0"
s_curve_scaled_n6_seed6104,tracks/s_curve_scaled.npz,6,6104,PASS,0,283.88854455947876,outputs/tits_dynamic_graph_expanded/randomized_attribution_confirmatory_20260710/s_curve_scaled/n6/seed6104,outputs/tits_dynamic_graph_expanded/randomized_attribution_confirmatory_20260710/logs/s_curve_scaled_n6_seed6104.log,,"/home/itrc/.conda/envs/vlm_planner/bin/python scripts/run_tits_dynamic_graph_evaluation.py --config configs/tits_dnq_attribution_ablation_20260710.json --algorithms dnq_dlc_full,dnq_w_o_dynamic_selection,dnq_nearest_neighbor,dnq_w_o_quality_proposal,dnq_w_o_risk_uncertainty,dnq_w_o_safety_quality,dnq_w_o_rule_anchor,dnq_w_o_handcrafted_candidates,dnq_w_o_hard_recovery --out-dir outputs/tits_dynamic_graph_expanded/randomized_attribution_confirmatory_20260710/s_curve_scaled/n6/seed6104 --num-agents 6 --seed 6104 --max-steps 600 --finish-mode steps --observation-type telemetry_dynamic --env-max-neighbors 0 --track-path tracks/s_curve_scaled.npz --traffic-profile slow_traffic --randomize-scenario --no-gif --device cuda:0"
s_curve_scaled_n6_seed6105,tracks/s_curve_scaled.npz,6,6105,PASS,0,584.8834023475647,outputs/tits_dynamic_graph_expanded/randomized_attribution_confirmatory_20260710/s_curve_scaled/n6/seed6105,outputs/tits_dynamic_graph_expanded/randomized_attribution_confirmatory_20260710/logs/s_curve_scaled_n6_seed6105.log,,"/home/itrc/.conda/envs/vlm_planner/bin/python scripts/run_tits_dynamic_graph_evaluation.py --config configs/tits_dnq_attribution_ablation_20260710.json --algorithms dnq_dlc_full,dnq_w_o_dynamic_selection,dnq_nearest_neighbor,dnq_w_o_quality_proposal,dnq_w_o_risk_uncertainty,dnq_w_o_safety_quality,dnq_w_o_rule_anchor,dnq_w_o_handcrafted_candidates,dnq_w_o_hard_recovery --out-dir outputs/tits_dynamic_graph_expanded/randomized_attribution_confirmatory_20260710/s_curve_scaled/n6/seed6105 --num-agents 6 --seed 6105 --max-steps 600 --finish-mode steps --observation-type telemetry_dynamic --env-max-neighbors 0 --track-path tracks/s_curve_scaled.npz --traffic-profile slow_traffic --randomize-scenario --no-gif --device cuda:0"
s_curve_scaled_n6_seed6106,tracks/s_curve_scaled.npz,6,6106,PASS,0,460.6917462348938,outputs/tits_dynamic_graph_expanded/randomized_attribution_confirmatory_20260710/s_curve_scaled/n6/seed6106,outputs/tits_dynamic_graph_expanded/randomized_attribution_confirmatory_20260710/logs/s_curve_scaled_n6_seed6106.log,,"/home/itrc/.conda/envs/vlm_planner/bin/python scripts/run_tits_dynamic_graph_evaluation.py --config configs/tits_dnq_attribution_ablation_20260710.json --algorithms dnq_dlc_full,dnq_w_o_dynamic_selection,dnq_nearest_neighbor,dnq_w_o_quality_proposal,dnq_w_o_risk_uncertainty,dnq_w_o_safety_quality,dnq_w_o_rule_anchor,dnq_w_o_handcrafted_candidates,dnq_w_o_hard_recovery --out-dir outputs/tits_dynamic_graph_expanded/randomized_attribution_confirmatory_20260710/s_curve_scaled/n6/seed6106 --num-agents 6 --seed 6106 --max-steps 600 --finish-mode steps --observation-type telemetry_dynamic --env-max-neighbors 0 --track-path tracks/s_curve_scaled.npz --traffic-profile slow_traffic --randomize-scenario --no-gif --device cuda:0"
s_curve_scaled_n6_seed6107,tracks/s_curve_scaled.npz,6,6107,PASS,0,538.0166370868683,outputs/tits_dynamic_graph_expanded/randomized_attribution_confirmatory_20260710/s_curve_scaled/n6/seed6107,outputs/tits_dynamic_graph_expanded/randomized_attribution_confirmatory_20260710/logs/s_curve_scaled_n6_seed6107.log,,"/home/itrc/.conda/envs/vlm_planner/bin/python scripts/run_tits_dynamic_graph_evaluation.py --config configs/tits_dnq_attribution_ablation_20260710.json --algorithms dnq_dlc_full,dnq_w_o_dynamic_selection,dnq_nearest_neighbor,dnq_w_o_quality_proposal,dnq_w_o_risk_uncertainty,dnq_w_o_safety_quality,dnq_w_o_rule_anchor,dnq_w_o_handcrafted_candidates,dnq_w_o_hard_recovery --out-dir outputs/tits_dynamic_graph_expanded/randomized_attribution_confirmatory_20260710/s_curve_scaled/n6/seed6107 --num-agents 6 --seed 6107 --max-steps 600 --finish-mode steps --observation-type telemetry_dynamic --env-max-neighbors 0 --track-path tracks/s_curve_scaled.npz --traffic-profile slow_traffic --randomize-scenario --no-gif --device cuda:0"
s_curve_scaled_n6_seed6108,tracks/s_curve_scaled.npz,6,6108,PASS,0,576.0829968452454,outputs/tits_dynamic_graph_expanded/randomized_attribution_confirmatory_20260710/s_curve_scaled/n6/seed6108,outputs/tits_dynamic_graph_expanded/randomized_attribution_confirmatory_20260710/logs/s_curve_scaled_n6_seed6108.log,,"/home/itrc/.conda/envs/vlm_planner/bin/python scripts/run_tits_dynamic_graph_evaluation.py --config configs/tits_dnq_attribution_ablation_20260710.json --algorithms dnq_dlc_full,dnq_w_o_dynamic_selection,dnq_nearest_neighbor,dnq_w_o_quality_proposal,dnq_w_o_risk_uncertainty,dnq_w_o_safety_quality,dnq_w_o_rule_anchor,dnq_w_o_handcrafted_candidates,dnq_w_o_hard_recovery --out-dir outputs/tits_dynamic_graph_expanded/randomized_attribution_confirmatory_20260710/s_curve_scaled/n6/seed6108 --num-agents 6 --seed 6108 --max-steps 600 --finish-mode steps --observation-type telemetry_dynamic --env-max-neighbors 0 --track-path tracks/s_curve_scaled.npz --traffic-profile slow_traffic --randomize-scenario --no-gif --device cuda:0"
s_curve_scaled_n8_seed6101,tracks/s_curve_scaled.npz,8,6101,PASS,0,589.8677089214325,outputs/tits_dynamic_graph_expanded/randomized_attribution_confirmatory_20260710/s_curve_scaled/n8/seed6101,outputs/tits_dynamic_graph_expanded/randomized_attribution_confirmatory_20260710/logs/s_curve_scaled_n8_seed6101.log,,"/home/itrc/.conda/envs/vlm_planner/bin/python scripts/run_tits_dynamic_graph_evaluation.py --config configs/tits_dnq_attribution_ablation_20260710.json --algorithms dnq_dlc_full,dnq_w_o_dynamic_selection,dnq_nearest_neighbor,dnq_w_o_quality_proposal,dnq_w_o_risk_uncertainty,dnq_w_o_safety_quality,dnq_w_o_rule_anchor,dnq_w_o_handcrafted_candidates,dnq_w_o_hard_recovery --out-dir outputs/tits_dynamic_graph_expanded/randomized_attribution_confirmatory_20260710/s_curve_scaled/n8/seed6101 --num-agents 8 --seed 6101 --max-steps 600 --finish-mode steps --observation-type telemetry_dynamic --env-max-neighbors 0 --track-path tracks/s_curve_scaled.npz --traffic-profile slow_traffic --randomize-scenario --no-gif --device cuda:0"
s_curve_scaled_n8_seed6102,tracks/s_curve_scaled.npz,8,6102,PASS,0,574.8505175113678,outputs/tits_dynamic_graph_expanded/randomized_attribution_confirmatory_20260710/s_curve_scaled/n8/seed6102,outputs/tits_dynamic_graph_expanded/randomized_attribution_confirmatory_20260710/logs/s_curve_scaled_n8_seed6102.log,,"/home/itrc/.conda/envs/vlm_planner/bin/python scripts/run_tits_dynamic_graph_evaluation.py --config configs/tits_dnq_attribution_ablation_20260710.json --algorithms dnq_dlc_full,dnq_w_o_dynamic_selection,dnq_nearest_neighbor,dnq_w_o_quality_proposal,dnq_w_o_risk_uncertainty,dnq_w_o_safety_quality,dnq_w_o_rule_anchor,dnq_w_o_handcrafted_candidates,dnq_w_o_hard_recovery --out-dir outputs/tits_dynamic_graph_expanded/randomized_attribution_confirmatory_20260710/s_curve_scaled/n8/seed6102 --num-agents 8 --seed 6102 --max-steps 600 --finish-mode steps --observation-type telemetry_dynamic --env-max-neighbors 0 --track-path tracks/s_curve_scaled.npz --traffic-profile slow_traffic --randomize-scenario --no-gif --device cuda:0"
s_curve_scaled_n8_seed6103,tracks/s_curve_scaled.npz,8,6103,PASS,0,589.0951774120331,outputs/tits_dynamic_graph_expanded/randomized_attribution_confirmatory_20260710/s_curve_scaled/n8/seed6103,outputs/tits_dynamic_graph_expanded/randomized_attribution_confirmatory_20260710/logs/s_curve_scaled_n8_seed6103.log,,"/home/itrc/.conda/envs/vlm_planner/bin/python scripts/run_tits_dynamic_graph_evaluation.py --config configs/tits_dnq_attribution_ablation_20260710.json --algorithms dnq_dlc_full,dnq_w_o_dynamic_selection,dnq_nearest_neighbor,dnq_w_o_quality_proposal,dnq_w_o_risk_uncertainty,dnq_w_o_safety_quality,dnq_w_o_rule_anchor,dnq_w_o_handcrafted_candidates,dnq_w_o_hard_recovery --out-dir outputs/tits_dynamic_graph_expanded/randomized_attribution_confirmatory_20260710/s_curve_scaled/n8/seed6103 --num-agents 8 --seed 6103 --max-steps 600 --finish-mode steps --observation-type telemetry_dynamic --env-max-neighbors 0 --track-path tracks/s_curve_scaled.npz --traffic-profile slow_traffic --randomize-scenario --no-gif --device cuda:0"
s_curve_scaled_n8_seed6104,tracks/s_curve_scaled.npz,8,6104,PASS,0,486.7324812412262,outputs/tits_dynamic_graph_expanded/randomized_attribution_confirmatory_20260710/s_curve_scaled/n8/seed6104,outputs/tits_dynamic_graph_expanded/randomized_attribution_confirmatory_20260710/logs/s_curve_scaled_n8_seed6104.log,,"/home/itrc/.conda/envs/vlm_planner/bin/python scripts/run_tits_dynamic_graph_evaluation.py --config configs/tits_dnq_attribution_ablation_20260710.json --algorithms dnq_dlc_full,dnq_w_o_dynamic_selection,dnq_nearest_neighbor,dnq_w_o_quality_proposal,dnq_w_o_risk_uncertainty,dnq_w_o_safety_quality,dnq_w_o_rule_anchor,dnq_w_o_handcrafted_candidates,dnq_w_o_hard_recovery --out-dir outputs/tits_dynamic_graph_expanded/randomized_attribution_confirmatory_20260710/s_curve_scaled/n8/seed6104 --num-agents 8 --seed 6104 --max-steps 600 --finish-mode steps --observation-type telemetry_dynamic --env-max-neighbors 0 --track-path tracks/s_curve_scaled.npz --traffic-profile slow_traffic --randomize-scenario --no-gif --device cuda:0"
s_curve_scaled_n8_seed6105,tracks/s_curve_scaled.npz,8,6105,PASS,0,597.2653312683105,outputs/tits_dynamic_graph_expanded/randomized_attribution_confirmatory_20260710/s_curve_scaled/n8/seed6105,outputs/tits_dynamic_graph_expanded/randomized_attribution_confirmatory_20260710/logs/s_curve_scaled_n8_seed6105.log,,"/home/itrc/.conda/envs/vlm_planner/bin/python scripts/run_tits_dynamic_graph_evaluation.py --config configs/tits_dnq_attribution_ablation_20260710.json --algorithms dnq_dlc_full,dnq_w_o_dynamic_selection,dnq_nearest_neighbor,dnq_w_o_quality_proposal,dnq_w_o_risk_uncertainty,dnq_w_o_safety_quality,dnq_w_o_rule_anchor,dnq_w_o_handcrafted_candidates,dnq_w_o_hard_recovery --out-dir outputs/tits_dynamic_graph_expanded/randomized_attribution_confirmatory_20260710/s_curve_scaled/n8/seed6105 --num-agents 8 --seed 6105 --max-steps 600 --finish-mode steps --observation-type telemetry_dynamic --env-max-neighbors 0 --track-path tracks/s_curve_scaled.npz --traffic-profile slow_traffic --randomize-scenario --no-gif --device cuda:0"
s_curve_scaled_n8_seed6106,tracks/s_curve_scaled.npz,8,6106,PASS,0,653.4116361141205,outputs/tits_dynamic_graph_expanded/randomized_attribution_confirmatory_20260710/s_curve_scaled/n8/seed6106,outputs/tits_dynamic_graph_expanded/randomized_attribution_confirmatory_20260710/logs/s_curve_scaled_n8_seed6106.log,,"/home/itrc/.conda/envs/vlm_planner/bin/python scripts/run_tits_dynamic_graph_evaluation.py --config configs/tits_dnq_attribution_ablation_20260710.json --algorithms dnq_dlc_full,dnq_w_o_dynamic_selection,dnq_nearest_neighbor,dnq_w_o_quality_proposal,dnq_w_o_risk_uncertainty,dnq_w_o_safety_quality,dnq_w_o_rule_anchor,dnq_w_o_handcrafted_candidates,dnq_w_o_hard_recovery --out-dir outputs/tits_dynamic_graph_expanded/randomized_attribution_confirmatory_20260710/s_curve_scaled/n8/seed6106 --num-agents 8 --seed 6106 --max-steps 600 --finish-mode steps --observation-type telemetry_dynamic --env-max-neighbors 0 --track-path tracks/s_curve_scaled.npz --traffic-profile slow_traffic --randomize-scenario --no-gif --device cuda:0"
s_curve_scaled_n8_seed6107,tracks/s_curve_scaled.npz,8,6107,PASS,0,725.3316588401794,outputs/tits_dynamic_graph_expanded/randomized_attribution_confirmatory_20260710/s_curve_scaled/n8/seed6107,outputs/tits_dynamic_graph_expanded/randomized_attribution_confirmatory_20260710/logs/s_curve_scaled_n8_seed6107.log,,"/home/itrc/.conda/envs/vlm_planner/bin/python scripts/run_tits_dynamic_graph_evaluation.py --config configs/tits_dnq_attribution_ablation_20260710.json --algorithms dnq_dlc_full,dnq_w_o_dynamic_selection,dnq_nearest_neighbor,dnq_w_o_quality_proposal,dnq_w_o_risk_uncertainty,dnq_w_o_safety_quality,dnq_w_o_rule_anchor,dnq_w_o_handcrafted_candidates,dnq_w_o_hard_recovery --out-dir outputs/tits_dynamic_graph_expanded/randomized_attribution_confirmatory_20260710/s_curve_scaled/n8/seed6107 --num-agents 8 --seed 6107 --max-steps 600 --finish-mode steps --observation-type telemetry_dynamic --env-max-neighbors 0 --track-path tracks/s_curve_scaled.npz --traffic-profile slow_traffic --randomize-scenario --no-gif --device cuda:0"
s_curve_scaled_n8_seed6108,tracks/s_curve_scaled.npz,8,6108,PASS,0,708.6127631664276,outputs/tits_dynamic_graph_expanded/randomized_attribution_confirmatory_20260710/s_curve_scaled/n8/seed6108,outputs/tits_dynamic_graph_expanded/randomized_attribution_confirmatory_20260710/logs/s_curve_scaled_n8_seed6108.log,,"/home/itrc/.conda/envs/vlm_planner/bin/python scripts/run_tits_dynamic_graph_evaluation.py --config configs/tits_dnq_attribution_ablation_20260710.json --algorithms dnq_dlc_full,dnq_w_o_dynamic_selection,dnq_nearest_neighbor,dnq_w_o_quality_proposal,dnq_w_o_risk_uncertainty,dnq_w_o_safety_quality,dnq_w_o_rule_anchor,dnq_w_o_handcrafted_candidates,dnq_w_o_hard_recovery --out-dir outputs/tits_dynamic_graph_expanded/randomized_attribution_confirmatory_20260710/s_curve_scaled/n8/seed6108 --num-agents 8 --seed 6108 --max-steps 600 --finish-mode steps --observation-type telemetry_dynamic --env-max-neighbors 0 --track-path tracks/s_curve_scaled.npz --traffic-profile slow_traffic --randomize-scenario --no-gif --device cuda:0"
